modelId,brandId,brandName,modelName,vehicleClassCodes,status,publishable,providerLane,providerMake,providerModelFamily,providerModelYear,exactMatchReview,currentImageUrl,targetAssetPath,requestedPaintDescription,requestedAngle,requestedZoomType,requestedFileType,requestedWidth
vehicle-mercedes-s,brand-mercedes,奔驰,S级,passenger_car,approved,true,owned_reviewed_asset,奔驰,S级,,passed,/assets/used-cars/owner-models/vehicle-mercedes-s.webp,/assets/used-cars/owner-models/vehicle-mercedes-s.webp,white,28,relative,webp,800
vehicle-mercedes-e,brand-mercedes,奔驰,E级,passenger_car,approved,true,owned_reviewed_asset,奔驰,E级,,passed,/assets/used-cars/owner-models/vehicle-mercedes-e.webp,/assets/used-cars/owner-models/vehicle-mercedes-e.webp,white,28,relative,webp,800
vehicle-mercedes-glc,brand-mercedes,奔驰,GLC,passenger_car,approved,true,owned_reviewed_asset,奔驰,GLC,,passed,/assets/used-cars/owner-models/vehicle-mercedes-glc.webp,/assets/used-cars/owner-models/vehicle-mercedes-glc.webp,white,28,relative,webp,800
vehicle-mercedes-a,brand-mercedes,奔驰,A级,passenger_car,approved,true,owned_reviewed_asset,奔驰,A级,,passed,/assets/used-cars/owner-presentation-v2/vehicle-mercedes-a.webp,/assets/used-cars/owner-presentation-v2/vehicle-mercedes-a.webp,white,28,relative,webp,800
vehicle-mercedes-b,brand-mercedes,奔驰,B级,passenger_car,approved,true,owned_reviewed_asset,奔驰,B级,,passed,/assets/used-cars/owner-presentation-v2/vehicle-mercedes-b.webp,/assets/used-cars/owner-presentation-v2/vehicle-mercedes-b.webp,white,28,relative,webp,800
vehicle-mercedes-c,brand-mercedes,奔驰,C级,passenger_car,approved,true,owned_reviewed_asset,奔驰,C级,,passed,/assets/used-cars/owner-presentation-v2/vehicle-mercedes-c.webp,/assets/used-cars/owner-presentation-v2/vehicle-mercedes-c.webp,white,28,relative,webp,800
vehicle-mercedes-cla,brand-mercedes,奔驰,CLA,passenger_car,approved,true,owned_reviewed_asset,奔驰,CLA,,passed,/assets/used-cars/owner-presentation-v2/vehicle-mercedes-cla.webp,/assets/used-cars/owner-presentation-v2/vehicle-mercedes-cla.webp,white,28,relative,webp,800
vehicle-mercedes-cls,brand-mercedes,奔驰,CLS,passenger_car,approved,true,owned_reviewed_asset,奔驰,CLS,,passed,/assets/used-cars/owner-presentation-v2/vehicle-mercedes-cls.webp,/assets/used-cars/owner-presentation-v2/vehicle-mercedes-cls.webp,white,28,relative,webp,800
vehicle-mercedes-gla,brand-mercedes,奔驰,GLA,passenger_car,approved,true,owned_reviewed_asset,奔驰,GLA,,passed,/assets/used-cars/owner-presentation-v2/vehicle-mercedes-gla.webp,/assets/used-cars/owner-presentation-v2/vehicle-mercedes-gla.webp,white,28,relative,webp,800
vehicle-mercedes-glb,brand-mercedes,奔驰,GLB,passenger_car,approved,true,owned_reviewed_asset,奔驰,GLB,,passed,/assets/used-cars/owner-presentation-v2/vehicle-mercedes-glb.webp,/assets/used-cars/owner-presentation-v2/vehicle-mercedes-glb.webp,white,28,relative,webp,800
vehicle-mercedes-gle,brand-mercedes,奔驰,GLE,passenger_car,approved,true,owned_reviewed_asset,奔驰,GLE,,passed,/assets/used-cars/owner-presentation-v2/vehicle-mercedes-gle.webp,/assets/used-cars/owner-presentation-v2/vehicle-mercedes-gle.webp,white,28,relative,webp,800
vehicle-mercedes-gls,brand-mercedes,奔驰,GLS,passenger_car,approved,true,owned_reviewed_asset,奔驰,GLS,,passed,/assets/used-cars/owner-presentation-v2/vehicle-mercedes-gls.webp,/assets/used-cars/owner-presentation-v2/vehicle-mercedes-gls.webp,white,28,relative,webp,800
vehicle-mercedes-g,brand-mercedes,奔驰,G级,passenger_car,approved,true,owned_reviewed_asset,奔驰,G级,,passed,/assets/used-cars/owner-presentation-v2/vehicle-mercedes-g.webp,/assets/used-cars/owner-presentation-v2/vehicle-mercedes-g.webp,white,28,relative,webp,800
vehicle-mercedes-v,brand-mercedes,奔驰,V级,passenger_car,approved,true,owned_reviewed_asset,奔驰,V级,,passed,/assets/used-cars/owner-presentation-v2/vehicle-mercedes-v.webp,/assets/used-cars/owner-presentation-v2/vehicle-mercedes-v.webp,white,28,relative,webp,800
vehicle-mercedes-vito,brand-mercedes,奔驰,威霆,passenger_car,approved,true,owned_reviewed_asset,奔驰,威霆,,passed,/assets/used-cars/owner-presentation-v2/vehicle-mercedes-vito.webp,/assets/used-cars/owner-presentation-v2/vehicle-mercedes-vito.webp,white,28,relative,webp,800
vehicle-mercedes-eqc,brand-mercedes,奔驰,EQC,passenger_car,approved,true,owned_reviewed_asset,奔驰,EQC,,passed,/assets/used-cars/owner-presentation-v2/vehicle-mercedes-eqc.webp,/assets/used-cars/owner-presentation-v2/vehicle-mercedes-eqc.webp,white,28,relative,webp,800
vehicle-mercedes-eqa,brand-mercedes,奔驰,EQA,passenger_car,approved,true,owned_reviewed_asset,奔驰,EQA,,passed,/assets/used-cars/owner-presentation-v2/vehicle-mercedes-eqa.webp,/assets/used-cars/owner-presentation-v2/vehicle-mercedes-eqa.webp,white,28,relative,webp,800
vehicle-mercedes-eqb,brand-mercedes,奔驰,EQB,passenger_car,approved,true,owned_reviewed_asset,奔驰,EQB,,passed,/assets/used-cars/owner-presentation-v2/vehicle-mercedes-eqb.webp,/assets/used-cars/owner-presentation-v2/vehicle-mercedes-eqb.webp,white,28,relative,webp,800
vehicle-mercedes-eqe,brand-mercedes,奔驰,EQE,passenger_car,approved,true,owned_reviewed_asset,奔驰,EQE,,passed,/assets/used-cars/owner-presentation-v2/vehicle-mercedes-eqe.webp,/assets/used-cars/owner-presentation-v2/vehicle-mercedes-eqe.webp,white,28,relative,webp,800
vehicle-mercedes-eqe-suv,brand-mercedes,奔驰,EQE SUV,passenger_car,approved,true,owned_reviewed_asset,奔驰,EQE SUV,,passed,/assets/used-cars/owner-presentation-v2/vehicle-mercedes-eqe-suv.webp,/assets/used-cars/owner-presentation-v2/vehicle-mercedes-eqe-suv.webp,white,28,relative,webp,800
vehicle-mercedes-eqs,brand-mercedes,奔驰,EQS,passenger_car,approved,true,owned_reviewed_asset,奔驰,EQS,,passed,/assets/used-cars/owner-presentation-v2/vehicle-mercedes-eqs.webp,/assets/used-cars/owner-presentation-v2/vehicle-mercedes-eqs.webp,white,28,relative,webp,800
vehicle-mercedes-eqs-suv,brand-mercedes,奔驰,EQS SUV,passenger_car,approved,true,owned_reviewed_asset,奔驰,EQS SUV,,passed,/assets/used-cars/owner-presentation-v2/vehicle-mercedes-eqs-suv.webp,/assets/used-cars/owner-presentation-v2/vehicle-mercedes-eqs-suv.webp,white,28,relative,webp,800
vehicle-mercedes-sl,brand-mercedes,奔驰,SL,passenger_car,approved,true,owned_reviewed_asset,奔驰,SL,,passed,/assets/used-cars/owner-presentation-v2/vehicle-mercedes-sl.webp,/assets/used-cars/owner-presentation-v2/vehicle-mercedes-sl.webp,white,28,relative,webp,800
vehicle-mercedes-slc,brand-mercedes,奔驰,SLC,passenger_car,approved,true,owned_reviewed_asset,奔驰,SLC,,passed,/assets/used-cars/owner-presentation-v2/vehicle-mercedes-slc.webp,/assets/used-cars/owner-presentation-v2/vehicle-mercedes-slc.webp,white,28,relative,webp,800
vehicle-mercedes-slk,brand-mercedes,奔驰,SLK,passenger_car,approved,true,owned_reviewed_asset,奔驰,SLK,,passed,/assets/used-cars/owner-presentation-v2/vehicle-mercedes-slk.webp,/assets/used-cars/owner-presentation-v2/vehicle-mercedes-slk.webp,white,28,relative,webp,800
vehicle-mercedes-glk,brand-mercedes,奔驰,GLK,passenger_car,approved,true,owned_reviewed_asset,奔驰,GLK,,passed,/assets/used-cars/owner-presentation-v2/vehicle-mercedes-glk.webp,/assets/used-cars/owner-presentation-v2/vehicle-mercedes-glk.webp,white,28,relative,webp,800
vehicle-mercedes-ml,brand-mercedes,奔驰,ML级,passenger_car,approved,true,owned_reviewed_asset,奔驰,ML级,,passed,/assets/used-cars/owner-presentation-v2/vehicle-mercedes-ml.webp,/assets/used-cars/owner-presentation-v2/vehicle-mercedes-ml.webp,white,28,relative,webp,800
vehicle-mercedes-gl,brand-mercedes,奔驰,GL级,passenger_car,approved,true,owned_reviewed_asset,奔驰,GL级,,passed,/assets/used-cars/owner-presentation-v2/vehicle-mercedes-gl.webp,/assets/used-cars/owner-presentation-v2/vehicle-mercedes-gl.webp,white,28,relative,webp,800
vehicle-mercedes-r,brand-mercedes,奔驰,R级,passenger_car,approved,true,owned_reviewed_asset,奔驰,R级,,passed,/assets/used-cars/owner-presentation-v2/vehicle-mercedes-r.webp,/assets/used-cars/owner-presentation-v2/vehicle-mercedes-r.webp,white,28,relative,webp,800
vehicle-mercedes-amg-gt,brand-mercedes,奔驰,AMG GT,passenger_car,approved,true,owned_reviewed_asset,奔驰,AMG GT,,passed,/assets/used-cars/owner-presentation-v2/vehicle-mercedes-amg-gt.webp,/assets/used-cars/owner-presentation-v2/vehicle-mercedes-amg-gt.webp,white,28,relative,webp,800
vehicle-bmw-3,brand-bmw,宝马,3系,passenger_car,approved,true,owned_reviewed_asset,宝马,3系,,passed,/assets/used-cars/owner-models/vehicle-bmw-3.webp,/assets/used-cars/owner-models/vehicle-bmw-3.webp,white,28,relative,webp,800
vehicle-bmw-5,brand-bmw,宝马,5系,passenger_car,approved,true,owned_reviewed_asset,宝马,5系,,passed,/assets/used-cars/owner-models/vehicle-bmw-5.webp,/assets/used-cars/owner-models/vehicle-bmw-5.webp,white,28,relative,webp,800
vehicle-bmw-x3,brand-bmw,宝马,X3,passenger_car,approved,true,owned_reviewed_asset,宝马,X3,,passed,/assets/used-cars/owner-models/vehicle-bmw-x3.webp,/assets/used-cars/owner-models/vehicle-bmw-x3.webp,white,28,relative,webp,800
vehicle-bmw-1,brand-bmw,宝马,1系,passenger_car,approved,true,owned_reviewed_asset,宝马,1系,,passed,/assets/used-cars/owner-presentation-v2/vehicle-bmw-1.webp,/assets/used-cars/owner-presentation-v2/vehicle-bmw-1.webp,white,28,relative,webp,800
vehicle-bmw-2,brand-bmw,宝马,2系,passenger_car,approved,true,owned_reviewed_asset,宝马,2系,,passed,/assets/used-cars/owner-presentation-v2/vehicle-bmw-2.webp,/assets/used-cars/owner-presentation-v2/vehicle-bmw-2.webp,white,28,relative,webp,800
vehicle-bmw-4,brand-bmw,宝马,4系,passenger_car,approved,true,owned_reviewed_asset,宝马,4系,,passed,/assets/used-cars/owner-presentation-v2/vehicle-bmw-4.webp,/assets/used-cars/owner-presentation-v2/vehicle-bmw-4.webp,white,28,relative,webp,800
vehicle-bmw-6,brand-bmw,宝马,6系,passenger_car,approved,true,owned_reviewed_asset,宝马,6系,,passed,/assets/used-cars/owner-presentation-v2/vehicle-bmw-6.webp,/assets/used-cars/owner-presentation-v2/vehicle-bmw-6.webp,white,28,relative,webp,800
vehicle-bmw-7,brand-bmw,宝马,7系,passenger_car,approved,true,owned_reviewed_asset,宝马,7系,,passed,/assets/used-cars/owner-presentation-v2/vehicle-bmw-7.webp,/assets/used-cars/owner-presentation-v2/vehicle-bmw-7.webp,white,28,relative,webp,800
vehicle-bmw-8,brand-bmw,宝马,8系,passenger_car,approved,true,owned_reviewed_asset,宝马,8系,,passed,/assets/used-cars/owner-presentation-v2/vehicle-bmw-8.webp,/assets/used-cars/owner-presentation-v2/vehicle-bmw-8.webp,white,28,relative,webp,800
vehicle-bmw-x1,brand-bmw,宝马,X1,passenger_car,approved,true,owned_reviewed_asset,宝马,X1,,passed,/assets/used-cars/owner-presentation-v2/vehicle-bmw-x1.webp,/assets/used-cars/owner-presentation-v2/vehicle-bmw-x1.webp,white,28,relative,webp,800
vehicle-bmw-x2,brand-bmw,宝马,X2,passenger_car,approved,true,owned_reviewed_asset,宝马,X2,,passed,/assets/used-cars/owner-presentation-v2/vehicle-bmw-x2.webp,/assets/used-cars/owner-presentation-v2/vehicle-bmw-x2.webp,white,28,relative,webp,800
vehicle-bmw-x4,brand-bmw,宝马,X4,passenger_car,approved,true,owned_reviewed_asset,宝马,X4,,passed,/assets/used-cars/owner-presentation-v2/vehicle-bmw-x4.webp,/assets/used-cars/owner-presentation-v2/vehicle-bmw-x4.webp,white,28,relative,webp,800
vehicle-bmw-x5,brand-bmw,宝马,X5,passenger_car,approved,true,owned_reviewed_asset,宝马,X5,,passed,/assets/used-cars/owner-presentation-v2/vehicle-bmw-x5.webp,/assets/used-cars/owner-presentation-v2/vehicle-bmw-x5.webp,white,28,relative,webp,800
vehicle-bmw-x6,brand-bmw,宝马,X6,passenger_car,approved,true,owned_reviewed_asset,宝马,X6,,passed,/assets/used-cars/owner-presentation-v2/vehicle-bmw-x6.webp,/assets/used-cars/owner-presentation-v2/vehicle-bmw-x6.webp,white,28,relative,webp,800
vehicle-bmw-x7,brand-bmw,宝马,X7,passenger_car,approved,true,owned_reviewed_asset,宝马,X7,,passed,/assets/used-cars/owner-presentation-v2/vehicle-bmw-x7.webp,/assets/used-cars/owner-presentation-v2/vehicle-bmw-x7.webp,white,28,relative,webp,800
vehicle-bmw-z4,brand-bmw,宝马,Z4,passenger_car,approved,true,owned_reviewed_asset,宝马,Z4,,passed,/assets/used-cars/owner-presentation-v2/vehicle-bmw-z4.webp,/assets/used-cars/owner-presentation-v2/vehicle-bmw-z4.webp,white,28,relative,webp,800
vehicle-bmw-i3,brand-bmw,宝马,i3,passenger_car,approved,true,owned_reviewed_asset,宝马,i3,,passed,/assets/used-cars/owner-presentation-v2/vehicle-bmw-i3.webp,/assets/used-cars/owner-presentation-v2/vehicle-bmw-i3.webp,white,28,relative,webp,800
vehicle-bmw-i4,brand-bmw,宝马,i4,passenger_car,approved,true,owned_reviewed_asset,宝马,i4,,passed,/assets/used-cars/owner-presentation-v2/vehicle-bmw-i4.webp,/assets/used-cars/owner-presentation-v2/vehicle-bmw-i4.webp,white,28,relative,webp,800
vehicle-bmw-i5,brand-bmw,宝马,i5,passenger_car,approved,true,owned_reviewed_asset,宝马,i5,,passed,/assets/used-cars/owner-presentation-v2/vehicle-bmw-i5.webp,/assets/used-cars/owner-presentation-v2/vehicle-bmw-i5.webp,white,28,relative,webp,800
vehicle-bmw-i7,brand-bmw,宝马,i7,passenger_car,approved,true,owned_reviewed_asset,宝马,i7,,passed,/assets/used-cars/owner-presentation-v2/vehicle-bmw-i7.webp,/assets/used-cars/owner-presentation-v2/vehicle-bmw-i7.webp,white,28,relative,webp,800
vehicle-bmw-ix,brand-bmw,宝马,iX,passenger_car,approved,true,owned_reviewed_asset,宝马,iX,,passed,/assets/used-cars/owner-presentation-v2/vehicle-bmw-ix.webp,/assets/used-cars/owner-presentation-v2/vehicle-bmw-ix.webp,white,28,relative,webp,800
vehicle-bmw-ix1,brand-bmw,宝马,iX1,passenger_car,approved,true,owned_reviewed_asset,宝马,iX1,,passed,/assets/used-cars/owner-presentation-v2/vehicle-bmw-ix1.webp,/assets/used-cars/owner-presentation-v2/vehicle-bmw-ix1.webp,white,28,relative,webp,800
vehicle-bmw-ix3,brand-bmw,宝马,iX3,passenger_car,approved,true,owned_reviewed_asset,宝马,iX3,,passed,/assets/used-cars/owner-presentation-v2/vehicle-bmw-ix3.webp,/assets/used-cars/owner-presentation-v2/vehicle-bmw-ix3.webp,white,28,relative,webp,800
vehicle-bmw-i8,brand-bmw,宝马,i8,passenger_car,approved,true,owned_reviewed_asset,宝马,i8,,passed,/assets/used-cars/owner-presentation-v2/vehicle-bmw-i8.webp,/assets/used-cars/owner-presentation-v2/vehicle-bmw-i8.webp,white,28,relative,webp,800
vehicle-bmw-m2,brand-bmw,宝马,M2,passenger_car,approved,true,owned_reviewed_asset,宝马,M2,,passed,/assets/used-cars/owner-presentation-v2/vehicle-bmw-m2.webp,/assets/used-cars/owner-presentation-v2/vehicle-bmw-m2.webp,white,28,relative,webp,800
vehicle-bmw-m3,brand-bmw,宝马,M3,passenger_car,approved,true,owned_reviewed_asset,宝马,M3,,passed,/assets/used-cars/owner-presentation-v2/vehicle-bmw-m3.webp,/assets/used-cars/owner-presentation-v2/vehicle-bmw-m3.webp,white,28,relative,webp,800
vehicle-bmw-m4,brand-bmw,宝马,M4,passenger_car,approved,true,owned_reviewed_asset,宝马,M4,,passed,/assets/used-cars/owner-presentation-v2/vehicle-bmw-m4.webp,/assets/used-cars/owner-presentation-v2/vehicle-bmw-m4.webp,white,28,relative,webp,800
vehicle-bmw-m5,brand-bmw,宝马,M5,passenger_car,approved,true,owned_reviewed_asset,宝马,M5,,passed,/assets/used-cars/owner-presentation-v2/vehicle-bmw-m5.webp,/assets/used-cars/owner-presentation-v2/vehicle-bmw-m5.webp,white,28,relative,webp,800
vehicle-bmw-xm,brand-bmw,宝马,XM,passenger_car,approved,true,owned_reviewed_asset,宝马,XM,,passed,/assets/used-cars/owner-presentation-v2/vehicle-bmw-xm.webp,/assets/used-cars/owner-presentation-v2/vehicle-bmw-xm.webp,white,28,relative,webp,800
vehicle-audi-a4l,brand-audi,奥迪,A4L,passenger_car,approved,true,owned_reviewed_asset,奥迪,A4L,,passed,/assets/used-cars/owner-models/vehicle-audi-a4l.webp,/assets/used-cars/owner-models/vehicle-audi-a4l.webp,white,28,relative,webp,800
vehicle-audi-a6l,brand-audi,奥迪,A6L,passenger_car,approved,true,owned_reviewed_asset,奥迪,A6L,,passed,/assets/used-cars/owner-models/vehicle-audi-a6l.webp,/assets/used-cars/owner-models/vehicle-audi-a6l.webp,white,28,relative,webp,800
vehicle-audi-q5l,brand-audi,奥迪,Q5L,passenger_car,approved,true,owned_reviewed_asset,奥迪,Q5L,,passed,/assets/used-cars/owner-models/vehicle-audi-q5l.webp,/assets/used-cars/owner-models/vehicle-audi-q5l.webp,white,28,relative,webp,800
vehicle-audi-a1,brand-audi,奥迪,A1,passenger_car,approved,true,owned_reviewed_asset,奥迪,A1,,passed,/assets/used-cars/owner-presentation-v2/vehicle-audi-a1.webp,/assets/used-cars/owner-presentation-v2/vehicle-audi-a1.webp,white,28,relative,webp,800
vehicle-audi-a3,brand-audi,奥迪,A3,passenger_car,approved,true,owned_reviewed_asset,奥迪,A3,,passed,/assets/used-cars/owner-presentation-v2/vehicle-audi-a3.webp,/assets/used-cars/owner-presentation-v2/vehicle-audi-a3.webp,white,28,relative,webp,800
vehicle-audi-a4,brand-audi,奥迪,A4,passenger_car,approved,true,owned_reviewed_asset,奥迪,A4,,passed,/assets/used-cars/owner-presentation-v2/vehicle-audi-a4.webp,/assets/used-cars/owner-presentation-v2/vehicle-audi-a4.webp,white,28,relative,webp,800
vehicle-audi-a5,brand-audi,奥迪,A5,passenger_car,approved,true,owned_reviewed_asset,奥迪,A5,,passed,/assets/used-cars/owner-presentation-v2/vehicle-audi-a5.webp,/assets/used-cars/owner-presentation-v2/vehicle-audi-a5.webp,white,28,relative,webp,800
vehicle-audi-a5l,brand-audi,奥迪,A5L,passenger_car,approved,true,owned_reviewed_asset,奥迪,A5L,,passed,/assets/used-cars/owner-presentation-v2/vehicle-audi-a5l.webp,/assets/used-cars/owner-presentation-v2/vehicle-audi-a5l.webp,white,28,relative,webp,800
vehicle-audi-a6,brand-audi,奥迪,A6,passenger_car,approved,true,owned_reviewed_asset,奥迪,A6,,passed,/assets/used-cars/owner-presentation-v2/vehicle-audi-a6.webp,/assets/used-cars/owner-presentation-v2/vehicle-audi-a6.webp,white,28,relative,webp,800
vehicle-audi-a7,brand-audi,奥迪,A7,passenger_car,approved,true,owned_reviewed_asset,奥迪,A7,,passed,/assets/used-cars/owner-presentation-v2/vehicle-audi-a7.webp,/assets/used-cars/owner-presentation-v2/vehicle-audi-a7.webp,white,28,relative,webp,800
vehicle-audi-a7l,brand-audi,奥迪,A7L,passenger_car,approved,true,owned_reviewed_asset,奥迪,A7L,,passed,/assets/used-cars/owner-presentation-v2/vehicle-audi-a7l.webp,/assets/used-cars/owner-presentation-v2/vehicle-audi-a7l.webp,white,28,relative,webp,800
vehicle-audi-a8l,brand-audi,奥迪,A8L,passenger_car,approved,true,owned_reviewed_asset,奥迪,A8L,,passed,/assets/used-cars/owner-presentation-v2/vehicle-audi-a8l.webp,/assets/used-cars/owner-presentation-v2/vehicle-audi-a8l.webp,white,28,relative,webp,800
vehicle-audi-q2l,brand-audi,奥迪,Q2L,passenger_car,approved,true,owned_reviewed_asset,奥迪,Q2L,,passed,/assets/used-cars/owner-presentation-v2/vehicle-audi-q2l.webp,/assets/used-cars/owner-presentation-v2/vehicle-audi-q2l.webp,white,28,relative,webp,800
vehicle-audi-q3,brand-audi,奥迪,Q3,passenger_car,approved,true,owned_reviewed_asset,奥迪,Q3,,passed,/assets/used-cars/owner-presentation-v2/vehicle-audi-q3.webp,/assets/used-cars/owner-presentation-v2/vehicle-audi-q3.webp,white,28,relative,webp,800
vehicle-audi-q5,brand-audi,奥迪,Q5,passenger_car,approved,true,owned_reviewed_asset,奥迪,Q5,,passed,/assets/used-cars/owner-presentation-v2/vehicle-audi-q5.webp,/assets/used-cars/owner-presentation-v2/vehicle-audi-q5.webp,white,28,relative,webp,800
vehicle-audi-q6,brand-audi,奥迪,Q6,passenger_car,approved,true,owned_reviewed_asset,奥迪,Q6,,passed,/assets/used-cars/owner-presentation-v2/vehicle-audi-q6.webp,/assets/used-cars/owner-presentation-v2/vehicle-audi-q6.webp,white,28,relative,webp,800
vehicle-audi-q7,brand-audi,奥迪,Q7,passenger_car,approved,true,owned_reviewed_asset,奥迪,Q7,,passed,/assets/used-cars/owner-presentation-v2/vehicle-audi-q7.webp,/assets/used-cars/owner-presentation-v2/vehicle-audi-q7.webp,white,28,relative,webp,800
vehicle-audi-q8,brand-audi,奥迪,Q8,passenger_car,approved,true,owned_reviewed_asset,奥迪,Q8,,passed,/assets/used-cars/owner-presentation-v2/vehicle-audi-q8.webp,/assets/used-cars/owner-presentation-v2/vehicle-audi-q8.webp,white,28,relative,webp,800
vehicle-audi-q4-e-tron,brand-audi,奥迪,Q4 e-tron,passenger_car,approved,true,owned_reviewed_asset,奥迪,Q4 e-tron,,passed,/assets/used-cars/owner-presentation-v2/vehicle-audi-q4-e-tron.webp,/assets/used-cars/owner-presentation-v2/vehicle-audi-q4-e-tron.webp,white,28,relative,webp,800
vehicle-audi-q5-e-tron,brand-audi,奥迪,Q5 e-tron,passenger_car,approved,true,owned_reviewed_asset,奥迪,Q5 e-tron,,passed,/assets/used-cars/owner-presentation-v2/vehicle-audi-q5-e-tron.webp,/assets/used-cars/owner-presentation-v2/vehicle-audi-q5-e-tron.webp,white,28,relative,webp,800
vehicle-audi-q6l-e-tron,brand-audi,奥迪,Q6L e-tron,passenger_car,approved,true,owned_reviewed_asset,奥迪,Q6L e-tron,,passed,/assets/used-cars/owner-presentation-v2/vehicle-audi-q6l-e-tron.webp,/assets/used-cars/owner-presentation-v2/vehicle-audi-q6l-e-tron.webp,white,28,relative,webp,800
vehicle-audi-e-tron,brand-audi,奥迪,e-tron,passenger_car,approved,true,owned_reviewed_asset,奥迪,e-tron,,passed,/assets/used-cars/owner-presentation-v2/vehicle-audi-e-tron.webp,/assets/used-cars/owner-presentation-v2/vehicle-audi-e-tron.webp,white,28,relative,webp,800
vehicle-audi-e-tron-gt,brand-audi,奥迪,e-tron GT,passenger_car,approved,true,owned_reviewed_asset,奥迪,e-tron GT,,passed,/assets/used-cars/owner-presentation-v2/vehicle-audi-e-tron-gt.webp,/assets/used-cars/owner-presentation-v2/vehicle-audi-e-tron-gt.webp,white,28,relative,webp,800
vehicle-audi-tt,brand-audi,奥迪,TT,passenger_car,approved,true,owned_reviewed_asset,奥迪,TT,,passed,/assets/used-cars/owner-presentation-v2/vehicle-audi-tt.webp,/assets/used-cars/owner-presentation-v2/vehicle-audi-tt.webp,white,28,relative,webp,800
vehicle-audi-r8,brand-audi,奥迪,R8,passenger_car,approved,true,owned_reviewed_asset,奥迪,R8,,passed,/assets/used-cars/owner-presentation-v2/vehicle-audi-r8.webp,/assets/used-cars/owner-presentation-v2/vehicle-audi-r8.webp,white,28,relative,webp,800
vehicle-audi-s3,brand-audi,奥迪,S3,passenger_car,approved,true,owned_reviewed_asset,奥迪,S3,,passed,/assets/used-cars/owner-presentation-v2/vehicle-audi-s3.webp,/assets/used-cars/owner-presentation-v2/vehicle-audi-s3.webp,white,28,relative,webp,800
vehicle-audi-s4,brand-audi,奥迪,S4,passenger_car,approved,true,owned_reviewed_asset,奥迪,S4,,passed,/assets/used-cars/owner-presentation-v2/vehicle-audi-s4.webp,/assets/used-cars/owner-presentation-v2/vehicle-audi-s4.webp,white,28,relative,webp,800
vehicle-audi-s5,brand-audi,奥迪,S5,passenger_car,approved,true,owned_reviewed_asset,奥迪,S5,,passed,/assets/used-cars/owner-presentation-v2/vehicle-audi-s5.webp,/assets/used-cars/owner-presentation-v2/vehicle-audi-s5.webp,white,28,relative,webp,800
vehicle-audi-s6,brand-audi,奥迪,S6,passenger_car,approved,true,owned_reviewed_asset,奥迪,S6,,passed,/assets/used-cars/owner-presentation-v2/vehicle-audi-s6.webp,/assets/used-cars/owner-presentation-v2/vehicle-audi-s6.webp,white,28,relative,webp,800
vehicle-audi-s7,brand-audi,奥迪,S7,passenger_car,approved,true,owned_reviewed_asset,奥迪,S7,,passed,/assets/used-cars/owner-presentation-v2/vehicle-audi-s7.webp,/assets/used-cars/owner-presentation-v2/vehicle-audi-s7.webp,white,28,relative,webp,800
vehicle-audi-rs3,brand-audi,奥迪,RS 3,passenger_car,approved,true,owned_reviewed_asset,奥迪,RS 3,,passed,/assets/used-cars/owner-presentation-v2/vehicle-audi-rs3.webp,/assets/used-cars/owner-presentation-v2/vehicle-audi-rs3.webp,white,28,relative,webp,800
vehicle-audi-rs4,brand-audi,奥迪,RS 4,passenger_car,approved,true,owned_reviewed_asset,奥迪,RS 4,,passed,/assets/used-cars/owner-presentation-v2/vehicle-audi-rs4.webp,/assets/used-cars/owner-presentation-v2/vehicle-audi-rs4.webp,white,28,relative,webp,800
vehicle-audi-rs5,brand-audi,奥迪,RS 5,passenger_car,approved,true,owned_reviewed_asset,奥迪,RS 5,,passed,/assets/used-cars/owner-presentation-v2/vehicle-audi-rs5.webp,/assets/used-cars/owner-presentation-v2/vehicle-audi-rs5.webp,white,28,relative,webp,800
vehicle-audi-rs6,brand-audi,奥迪,RS 6,passenger_car,approved,true,owned_reviewed_asset,奥迪,RS 6,,passed,/assets/used-cars/owner-presentation-v2/vehicle-audi-rs6.webp,/assets/used-cars/owner-presentation-v2/vehicle-audi-rs6.webp,white,28,relative,webp,800
vehicle-audi-rs7,brand-audi,奥迪,RS 7,passenger_car,approved,true,owned_reviewed_asset,奥迪,RS 7,,passed,/assets/used-cars/owner-presentation-v2/vehicle-audi-rs7.webp,/assets/used-cars/owner-presentation-v2/vehicle-audi-rs7.webp,white,28,relative,webp,800
vehicle-tesla-model-y,brand-tesla,特斯拉,Model Y,passenger_car,approved,true,owned_reviewed_asset,特斯拉,Model Y,,passed,/assets/used-cars/owner-models/vehicle-tesla-model-y.webp,/assets/used-cars/owner-models/vehicle-tesla-model-y.webp,white,28,relative,webp,800
vehicle-tesla-model-3,brand-tesla,特斯拉,Model 3,passenger_car,approved,true,owned_reviewed_asset,特斯拉,Model 3,,passed,/assets/used-cars/owner-presentation-v2/vehicle-tesla-model-3.webp,/assets/used-cars/owner-presentation-v2/vehicle-tesla-model-3.webp,white,28,relative,webp,800
vehicle-tesla-model-s,brand-tesla,特斯拉,Model S,passenger_car,approved,true,owned_reviewed_asset,特斯拉,Model S,,passed,/assets/used-cars/owner-presentation-v2/vehicle-tesla-model-s.webp,/assets/used-cars/owner-presentation-v2/vehicle-tesla-model-s.webp,white,28,relative,webp,800
vehicle-tesla-model-x,brand-tesla,特斯拉,Model X,passenger_car,approved,true,owned_reviewed_asset,特斯拉,Model X,,passed,/assets/used-cars/owner-presentation-v2/vehicle-tesla-model-x.webp,/assets/used-cars/owner-presentation-v2/vehicle-tesla-model-x.webp,white,28,relative,webp,800
vehicle-tesla-model-yl,brand-tesla,特斯拉,Model Y L,passenger_car,approved,true,owned_reviewed_asset,特斯拉,Model Y L,,passed,/assets/used-cars/owner-presentation-v2/vehicle-tesla-model-yl.webp,/assets/used-cars/owner-presentation-v2/vehicle-tesla-model-yl.webp,white,28,relative,webp,800
vehicle-byd-han,brand-byd,比亚迪,汉,passenger_car,approved,true,owned_reviewed_asset,比亚迪,汉,,passed,/assets/used-cars/owner-models/vehicle-byd-han.webp,/assets/used-cars/owner-models/vehicle-byd-han.webp,white,28,relative,webp,800
vehicle-byd-han-l,brand-byd,比亚迪,汉L,passenger_car,approved,true,owned_reviewed_asset,比亚迪,汉L,,passed,/assets/used-cars/owner-presentation-v2/vehicle-byd-han-l.webp,/assets/used-cars/owner-presentation-v2/vehicle-byd-han-l.webp,white,28,relative,webp,800
vehicle-byd-qin,brand-byd,比亚迪,秦,passenger_car,approved,true,owned_reviewed_asset,比亚迪,秦,,passed,/assets/used-cars/owner-presentation-v2/vehicle-byd-qin.webp,/assets/used-cars/owner-presentation-v2/vehicle-byd-qin.webp,white,28,relative,webp,800
vehicle-byd-qin-pro,brand-byd,比亚迪,秦Pro,passenger_car,approved,true,owned_reviewed_asset,比亚迪,秦Pro,,passed,/assets/used-cars/owner-presentation-v2/vehicle-byd-qin-pro.webp,/assets/used-cars/owner-presentation-v2/vehicle-byd-qin-pro.webp,white,28,relative,webp,800
vehicle-byd-qin-plus,brand-byd,比亚迪,秦PLUS,passenger_car,approved,true,owned_reviewed_asset,比亚迪,秦PLUS,,passed,/assets/used-cars/owner-presentation-v2/vehicle-byd-qin-plus.webp,/assets/used-cars/owner-presentation-v2/vehicle-byd-qin-plus.webp,white,28,relative,webp,800
vehicle-byd-qin-l,brand-byd,比亚迪,秦L,passenger_car,approved,true,owned_reviewed_asset,比亚迪,秦L,,passed,/assets/used-cars/owner-presentation-v2/vehicle-byd-qin-l.webp,/assets/used-cars/owner-presentation-v2/vehicle-byd-qin-l.webp,white,28,relative,webp,800
vehicle-byd-tang,brand-byd,比亚迪,唐,passenger_car,approved,true,owned_reviewed_asset,比亚迪,唐,,passed,/assets/used-cars/owner-presentation-v2/vehicle-byd-tang.webp,/assets/used-cars/owner-presentation-v2/vehicle-byd-tang.webp,white,28,relative,webp,800
vehicle-byd-tang-l,brand-byd,比亚迪,唐L,passenger_car,approved,true,owned_reviewed_asset,比亚迪,唐L,,passed,/assets/used-cars/owner-presentation-v2/vehicle-byd-tang-l.webp,/assets/used-cars/owner-presentation-v2/vehicle-byd-tang-l.webp,white,28,relative,webp,800
vehicle-byd-song,brand-byd,比亚迪,宋,passenger_car,approved,true,owned_reviewed_asset,比亚迪,宋,,passed,/assets/used-cars/owner-presentation-v2/vehicle-byd-song.webp,/assets/used-cars/owner-presentation-v2/vehicle-byd-song.webp,white,28,relative,webp,800
vehicle-byd-song-pro,brand-byd,比亚迪,宋Pro,passenger_car,approved,true,owned_reviewed_asset,比亚迪,宋Pro,,passed,/assets/used-cars/owner-presentation-v2/vehicle-byd-song-pro.webp,/assets/used-cars/owner-presentation-v2/vehicle-byd-song-pro.webp,white,28,relative,webp,800
vehicle-byd-song-plus,brand-byd,比亚迪,宋PLUS,passenger_car,approved,true,owned_reviewed_asset,比亚迪,宋PLUS,,passed,/assets/used-cars/owner-presentation-v2/vehicle-byd-song-plus.webp,/assets/used-cars/owner-presentation-v2/vehicle-byd-song-plus.webp,white,28,relative,webp,800
vehicle-byd-song-l,brand-byd,比亚迪,宋L,passenger_car,approved,true,owned_reviewed_asset,比亚迪,宋L,,passed,/assets/used-cars/owner-presentation-v2/vehicle-byd-song-l.webp,/assets/used-cars/owner-presentation-v2/vehicle-byd-song-l.webp,white,28,relative,webp,800
vehicle-byd-song-max,brand-byd,比亚迪,宋MAX,passenger_car,approved,true,owned_reviewed_asset,比亚迪,宋MAX,,passed,/assets/used-cars/owner-presentation-v2/vehicle-byd-song-max.webp,/assets/used-cars/owner-presentation-v2/vehicle-byd-song-max.webp,white,28,relative,webp,800
vehicle-byd-yuan,brand-byd,比亚迪,元,passenger_car,approved,true,owned_reviewed_asset,比亚迪,元,,passed,/assets/used-cars/owner-presentation-v2/vehicle-byd-yuan.webp,/assets/used-cars/owner-presentation-v2/vehicle-byd-yuan.webp,white,28,relative,webp,800
vehicle-byd-yuan-pro,brand-byd,比亚迪,元Pro,passenger_car,approved,true,owned_reviewed_asset,比亚迪,元Pro,,passed,/assets/used-cars/owner-presentation-v2/vehicle-byd-yuan-pro.webp,/assets/used-cars/owner-presentation-v2/vehicle-byd-yuan-pro.webp,white,28,relative,webp,800
vehicle-byd-yuan-plus,brand-byd,比亚迪,元PLUS,passenger_car,approved,true,owned_reviewed_asset,比亚迪,元PLUS,,passed,/assets/used-cars/owner-presentation-v2/vehicle-byd-yuan-plus.webp,/assets/used-cars/owner-presentation-v2/vehicle-byd-yuan-plus.webp,white,28,relative,webp,800
vehicle-byd-yuan-up,brand-byd,比亚迪,元UP,passenger_car,approved,true,owned_reviewed_asset,比亚迪,元UP,,passed,/assets/used-cars/owner-presentation-v2/vehicle-byd-yuan-up.webp,/assets/used-cars/owner-presentation-v2/vehicle-byd-yuan-up.webp,white,28,relative,webp,800
vehicle-byd-seagull,brand-byd,比亚迪,海鸥,passenger_car,approved,true,owned_reviewed_asset,比亚迪,海鸥,,passed,/assets/used-cars/owner-presentation-v2/vehicle-byd-seagull.webp,/assets/used-cars/owner-presentation-v2/vehicle-byd-seagull.webp,white,28,relative,webp,800
vehicle-byd-dolphin,brand-byd,比亚迪,海豚,passenger_car,approved,true,owned_reviewed_asset,比亚迪,海豚,,passed,/assets/used-cars/owner-presentation-v2/vehicle-byd-dolphin.webp,/assets/used-cars/owner-presentation-v2/vehicle-byd-dolphin.webp,white,28,relative,webp,800
vehicle-byd-seal,brand-byd,比亚迪,海豹,passenger_car,approved,true,owned_reviewed_asset,比亚迪,海豹,,passed,/assets/used-cars/owner-presentation-v2/vehicle-byd-seal.webp,/assets/used-cars/owner-presentation-v2/vehicle-byd-seal.webp,white,28,relative,webp,800
vehicle-byd-seal-05,brand-byd,比亚迪,海豹05,passenger_car,approved,true,owned_reviewed_asset,比亚迪,海豹05,,passed,/assets/used-cars/owner-presentation-v2/vehicle-byd-seal-05.webp,/assets/used-cars/owner-presentation-v2/vehicle-byd-seal-05.webp,white,28,relative,webp,800
vehicle-byd-seal-06,brand-byd,比亚迪,海豹06,passenger_car,approved,true,owned_reviewed_asset,比亚迪,海豹06,,passed,/assets/used-cars/owner-presentation-v2/vehicle-byd-seal-06.webp,/assets/used-cars/owner-presentation-v2/vehicle-byd-seal-06.webp,white,28,relative,webp,800
vehicle-byd-seal-07,brand-byd,比亚迪,海豹07,passenger_car,approved,true,owned_reviewed_asset,比亚迪,海豹07,,passed,/assets/used-cars/owner-presentation-v2/vehicle-byd-seal-07.webp,/assets/used-cars/owner-presentation-v2/vehicle-byd-seal-07.webp,white,28,relative,webp,800
vehicle-byd-sealion-05,brand-byd,比亚迪,海狮05,passenger_car,approved,true,owned_reviewed_asset,比亚迪,海狮05,,passed,/assets/used-cars/owner-presentation-v2/vehicle-byd-sealion-05.webp,/assets/used-cars/owner-presentation-v2/vehicle-byd-sealion-05.webp,white,28,relative,webp,800
vehicle-byd-sealion-06,brand-byd,比亚迪,海狮06,passenger_car,approved,true,owned_reviewed_asset,比亚迪,海狮06,,passed,/assets/used-cars/owner-presentation-v2/vehicle-byd-sealion-06.webp,/assets/used-cars/owner-presentation-v2/vehicle-byd-sealion-06.webp,white,28,relative,webp,800
vehicle-byd-sealion-07,brand-byd,比亚迪,海狮07,passenger_car,approved,true,owned_reviewed_asset,比亚迪,海狮07,,passed,/assets/used-cars/owner-presentation-v2/vehicle-byd-sealion-07.webp,/assets/used-cars/owner-presentation-v2/vehicle-byd-sealion-07.webp,white,28,relative,webp,800
vehicle-byd-destroyer-05,brand-byd,比亚迪,驱逐舰05,passenger_car,approved,true,owned_reviewed_asset,比亚迪,驱逐舰05,,passed,/assets/used-cars/owner-presentation-v2/vehicle-byd-destroyer-05.webp,/assets/used-cars/owner-presentation-v2/vehicle-byd-destroyer-05.webp,white,28,relative,webp,800
vehicle-byd-frigate-07,brand-byd,比亚迪,护卫舰07,passenger_car,approved,true,owned_reviewed_asset,比亚迪,护卫舰07,,passed,/assets/used-cars/owner-presentation-v2/vehicle-byd-frigate-07.webp,/assets/used-cars/owner-presentation-v2/vehicle-byd-frigate-07.webp,white,28,relative,webp,800
vehicle-byd-xia,brand-byd,比亚迪,夏,passenger_car,approved,true,owned_reviewed_asset,比亚迪,夏,,passed,/assets/used-cars/owner-presentation-v2/vehicle-byd-xia.webp,/assets/used-cars/owner-presentation-v2/vehicle-byd-xia.webp,white,28,relative,webp,800
vehicle-byd-e1,brand-byd,比亚迪,e1,passenger_car,approved,true,owned_reviewed_asset,比亚迪,e1,,passed,/assets/used-cars/owner-presentation-v2/vehicle-byd-e1.webp,/assets/used-cars/owner-presentation-v2/vehicle-byd-e1.webp,white,28,relative,webp,800
vehicle-byd-e2,brand-byd,比亚迪,e2,passenger_car,approved,true,owned_reviewed_asset,比亚迪,e2,,passed,/assets/used-cars/owner-presentation-v2/vehicle-byd-e2.webp,/assets/used-cars/owner-presentation-v2/vehicle-byd-e2.webp,white,28,relative,webp,800
vehicle-byd-e3,brand-byd,比亚迪,e3,passenger_car,approved,true,owned_reviewed_asset,比亚迪,e3,,passed,/assets/used-cars/owner-presentation-v2/vehicle-byd-e3.webp,/assets/used-cars/owner-presentation-v2/vehicle-byd-e3.webp,white,28,relative,webp,800
vehicle-byd-e5,brand-byd,比亚迪,e5,passenger_car,approved,true,owned_reviewed_asset,比亚迪,e5,,passed,/assets/used-cars/owner-presentation-v2/vehicle-byd-e5.webp,/assets/used-cars/owner-presentation-v2/vehicle-byd-e5.webp,white,28,relative,webp,800
vehicle-byd-e6,brand-byd,比亚迪,e6,passenger_car,approved,true,owned_reviewed_asset,比亚迪,e6,,passed,/assets/used-cars/owner-presentation-v2/vehicle-byd-e6.webp,/assets/used-cars/owner-presentation-v2/vehicle-byd-e6.webp,white,28,relative,webp,800
vehicle-byd-f0,brand-byd,比亚迪,F0,passenger_car,approved,true,owned_reviewed_asset,比亚迪,F0,,passed,/assets/used-cars/owner-presentation-v2/vehicle-byd-f0.webp,/assets/used-cars/owner-presentation-v2/vehicle-byd-f0.webp,white,28,relative,webp,800
vehicle-byd-f3,brand-byd,比亚迪,F3,passenger_car,approved,true,owned_reviewed_asset,比亚迪,F3,,passed,/assets/used-cars/owner-presentation-v2/vehicle-byd-f3.webp,/assets/used-cars/owner-presentation-v2/vehicle-byd-f3.webp,white,28,relative,webp,800
vehicle-byd-f6,brand-byd,比亚迪,F6,passenger_car,approved,true,owned_reviewed_asset,比亚迪,F6,,passed,/assets/used-cars/owner-presentation-v2/vehicle-byd-f6.webp,/assets/used-cars/owner-presentation-v2/vehicle-byd-f6.webp,white,28,relative,webp,800
vehicle-byd-g3,brand-byd,比亚迪,G3,passenger_car,approved,true,owned_reviewed_asset,比亚迪,G3,,passed,/assets/used-cars/owner-presentation-v2/vehicle-byd-g3.webp,/assets/used-cars/owner-presentation-v2/vehicle-byd-g3.webp,white,28,relative,webp,800
vehicle-byd-g6,brand-byd,比亚迪,G6,passenger_car,approved,true,owned_reviewed_asset,比亚迪,G6,,passed,/assets/used-cars/owner-presentation-v2/vehicle-byd-g6.webp,/assets/used-cars/owner-presentation-v2/vehicle-byd-g6.webp,white,28,relative,webp,800
vehicle-byd-l3,brand-byd,比亚迪,L3,passenger_car,approved,true,owned_reviewed_asset,比亚迪,L3,,passed,/assets/used-cars/owner-presentation-v2/vehicle-byd-l3.webp,/assets/used-cars/owner-presentation-v2/vehicle-byd-l3.webp,white,28,relative,webp,800
vehicle-byd-s6,brand-byd,比亚迪,S6,passenger_car,approved,true,owned_reviewed_asset,比亚迪,S6,,passed,/assets/used-cars/owner-presentation-v2/vehicle-byd-s6.webp,/assets/used-cars/owner-presentation-v2/vehicle-byd-s6.webp,white,28,relative,webp,800
vehicle-byd-s7,brand-byd,比亚迪,S7,passenger_car,approved,true,owned_reviewed_asset,比亚迪,S7,,passed,/assets/used-cars/owner-presentation-v2/vehicle-byd-s7.webp,/assets/used-cars/owner-presentation-v2/vehicle-byd-s7.webp,white,28,relative,webp,800
vehicle-byd-surui,brand-byd,比亚迪,速锐,passenger_car,approved,true,owned_reviewed_asset,比亚迪,速锐,,passed,/assets/used-cars/owner-presentation-v2/vehicle-byd-surui.webp,/assets/used-cars/owner-presentation-v2/vehicle-byd-surui.webp,white,28,relative,webp,800
vehicle-byd-sirui,brand-byd,比亚迪,思锐,passenger_car,approved,true,owned_reviewed_asset,比亚迪,思锐,,passed,/assets/used-cars/owner-presentation-v2/vehicle-byd-sirui.webp,/assets/used-cars/owner-presentation-v2/vehicle-byd-sirui.webp,white,28,relative,webp,800
vehicle-li-l7,brand-li,理想,L7,passenger_car,approved,true,owned_reviewed_asset,理想,L7,,passed,/assets/used-cars/owner-models/vehicle-li-l7.webp,/assets/used-cars/owner-models/vehicle-li-l7.webp,white,28,relative,webp,800
vehicle-li-l6,brand-li,理想,L6,passenger_car,approved,true,owned_reviewed_asset,理想,L6,,passed,/assets/used-cars/owner-presentation-v2/vehicle-li-l6.webp,/assets/used-cars/owner-presentation-v2/vehicle-li-l6.webp,white,28,relative,webp,800
vehicle-li-l8,brand-li,理想,L8,passenger_car,approved,true,owned_reviewed_asset,理想,L8,,passed,/assets/used-cars/owner-presentation-v2/vehicle-li-l8.webp,/assets/used-cars/owner-presentation-v2/vehicle-li-l8.webp,white,28,relative,webp,800
vehicle-li-l9,brand-li,理想,L9,passenger_car,approved,true,owned_reviewed_asset,理想,L9,,passed,/assets/used-cars/owner-presentation-v2/vehicle-li-l9.webp,/assets/used-cars/owner-presentation-v2/vehicle-li-l9.webp,white,28,relative,webp,800
vehicle-li-one,brand-li,理想,ONE,passenger_car,approved,true,owned_reviewed_asset,理想,ONE,,passed,/assets/used-cars/owner-presentation-v2/vehicle-li-one.webp,/assets/used-cars/owner-presentation-v2/vehicle-li-one.webp,white,28,relative,webp,800
vehicle-li-mega,brand-li,理想,MEGA,passenger_car,approved,true,owned_reviewed_asset,理想,MEGA,,passed,/assets/used-cars/owner-presentation-v2/vehicle-li-mega.webp,/assets/used-cars/owner-presentation-v2/vehicle-li-mega.webp,white,28,relative,webp,800
vehicle-li-i6,brand-li,理想,i6,passenger_car,approved,true,owned_reviewed_asset,理想,i6,,passed,/assets/used-cars/owner-presentation-v2/vehicle-li-i6.webp,/assets/used-cars/owner-presentation-v2/vehicle-li-i6.webp,white,28,relative,webp,800
vehicle-li-i8,brand-li,理想,i8,passenger_car,approved,true,owned_reviewed_asset,理想,i8,,passed,/assets/used-cars/owner-presentation-v2/vehicle-li-i8.webp,/assets/used-cars/owner-presentation-v2/vehicle-li-i8.webp,white,28,relative,webp,800
vehicle-volkswagen-lavida,brand-volkswagen,大众,朗逸,passenger_car,approved,true,owned_reviewed_asset,大众,朗逸,,passed,/assets/used-cars/owner-presentation-v2/vehicle-volkswagen-lavida.webp,/assets/used-cars/owner-presentation-v2/vehicle-volkswagen-lavida.webp,white,28,relative,webp,800
vehicle-volkswagen-sagitar,brand-volkswagen,大众,速腾,passenger_car,approved,true,owned_reviewed_asset,大众,速腾,,passed,/assets/used-cars/owner-presentation-v2/vehicle-volkswagen-sagitar.webp,/assets/used-cars/owner-presentation-v2/vehicle-volkswagen-sagitar.webp,white,28,relative,webp,800
vehicle-volkswagen-bora,brand-volkswagen,大众,宝来,passenger_car,approved,true,owned_reviewed_asset,大众,宝来,,passed,/assets/used-cars/owner-presentation-v2/vehicle-volkswagen-bora.webp,/assets/used-cars/owner-presentation-v2/vehicle-volkswagen-bora.webp,white,28,relative,webp,800
vehicle-volkswagen-magotan,brand-volkswagen,大众,迈腾,passenger_car,approved,true,owned_reviewed_asset,大众,迈腾,,passed,/assets/used-cars/owner-presentation-v2/vehicle-volkswagen-magotan.webp,/assets/used-cars/owner-presentation-v2/vehicle-volkswagen-magotan.webp,white,28,relative,webp,800
vehicle-volkswagen-passat,brand-volkswagen,大众,帕萨特,passenger_car,approved,true,owned_reviewed_asset,大众,帕萨特,,passed,/assets/used-cars/owner-presentation-v2/vehicle-volkswagen-passat.webp,/assets/used-cars/owner-presentation-v2/vehicle-volkswagen-passat.webp,white,28,relative,webp,800
vehicle-volkswagen-golf,brand-volkswagen,大众,高尔夫,passenger_car,approved,true,owned_reviewed_asset,大众,高尔夫,,passed,/assets/used-cars/owner-presentation-v2/vehicle-volkswagen-golf.webp,/assets/used-cars/owner-presentation-v2/vehicle-volkswagen-golf.webp,white,28,relative,webp,800
vehicle-volkswagen-polo,brand-volkswagen,大众,Polo,passenger_car,approved,true,owned_reviewed_asset,大众,Polo,,passed,/assets/used-cars/owner-presentation-v2/vehicle-volkswagen-polo.webp,/assets/used-cars/owner-presentation-v2/vehicle-volkswagen-polo.webp,white,28,relative,webp,800
vehicle-volkswagen-lamando,brand-volkswagen,大众,凌渡,passenger_car,approved,true,owned_reviewed_asset,大众,凌渡,,passed,/assets/used-cars/owner-presentation-v2/vehicle-volkswagen-lamando.webp,/assets/used-cars/owner-presentation-v2/vehicle-volkswagen-lamando.webp,white,28,relative,webp,800
vehicle-volkswagen-santana,brand-volkswagen,大众,桑塔纳,passenger_car,approved,true,owned_reviewed_asset,大众,桑塔纳,,passed,/assets/used-cars/owner-presentation-v2/vehicle-volkswagen-santana.webp,/assets/used-cars/owner-presentation-v2/vehicle-volkswagen-santana.webp,white,28,relative,webp,800
vehicle-volkswagen-jetta,brand-volkswagen,大众,捷达,passenger_car,approved,true,owned_reviewed_asset,大众,捷达,,passed,/assets/used-cars/owner-presentation-v2/vehicle-volkswagen-jetta.webp,/assets/used-cars/owner-presentation-v2/vehicle-volkswagen-jetta.webp,white,28,relative,webp,800
vehicle-volkswagen-cc,brand-volkswagen,大众,CC,passenger_car,approved,true,owned_reviewed_asset,大众,CC,,passed,/assets/used-cars/owner-presentation-v2/vehicle-volkswagen-cc.webp,/assets/used-cars/owner-presentation-v2/vehicle-volkswagen-cc.webp,white,28,relative,webp,800
vehicle-volkswagen-phaeton,brand-volkswagen,大众,辉腾,passenger_car,approved,true,owned_reviewed_asset,大众,辉腾,,passed,/assets/used-cars/owner-presentation-v2/vehicle-volkswagen-phaeton.webp,/assets/used-cars/owner-presentation-v2/vehicle-volkswagen-phaeton.webp,white,28,relative,webp,800
vehicle-volkswagen-phideon,brand-volkswagen,大众,辉昂,passenger_car,approved,true,owned_reviewed_asset,大众,辉昂,,passed,/assets/used-cars/owner-presentation-v2/vehicle-volkswagen-phideon.webp,/assets/used-cars/owner-presentation-v2/vehicle-volkswagen-phideon.webp,white,28,relative,webp,800
vehicle-volkswagen-beetle,brand-volkswagen,大众,甲壳虫,passenger_car,approved,true,owned_reviewed_asset,大众,甲壳虫,,passed,/assets/used-cars/owner-presentation-v2/vehicle-volkswagen-beetle.webp,/assets/used-cars/owner-presentation-v2/vehicle-volkswagen-beetle.webp,white,28,relative,webp,800
vehicle-volkswagen-tiguan,brand-volkswagen,大众,途观,passenger_car,approved,true,owned_reviewed_asset,大众,途观,,passed,/assets/used-cars/owner-presentation-v2/vehicle-volkswagen-tiguan.webp,/assets/used-cars/owner-presentation-v2/vehicle-volkswagen-tiguan.webp,white,28,relative,webp,800
vehicle-volkswagen-tiguan-l,brand-volkswagen,大众,途观L,passenger_car,approved,true,owned_reviewed_asset,大众,途观L,,passed,/assets/used-cars/owner-presentation-v2/vehicle-volkswagen-tiguan-l.webp,/assets/used-cars/owner-presentation-v2/vehicle-volkswagen-tiguan-l.webp,white,28,relative,webp,800
vehicle-volkswagen-tiguan-x,brand-volkswagen,大众,途观X,passenger_car,approved,true,owned_reviewed_asset,大众,途观X,,passed,/assets/used-cars/owner-presentation-v2/vehicle-volkswagen-tiguan-x.webp,/assets/used-cars/owner-presentation-v2/vehicle-volkswagen-tiguan-x.webp,white,28,relative,webp,800
vehicle-volkswagen-tharu,brand-volkswagen,大众,途岳,passenger_car,approved,true,owned_reviewed_asset,大众,途岳,,passed,/assets/used-cars/owner-presentation-v2/vehicle-volkswagen-tharu.webp,/assets/used-cars/owner-presentation-v2/vehicle-volkswagen-tharu.webp,white,28,relative,webp,800
vehicle-volkswagen-t-cross,brand-volkswagen,大众,途铠,passenger_car,approved,true,owned_reviewed_asset,大众,途铠,,passed,/assets/used-cars/owner-presentation-v2/vehicle-volkswagen-t-cross.webp,/assets/used-cars/owner-presentation-v2/vehicle-volkswagen-t-cross.webp,white,28,relative,webp,800
vehicle-volkswagen-teramont,brand-volkswagen,大众,途昂,passenger_car,approved,true,owned_reviewed_asset,大众,途昂,,passed,/assets/used-cars/owner-presentation-v2/vehicle-volkswagen-teramont.webp,/assets/used-cars/owner-presentation-v2/vehicle-volkswagen-teramont.webp,white,28,relative,webp,800
vehicle-volkswagen-teramont-x,brand-volkswagen,大众,途昂X,passenger_car,approved,true,owned_reviewed_asset,大众,途昂X,,passed,/assets/used-cars/owner-presentation-v2/vehicle-volkswagen-teramont-x.webp,/assets/used-cars/owner-presentation-v2/vehicle-volkswagen-teramont-x.webp,white,28,relative,webp,800
vehicle-volkswagen-tayron,brand-volkswagen,大众,探岳,passenger_car,approved,true,owned_reviewed_asset,大众,探岳,,passed,/assets/used-cars/owner-presentation-v2/vehicle-volkswagen-tayron.webp,/assets/used-cars/owner-presentation-v2/vehicle-volkswagen-tayron.webp,white,28,relative,webp,800
vehicle-volkswagen-tayron-x,brand-volkswagen,大众,探岳X,passenger_car,approved,true,owned_reviewed_asset,大众,探岳X,,passed,/assets/used-cars/owner-presentation-v2/vehicle-volkswagen-tayron-x.webp,/assets/used-cars/owner-presentation-v2/vehicle-volkswagen-tayron-x.webp,white,28,relative,webp,800
vehicle-volkswagen-t-roc,brand-volkswagen,大众,探歌,passenger_car,approved,true,owned_reviewed_asset,大众,探歌,,passed,/assets/used-cars/owner-presentation-v2/vehicle-volkswagen-t-roc.webp,/assets/used-cars/owner-presentation-v2/vehicle-volkswagen-t-roc.webp,white,28,relative,webp,800
vehicle-volkswagen-tacqua,brand-volkswagen,大众,探影,passenger_car,approved,true,owned_reviewed_asset,大众,探影,,passed,/assets/used-cars/owner-presentation-v2/vehicle-volkswagen-tacqua.webp,/assets/used-cars/owner-presentation-v2/vehicle-volkswagen-tacqua.webp,white,28,relative,webp,800
vehicle-volkswagen-talagon,brand-volkswagen,大众,揽境,passenger_car,approved,true,owned_reviewed_asset,大众,揽境,,passed,/assets/used-cars/owner-presentation-v2/vehicle-volkswagen-talagon.webp,/assets/used-cars/owner-presentation-v2/vehicle-volkswagen-talagon.webp,white,28,relative,webp,800
vehicle-volkswagen-tavendor,brand-volkswagen,大众,揽巡,passenger_car,approved,true,owned_reviewed_asset,大众,揽巡,,passed,/assets/used-cars/owner-presentation-v2/vehicle-volkswagen-tavendor.webp,/assets/used-cars/owner-presentation-v2/vehicle-volkswagen-tavendor.webp,white,28,relative,webp,800
vehicle-volkswagen-touareg,brand-volkswagen,大众,途锐,passenger_car,approved,true,owned_reviewed_asset,大众,途锐,,passed,/assets/used-cars/owner-presentation-v2/vehicle-volkswagen-touareg.webp,/assets/used-cars/owner-presentation-v2/vehicle-volkswagen-touareg.webp,white,28,relative,webp,800
vehicle-volkswagen-touran,brand-volkswagen,大众,途安,passenger_car,approved,true,owned_reviewed_asset,大众,途安,,passed,/assets/used-cars/owner-presentation-v2/vehicle-volkswagen-touran.webp,/assets/used-cars/owner-presentation-v2/vehicle-volkswagen-touran.webp,white,28,relative,webp,800
vehicle-volkswagen-touran-l,brand-volkswagen,大众,途安L,passenger_car,approved,true,owned_reviewed_asset,大众,途安L,,passed,/assets/used-cars/owner-presentation-v2/vehicle-volkswagen-touran-l.webp,/assets/used-cars/owner-presentation-v2/vehicle-volkswagen-touran-l.webp,white,28,relative,webp,800
vehicle-volkswagen-viloran,brand-volkswagen,大众,威然,passenger_car,approved,true,owned_reviewed_asset,大众,威然,,passed,/assets/used-cars/owner-presentation-v2/vehicle-volkswagen-viloran.webp,/assets/used-cars/owner-presentation-v2/vehicle-volkswagen-viloran.webp,white,28,relative,webp,800
vehicle-volkswagen-sharan,brand-volkswagen,大众,夏朗,passenger_car,approved,true,owned_reviewed_asset,大众,夏朗,,passed,/assets/used-cars/owner-presentation-v2/vehicle-volkswagen-sharan.webp,/assets/used-cars/owner-presentation-v2/vehicle-volkswagen-sharan.webp,white,28,relative,webp,800
vehicle-volkswagen-multivan,brand-volkswagen,大众,迈特威,passenger_car,approved,true,owned_reviewed_asset,大众,迈特威,,passed,/assets/used-cars/owner-presentation-v2/vehicle-volkswagen-multivan.webp,/assets/used-cars/owner-presentation-v2/vehicle-volkswagen-multivan.webp,white,28,relative,webp,800
vehicle-volkswagen-caravelle,brand-volkswagen,大众,凯路威,passenger_car,approved,true,owned_reviewed_asset,大众,凯路威,,passed,/assets/used-cars/owner-presentation-v2/vehicle-volkswagen-caravelle.webp,/assets/used-cars/owner-presentation-v2/vehicle-volkswagen-caravelle.webp,white,28,relative,webp,800
vehicle-volkswagen-variant,brand-volkswagen,大众,蔚揽,passenger_car,approved,true,owned_reviewed_asset,大众,蔚揽,,passed,/assets/used-cars/owner-presentation-v2/vehicle-volkswagen-variant.webp,/assets/used-cars/owner-presentation-v2/vehicle-volkswagen-variant.webp,white,28,relative,webp,800
vehicle-volkswagen-id3,brand-volkswagen,大众,ID.3,passenger_car,approved,true,owned_reviewed_asset,大众,ID.3,,passed,/assets/used-cars/owner-presentation-v2/vehicle-volkswagen-id3.webp,/assets/used-cars/owner-presentation-v2/vehicle-volkswagen-id3.webp,white,28,relative,webp,800
vehicle-volkswagen-id4x,brand-volkswagen,大众,ID.4 X,passenger_car,approved,true,owned_reviewed_asset,大众,ID.4 X,,passed,/assets/used-cars/owner-presentation-v2/vehicle-volkswagen-id4x.webp,/assets/used-cars/owner-presentation-v2/vehicle-volkswagen-id4x.webp,white,28,relative,webp,800
vehicle-volkswagen-id4-crozz,brand-volkswagen,大众,ID.4 CROZZ,passenger_car,approved,true,owned_reviewed_asset,大众,ID.4 CROZZ,,passed,/assets/used-cars/owner-presentation-v2/vehicle-volkswagen-id4-crozz.webp,/assets/used-cars/owner-presentation-v2/vehicle-volkswagen-id4-crozz.webp,white,28,relative,webp,800
vehicle-volkswagen-id6x,brand-volkswagen,大众,ID.6 X,passenger_car,approved,true,owned_reviewed_asset,大众,ID.6 X,,passed,/assets/used-cars/owner-presentation-v2/vehicle-volkswagen-id6x.webp,/assets/used-cars/owner-presentation-v2/vehicle-volkswagen-id6x.webp,white,28,relative,webp,800
vehicle-volkswagen-id6-crozz,brand-volkswagen,大众,ID.6 CROZZ,passenger_car,approved,true,owned_reviewed_asset,大众,ID.6 CROZZ,,passed,/assets/used-cars/owner-presentation-v2/vehicle-volkswagen-id6-crozz.webp,/assets/used-cars/owner-presentation-v2/vehicle-volkswagen-id6-crozz.webp,white,28,relative,webp,800
vehicle-volkswagen-id7-vizzion,brand-volkswagen,大众,ID.7 VIZZION,passenger_car,approved,true,owned_reviewed_asset,大众,ID.7 VIZZION,,passed,/assets/used-cars/owner-presentation-v2/vehicle-volkswagen-id7-vizzion.webp,/assets/used-cars/owner-presentation-v2/vehicle-volkswagen-id7-vizzion.webp,white,28,relative,webp,800
vehicle-volkswagen-id-unyx,brand-volkswagen,大众,ID.与众,passenger_car,approved,true,owned_reviewed_asset,大众,ID.与众,,passed,/assets/used-cars/owner-presentation-v2/vehicle-volkswagen-id-unyx.webp,/assets/used-cars/owner-presentation-v2/vehicle-volkswagen-id-unyx.webp,white,28,relative,webp,800
vehicle-toyota-corolla,brand-toyota,丰田,卡罗拉,passenger_car,approved,true,owned_reviewed_asset,丰田,卡罗拉,,passed,/assets/used-cars/owner-presentation-v2/vehicle-toyota-corolla.webp,/assets/used-cars/owner-presentation-v2/vehicle-toyota-corolla.webp,white,28,relative,webp,800
vehicle-toyota-levin,brand-toyota,丰田,雷凌,passenger_car,approved,true,owned_reviewed_asset,丰田,雷凌,,passed,/assets/used-cars/owner-presentation-v2/vehicle-toyota-levin.webp,/assets/used-cars/owner-presentation-v2/vehicle-toyota-levin.webp,white,28,relative,webp,800
vehicle-toyota-camry,brand-toyota,丰田,凯美瑞,passenger_car,approved,true,owned_reviewed_asset,丰田,凯美瑞,,passed,/assets/used-cars/owner-presentation-v2/vehicle-toyota-camry.webp,/assets/used-cars/owner-presentation-v2/vehicle-toyota-camry.webp,white,28,relative,webp,800
vehicle-toyota-avalon,brand-toyota,丰田,亚洲龙,passenger_car,approved,true,owned_reviewed_asset,丰田,亚洲龙,,passed,/assets/used-cars/owner-presentation-v2/vehicle-toyota-avalon.webp,/assets/used-cars/owner-presentation-v2/vehicle-toyota-avalon.webp,white,28,relative,webp,800
vehicle-toyota-allion,brand-toyota,丰田,亚洲狮,passenger_car,approved,true,owned_reviewed_asset,丰田,亚洲狮,,passed,/assets/used-cars/owner-presentation-v2/vehicle-toyota-allion.webp,/assets/used-cars/owner-presentation-v2/vehicle-toyota-allion.webp,white,28,relative,webp,800
vehicle-toyota-ling-shang,brand-toyota,丰田,凌尚,passenger_car,approved,true,owned_reviewed_asset,丰田,凌尚,,passed,/assets/used-cars/owner-presentation-v2/vehicle-toyota-ling-shang.webp,/assets/used-cars/owner-presentation-v2/vehicle-toyota-ling-shang.webp,white,28,relative,webp,800
vehicle-toyota-crown,brand-toyota,丰田,皇冠,passenger_car,approved,true,owned_reviewed_asset,丰田,皇冠,,passed,/assets/used-cars/owner-presentation-v2/vehicle-toyota-crown.webp,/assets/used-cars/owner-presentation-v2/vehicle-toyota-crown.webp,white,28,relative,webp,800
vehicle-toyota-crown-sportcross,brand-toyota,丰田,皇冠SportCross,passenger_car,approved,true,owned_reviewed_asset,丰田,皇冠SportCross,,passed,/assets/used-cars/owner-presentation-v2/vehicle-toyota-crown-sportcross.webp,/assets/used-cars/owner-presentation-v2/vehicle-toyota-crown-sportcross.webp,white,28,relative,webp,800
vehicle-toyota-vios,brand-toyota,丰田,威驰,passenger_car,approved,true,owned_reviewed_asset,丰田,威驰,,passed,/assets/used-cars/owner-presentation-v2/vehicle-toyota-vios.webp,/assets/used-cars/owner-presentation-v2/vehicle-toyota-vios.webp,white,28,relative,webp,800
vehicle-toyota-yaris-l,brand-toyota,丰田,致炫,passenger_car,approved,true,owned_reviewed_asset,丰田,致炫,,passed,/assets/used-cars/owner-presentation-v2/vehicle-toyota-yaris-l.webp,/assets/used-cars/owner-presentation-v2/vehicle-toyota-yaris-l.webp,white,28,relative,webp,800
vehicle-toyota-yaris-l-sedan,brand-toyota,丰田,致享,passenger_car,approved,true,owned_reviewed_asset,丰田,致享,,passed,/assets/used-cars/owner-presentation-v2/vehicle-toyota-yaris-l-sedan.webp,/assets/used-cars/owner-presentation-v2/vehicle-toyota-yaris-l-sedan.webp,white,28,relative,webp,800
vehicle-toyota-yaris,brand-toyota,丰田,雅力士,passenger_car,approved,true,owned_reviewed_asset,丰田,雅力士,,passed,/assets/used-cars/owner-presentation-v2/vehicle-toyota-yaris.webp,/assets/used-cars/owner-presentation-v2/vehicle-toyota-yaris.webp,white,28,relative,webp,800
vehicle-toyota-corolla-cross,brand-toyota,丰田,卡罗拉锐放,passenger_car,approved,true,owned_reviewed_asset,丰田,卡罗拉锐放,,passed,/assets/used-cars/owner-presentation-v2/vehicle-toyota-corolla-cross.webp,/assets/used-cars/owner-presentation-v2/vehicle-toyota-corolla-cross.webp,white,28,relative,webp,800
vehicle-toyota-frontlander,brand-toyota,丰田,锋兰达,passenger_car,approved,true,owned_reviewed_asset,丰田,锋兰达,,passed,/assets/used-cars/owner-presentation-v2/vehicle-toyota-frontlander.webp,/assets/used-cars/owner-presentation-v2/vehicle-toyota-frontlander.webp,white,28,relative,webp,800
vehicle-toyota-rav4,brand-toyota,丰田,RAV4荣放,passenger_car,approved,true,owned_reviewed_asset,丰田,RAV4荣放,,passed,/assets/used-cars/owner-presentation-v2/vehicle-toyota-rav4.webp,/assets/used-cars/owner-presentation-v2/vehicle-toyota-rav4.webp,white,28,relative,webp,800
vehicle-toyota-wildlander,brand-toyota,丰田,威兰达,passenger_car,approved,true,owned_reviewed_asset,丰田,威兰达,,passed,/assets/used-cars/owner-presentation-v2/vehicle-toyota-wildlander.webp,/assets/used-cars/owner-presentation-v2/vehicle-toyota-wildlander.webp,white,28,relative,webp,800
vehicle-toyota-highlander,brand-toyota,丰田,汉兰达,passenger_car,approved,true,owned_reviewed_asset,丰田,汉兰达,,passed,/assets/used-cars/owner-presentation-v2/vehicle-toyota-highlander.webp,/assets/used-cars/owner-presentation-v2/vehicle-toyota-highlander.webp,white,28,relative,webp,800
vehicle-toyota-crown-kluger,brand-toyota,丰田,皇冠陆放,passenger_car,approved,true,owned_reviewed_asset,丰田,皇冠陆放,,passed,/assets/used-cars/owner-presentation-v2/vehicle-toyota-crown-kluger.webp,/assets/used-cars/owner-presentation-v2/vehicle-toyota-crown-kluger.webp,white,28,relative,webp,800
vehicle-toyota-c-hr,brand-toyota,丰田,C-HR,passenger_car,approved,true,owned_reviewed_asset,丰田,C-HR,,passed,/assets/used-cars/owner-presentation-v2/vehicle-toyota-c-hr.webp,/assets/used-cars/owner-presentation-v2/vehicle-toyota-c-hr.webp,white,28,relative,webp,800
vehicle-toyota-izoa,brand-toyota,丰田,奕泽IZOA,passenger_car,approved,true,owned_reviewed_asset,丰田,奕泽IZOA,,passed,/assets/used-cars/owner-presentation-v2/vehicle-toyota-izoa.webp,/assets/used-cars/owner-presentation-v2/vehicle-toyota-izoa.webp,white,28,relative,webp,800
vehicle-toyota-prado,brand-toyota,丰田,普拉多,passenger_car,approved,true,owned_reviewed_asset,丰田,普拉多,,passed,/assets/used-cars/owner-presentation-v2/vehicle-toyota-prado.webp,/assets/used-cars/owner-presentation-v2/vehicle-toyota-prado.webp,white,28,relative,webp,800
vehicle-toyota-land-cruiser,brand-toyota,丰田,兰德酷路泽,passenger_car,approved,true,owned_reviewed_asset,丰田,兰德酷路泽,,passed,/assets/used-cars/owner-presentation-v2/vehicle-toyota-land-cruiser.webp,/assets/used-cars/owner-presentation-v2/vehicle-toyota-land-cruiser.webp,white,28,relative,webp,800
vehicle-toyota-sequoia,brand-toyota,丰田,红杉,passenger_car,approved,true,owned_reviewed_asset,丰田,红杉,,passed,/assets/used-cars/owner-presentation-v2/vehicle-toyota-sequoia.webp,/assets/used-cars/owner-presentation-v2/vehicle-toyota-sequoia.webp,white,28,relative,webp,800
vehicle-toyota-fj-cruiser,brand-toyota,丰田,FJ酷路泽,passenger_car,approved,true,owned_reviewed_asset,丰田,FJ酷路泽,,passed,/assets/used-cars/owner-presentation-v2/vehicle-toyota-fj-cruiser.webp,/assets/used-cars/owner-presentation-v2/vehicle-toyota-fj-cruiser.webp,white,28,relative,webp,800
vehicle-toyota-sienna,brand-toyota,丰田,赛那,passenger_car,approved,true,owned_reviewed_asset,丰田,赛那,,passed,/assets/used-cars/owner-presentation-v2/vehicle-toyota-sienna.webp,/assets/used-cars/owner-presentation-v2/vehicle-toyota-sienna.webp,white,28,relative,webp,800
vehicle-toyota-granvia,brand-toyota,丰田,格瑞维亚,passenger_car,approved,true,owned_reviewed_asset,丰田,格瑞维亚,,passed,/assets/used-cars/owner-presentation-v2/vehicle-toyota-granvia.webp,/assets/used-cars/owner-presentation-v2/vehicle-toyota-granvia.webp,white,28,relative,webp,800
vehicle-toyota-alphard,brand-toyota,丰田,埃尔法,passenger_car,approved,true,owned_reviewed_asset,丰田,埃尔法,,passed,/assets/used-cars/owner-presentation-v2/vehicle-toyota-alphard.webp,/assets/used-cars/owner-presentation-v2/vehicle-toyota-alphard.webp,white,28,relative,webp,800
vehicle-toyota-vellfire,brand-toyota,丰田,威尔法,passenger_car,approved,true,owned_reviewed_asset,丰田,威尔法,,passed,/assets/used-cars/owner-presentation-v2/vehicle-toyota-vellfire.webp,/assets/used-cars/owner-presentation-v2/vehicle-toyota-vellfire.webp,white,28,relative,webp,800
vehicle-toyota-previa,brand-toyota,丰田,普瑞维亚,passenger_car,approved,true,owned_reviewed_asset,丰田,普瑞维亚,,passed,/assets/used-cars/owner-presentation-v2/vehicle-toyota-previa.webp,/assets/used-cars/owner-presentation-v2/vehicle-toyota-previa.webp,white,28,relative,webp,800
vehicle-toyota-hiace,brand-toyota,丰田,海狮,passenger_car,approved,true,owned_reviewed_asset,丰田,海狮,,passed,/assets/used-cars/owner-presentation-v2/vehicle-toyota-hiace.webp,/assets/used-cars/owner-presentation-v2/vehicle-toyota-hiace.webp,white,28,relative,webp,800
vehicle-toyota-coaster,brand-toyota,丰田,柯斯达,passenger_car,approved,true,owned_reviewed_asset,丰田,柯斯达,,passed,/assets/used-cars/owner-presentation-v2/vehicle-toyota-coaster.webp,/assets/used-cars/owner-presentation-v2/vehicle-toyota-coaster.webp,white,28,relative,webp,800
vehicle-toyota-86,brand-toyota,丰田,86,passenger_car,approved,true,owned_reviewed_asset,丰田,86,,passed,/assets/used-cars/owner-presentation-v2/vehicle-toyota-86.webp,/assets/used-cars/owner-presentation-v2/vehicle-toyota-86.webp,white,28,relative,webp,800
vehicle-toyota-supra,brand-toyota,丰田,Supra,passenger_car,approved,true,owned_reviewed_asset,丰田,Supra,,passed,/assets/used-cars/owner-presentation-v2/vehicle-toyota-supra.webp,/assets/used-cars/owner-presentation-v2/vehicle-toyota-supra.webp,white,28,relative,webp,800
vehicle-toyota-bz4x,brand-toyota,丰田,bZ4X,passenger_car,approved,true,owned_reviewed_asset,丰田,bZ4X,,passed,/assets/used-cars/owner-presentation-v2/vehicle-toyota-bz4x.webp,/assets/used-cars/owner-presentation-v2/vehicle-toyota-bz4x.webp,white,28,relative,webp,800
vehicle-toyota-bz3,brand-toyota,丰田,bZ3,passenger_car,approved,true,owned_reviewed_asset,丰田,bZ3,,passed,/assets/used-cars/owner-presentation-v2/vehicle-toyota-bz3.webp,/assets/used-cars/owner-presentation-v2/vehicle-toyota-bz3.webp,white,28,relative,webp,800
vehicle-toyota-bz3x,brand-toyota,丰田,铂智3X,passenger_car,approved,true,owned_reviewed_asset,丰田,铂智3X,,passed,/assets/used-cars/owner-presentation-v2/vehicle-toyota-bz3x.webp,/assets/used-cars/owner-presentation-v2/vehicle-toyota-bz3x.webp,white,28,relative,webp,800
vehicle-toyota-bz4x-bozhi,brand-toyota,丰田,铂智4X,passenger_car,approved,true,owned_reviewed_asset,丰田,铂智4X,,passed,/assets/used-cars/owner-presentation-v2/vehicle-toyota-bz4x-bozhi.webp,/assets/used-cars/owner-presentation-v2/vehicle-toyota-bz4x-bozhi.webp,white,28,relative,webp,800
vehicle-toyota-bz5,brand-toyota,丰田,bZ5,passenger_car,approved,true,owned_reviewed_asset,丰田,bZ5,,passed,/assets/used-cars/owner-presentation-v2/vehicle-toyota-bz5.webp,/assets/used-cars/owner-presentation-v2/vehicle-toyota-bz5.webp,white,28,relative,webp,800
vehicle-honda-accord,brand-honda,本田,雅阁,passenger_car,approved,true,owned_reviewed_asset,本田,雅阁,,passed,/assets/used-cars/owner-presentation-v2/vehicle-honda-accord.webp,/assets/used-cars/owner-presentation-v2/vehicle-honda-accord.webp,white,28,relative,webp,800
vehicle-honda-civic,brand-honda,本田,思域,passenger_car,approved,true,owned_reviewed_asset,本田,思域,,passed,/assets/used-cars/owner-presentation-v2/vehicle-honda-civic.webp,/assets/used-cars/owner-presentation-v2/vehicle-honda-civic.webp,white,28,relative,webp,800
vehicle-honda-integra,brand-honda,本田,型格,passenger_car,approved,true,owned_reviewed_asset,本田,型格,,passed,/assets/used-cars/owner-presentation-v2/vehicle-honda-integra.webp,/assets/used-cars/owner-presentation-v2/vehicle-honda-integra.webp,white,28,relative,webp,800
vehicle-honda-crider,brand-honda,本田,凌派,passenger_car,approved,true,owned_reviewed_asset,本田,凌派,,passed,/assets/used-cars/owner-presentation-v2/vehicle-honda-crider.webp,/assets/used-cars/owner-presentation-v2/vehicle-honda-crider.webp,white,28,relative,webp,800
vehicle-honda-envix,brand-honda,本田,享域,passenger_car,approved,true,owned_reviewed_asset,本田,享域,,passed,/assets/used-cars/owner-presentation-v2/vehicle-honda-envix.webp,/assets/used-cars/owner-presentation-v2/vehicle-honda-envix.webp,white,28,relative,webp,800
vehicle-honda-city,brand-honda,本田,锋范,passenger_car,approved,true,owned_reviewed_asset,本田,锋范,,passed,/assets/used-cars/owner-presentation-v2/vehicle-honda-city.webp,/assets/used-cars/owner-presentation-v2/vehicle-honda-city.webp,white,28,relative,webp,800
vehicle-honda-greiz,brand-honda,本田,哥瑞,passenger_car,approved,true,owned_reviewed_asset,本田,哥瑞,,passed,/assets/used-cars/owner-presentation-v2/vehicle-honda-greiz.webp,/assets/used-cars/owner-presentation-v2/vehicle-honda-greiz.webp,white,28,relative,webp,800
vehicle-honda-gienia,brand-honda,本田,竞瑞,passenger_car,approved,true,owned_reviewed_asset,本田,竞瑞,,passed,/assets/used-cars/owner-presentation-v2/vehicle-honda-gienia.webp,/assets/used-cars/owner-presentation-v2/vehicle-honda-gienia.webp,white,28,relative,webp,800
vehicle-honda-fit,brand-honda,本田,飞度,passenger_car,approved,true,owned_reviewed_asset,本田,飞度,,passed,/assets/used-cars/owner-presentation-v2/vehicle-honda-fit.webp,/assets/used-cars/owner-presentation-v2/vehicle-honda-fit.webp,white,28,relative,webp,800
vehicle-honda-jazz,brand-honda,本田,爵士,passenger_car,approved,true,owned_reviewed_asset,本田,爵士,,passed,/assets/used-cars/owner-presentation-v2/vehicle-honda-jazz.webp,/assets/used-cars/owner-presentation-v2/vehicle-honda-jazz.webp,white,28,relative,webp,800
vehicle-honda-crv,brand-honda,本田,CR-V,passenger_car,approved,true,owned_reviewed_asset,本田,CR-V,,passed,/assets/used-cars/owner-presentation-v2/vehicle-honda-crv.webp,/assets/used-cars/owner-presentation-v2/vehicle-honda-crv.webp,white,28,relative,webp,800
vehicle-honda-breeze,brand-honda,本田,皓影,passenger_car,approved,true,owned_reviewed_asset,本田,皓影,,passed,/assets/used-cars/owner-presentation-v2/vehicle-honda-breeze.webp,/assets/used-cars/owner-presentation-v2/vehicle-honda-breeze.webp,white,28,relative,webp,800
vehicle-honda-xrv,brand-honda,本田,XR-V,passenger_car,approved,true,owned_reviewed_asset,本田,XR-V,,passed,/assets/used-cars/owner-presentation-v2/vehicle-honda-xrv.webp,/assets/used-cars/owner-presentation-v2/vehicle-honda-xrv.webp,white,28,relative,webp,800
vehicle-honda-vezel,brand-honda,本田,缤智,passenger_car,approved,true,owned_reviewed_asset,本田,缤智,,passed,/assets/used-cars/owner-presentation-v2/vehicle-honda-vezel.webp,/assets/used-cars/owner-presentation-v2/vehicle-honda-vezel.webp,white,28,relative,webp,800
vehicle-honda-urv,brand-honda,本田,UR-V,passenger_car,approved,true,owned_reviewed_asset,本田,UR-V,,passed,/assets/used-cars/owner-presentation-v2/vehicle-honda-urv.webp,/assets/used-cars/owner-presentation-v2/vehicle-honda-urv.webp,white,28,relative,webp,800
vehicle-honda-avancier,brand-honda,本田,冠道,passenger_car,approved,true,owned_reviewed_asset,本田,冠道,,passed,/assets/used-cars/owner-presentation-v2/vehicle-honda-avancier.webp,/assets/used-cars/owner-presentation-v2/vehicle-honda-avancier.webp,white,28,relative,webp,800
vehicle-honda-hrv,brand-honda,本田,HR-V,passenger_car,approved,true,owned_reviewed_asset,本田,HR-V,,passed,/assets/used-cars/owner-presentation-v2/vehicle-honda-hrv.webp,/assets/used-cars/owner-presentation-v2/vehicle-honda-hrv.webp,white,28,relative,webp,800
vehicle-honda-zrv,brand-honda,本田,ZR-V致在,passenger_car,approved,true,owned_reviewed_asset,本田,ZR-V致在,,passed,/assets/used-cars/owner-presentation-v2/vehicle-honda-zrv.webp,/assets/used-cars/owner-presentation-v2/vehicle-honda-zrv.webp,white,28,relative,webp,800
vehicle-honda-odyssey,brand-honda,本田,奥德赛,passenger_car,approved,true,owned_reviewed_asset,本田,奥德赛,,passed,/assets/used-cars/owner-presentation-v2/vehicle-honda-odyssey.webp,/assets/used-cars/owner-presentation-v2/vehicle-honda-odyssey.webp,white,28,relative,webp,800
vehicle-honda-elysion,brand-honda,本田,艾力绅,passenger_car,approved,true,owned_reviewed_asset,本田,艾力绅,,passed,/assets/used-cars/owner-presentation-v2/vehicle-honda-elysion.webp,/assets/used-cars/owner-presentation-v2/vehicle-honda-elysion.webp,white,28,relative,webp,800
vehicle-honda-inspire,brand-honda,本田,英仕派,passenger_car,approved,true,owned_reviewed_asset,本田,英仕派,,passed,/assets/used-cars/owner-presentation-v2/vehicle-honda-inspire.webp,/assets/used-cars/owner-presentation-v2/vehicle-honda-inspire.webp,white,28,relative,webp,800
vehicle-honda-spirior,brand-honda,本田,思铂睿,passenger_car,approved,true,owned_reviewed_asset,本田,思铂睿,,passed,/assets/used-cars/owner-presentation-v2/vehicle-honda-spirior.webp,/assets/used-cars/owner-presentation-v2/vehicle-honda-spirior.webp,white,28,relative,webp,800
vehicle-honda-crosstour,brand-honda,本田,歌诗图,passenger_car,approved,true,owned_reviewed_asset,本田,歌诗图,,passed,/assets/used-cars/owner-presentation-v2/vehicle-honda-crosstour.webp,/assets/used-cars/owner-presentation-v2/vehicle-honda-crosstour.webp,white,28,relative,webp,800
vehicle-honda-ens1,brand-honda,本田,e:NS1,passenger_car,approved,true,owned_reviewed_asset,本田,e:NS1,,passed,/assets/used-cars/owner-presentation-v2/vehicle-honda-ens1.webp,/assets/used-cars/owner-presentation-v2/vehicle-honda-ens1.webp,white,28,relative,webp,800
vehicle-honda-enp1,brand-honda,本田,e:NP1极湃1,passenger_car,approved,true,owned_reviewed_asset,本田,e:NP1极湃1,,passed,/assets/used-cars/owner-presentation-v2/vehicle-honda-enp1.webp,/assets/used-cars/owner-presentation-v2/vehicle-honda-enp1.webp,white,28,relative,webp,800
vehicle-honda-ens2,brand-honda,本田,e:NS2,passenger_car,approved,true,owned_reviewed_asset,本田,e:NS2,,passed,/assets/used-cars/owner-presentation-v2/vehicle-honda-ens2.webp,/assets/used-cars/owner-presentation-v2/vehicle-honda-ens2.webp,white,28,relative,webp,800
vehicle-honda-enp2,brand-honda,本田,e:NP2极湃2,passenger_car,approved,true,owned_reviewed_asset,本田,e:NP2极湃2,,passed,/assets/used-cars/owner-presentation-v2/vehicle-honda-enp2.webp,/assets/used-cars/owner-presentation-v2/vehicle-honda-enp2.webp,white,28,relative,webp,800
vehicle-honda-s7,brand-honda,本田,烨S7,passenger_car,approved,true,owned_reviewed_asset,本田,烨S7,,passed,/assets/used-cars/owner-presentation-v2/vehicle-honda-s7.webp,/assets/used-cars/owner-presentation-v2/vehicle-honda-s7.webp,white,28,relative,webp,800
vehicle-honda-p7,brand-honda,本田,烨P7,passenger_car,approved,true,owned_reviewed_asset,本田,烨P7,,passed,/assets/used-cars/owner-presentation-v2/vehicle-honda-p7.webp,/assets/used-cars/owner-presentation-v2/vehicle-honda-p7.webp,white,28,relative,webp,800
vehicle-nissan-sylphy,brand-nissan,日产,轩逸,passenger_car,approved,true,owned_reviewed_asset,日产,轩逸,,passed,/assets/used-cars/owner-presentation-v2/vehicle-nissan-sylphy.webp,/assets/used-cars/owner-presentation-v2/vehicle-nissan-sylphy.webp,white,28,relative,webp,800
vehicle-nissan-teana,brand-nissan,日产,天籁,passenger_car,approved,true,owned_reviewed_asset,日产,天籁,,passed,/assets/used-cars/owner-presentation-v2/vehicle-nissan-teana.webp,/assets/used-cars/owner-presentation-v2/vehicle-nissan-teana.webp,white,28,relative,webp,800
vehicle-nissan-tiida,brand-nissan,日产,骐达,passenger_car,approved,true,owned_reviewed_asset,日产,骐达,,passed,/assets/used-cars/owner-presentation-v2/vehicle-nissan-tiida.webp,/assets/used-cars/owner-presentation-v2/vehicle-nissan-tiida.webp,white,28,relative,webp,800
vehicle-nissan-livina,brand-nissan,日产,骊威,passenger_car,approved,true,owned_reviewed_asset,日产,骊威,,passed,/assets/used-cars/owner-presentation-v2/vehicle-nissan-livina.webp,/assets/used-cars/owner-presentation-v2/vehicle-nissan-livina.webp,white,28,relative,webp,800
vehicle-nissan-sunny,brand-nissan,日产,阳光,passenger_car,approved,true,owned_reviewed_asset,日产,阳光,,passed,/assets/used-cars/owner-presentation-v2/vehicle-nissan-sunny.webp,/assets/used-cars/owner-presentation-v2/vehicle-nissan-sunny.webp,white,28,relative,webp,800
vehicle-nissan-lannia,brand-nissan,日产,蓝鸟,passenger_car,approved,true,owned_reviewed_asset,日产,蓝鸟,,passed,/assets/used-cars/owner-presentation-v2/vehicle-nissan-lannia.webp,/assets/used-cars/owner-presentation-v2/vehicle-nissan-lannia.webp,white,28,relative,webp,800
vehicle-nissan-qashqai,brand-nissan,日产,逍客,passenger_car,approved,true,owned_reviewed_asset,日产,逍客,,passed,/assets/used-cars/owner-presentation-v2/vehicle-nissan-qashqai.webp,/assets/used-cars/owner-presentation-v2/vehicle-nissan-qashqai.webp,white,28,relative,webp,800
vehicle-nissan-x-trail,brand-nissan,日产,奇骏,passenger_car,approved,true,owned_reviewed_asset,日产,奇骏,,passed,/assets/used-cars/owner-presentation-v2/vehicle-nissan-x-trail.webp,/assets/used-cars/owner-presentation-v2/vehicle-nissan-x-trail.webp,white,28,relative,webp,800
vehicle-nissan-kicks,brand-nissan,日产,劲客,passenger_car,approved,true,owned_reviewed_asset,日产,劲客,,passed,/assets/used-cars/owner-presentation-v2/vehicle-nissan-kicks.webp,/assets/used-cars/owner-presentation-v2/vehicle-nissan-kicks.webp,white,28,relative,webp,800
vehicle-nissan-murano,brand-nissan,日产,楼兰,passenger_car,approved,true,owned_reviewed_asset,日产,楼兰,,passed,/assets/used-cars/owner-presentation-v2/vehicle-nissan-murano.webp,/assets/used-cars/owner-presentation-v2/vehicle-nissan-murano.webp,white,28,relative,webp,800
vehicle-nissan-pathfinder,brand-nissan,日产,探陆,passenger_car,approved,true,owned_reviewed_asset,日产,探陆,,passed,/assets/used-cars/owner-presentation-v2/vehicle-nissan-pathfinder.webp,/assets/used-cars/owner-presentation-v2/vehicle-nissan-pathfinder.webp,white,28,relative,webp,800
vehicle-nissan-terra,brand-nissan,日产,途达,passenger_car,approved,true,owned_reviewed_asset,日产,途达,,passed,/assets/used-cars/owner-presentation-v2/vehicle-nissan-terra.webp,/assets/used-cars/owner-presentation-v2/vehicle-nissan-terra.webp,white,28,relative,webp,800
vehicle-nissan-paladin,brand-nissan,日产,帕拉丁,passenger_car,approved,true,owned_reviewed_asset,日产,帕拉丁,,passed,/assets/used-cars/owner-presentation-v2/vehicle-nissan-paladin.webp,/assets/used-cars/owner-presentation-v2/vehicle-nissan-paladin.webp,white,28,relative,webp,800
vehicle-nissan-patrol,brand-nissan,日产,途乐,passenger_car,approved,true,owned_reviewed_asset,日产,途乐,,passed,/assets/used-cars/owner-presentation-v2/vehicle-nissan-patrol.webp,/assets/used-cars/owner-presentation-v2/vehicle-nissan-patrol.webp,white,28,relative,webp,800
vehicle-nissan-quest,brand-nissan,日产,贵士,passenger_car,approved,true,owned_reviewed_asset,日产,贵士,,passed,/assets/used-cars/owner-presentation-v2/vehicle-nissan-quest.webp,/assets/used-cars/owner-presentation-v2/vehicle-nissan-quest.webp,white,28,relative,webp,800
vehicle-nissan-nv200,brand-nissan,日产,NV200,passenger_car,approved,true,owned_reviewed_asset,日产,NV200,,passed,/assets/used-cars/owner-presentation-v2/vehicle-nissan-nv200.webp,/assets/used-cars/owner-presentation-v2/vehicle-nissan-nv200.webp,white,28,relative,webp,800
vehicle-nissan-march,brand-nissan,日产,玛驰,passenger_car,approved,true,owned_reviewed_asset,日产,玛驰,,passed,/assets/used-cars/owner-presentation-v2/vehicle-nissan-march.webp,/assets/used-cars/owner-presentation-v2/vehicle-nissan-march.webp,white,28,relative,webp,800
vehicle-nissan-maxima,brand-nissan,日产,西玛,passenger_car,approved,true,owned_reviewed_asset,日产,西玛,,passed,/assets/used-cars/owner-presentation-v2/vehicle-nissan-maxima.webp,/assets/used-cars/owner-presentation-v2/vehicle-nissan-maxima.webp,white,28,relative,webp,800
vehicle-nissan-ariya,brand-nissan,日产,ARIYA艾睿雅,passenger_car,approved,true,owned_reviewed_asset,日产,ARIYA艾睿雅,,passed,/assets/used-cars/owner-presentation-v2/vehicle-nissan-ariya.webp,/assets/used-cars/owner-presentation-v2/vehicle-nissan-ariya.webp,white,28,relative,webp,800
vehicle-nissan-n7,brand-nissan,日产,N7,passenger_car,approved,true,owned_reviewed_asset,日产,N7,,passed,/assets/used-cars/owner-presentation-v2/vehicle-nissan-n7.webp,/assets/used-cars/owner-presentation-v2/vehicle-nissan-n7.webp,white,28,relative,webp,800
vehicle-nissan-370z,brand-nissan,日产,370Z,passenger_car,approved,true,owned_reviewed_asset,日产,370Z,,passed,/assets/used-cars/owner-presentation-v2/vehicle-nissan-370z.webp,/assets/used-cars/owner-presentation-v2/vehicle-nissan-370z.webp,white,28,relative,webp,800
vehicle-nissan-gtr,brand-nissan,日产,GT-R,passenger_car,approved,true,owned_reviewed_asset,日产,GT-R,,passed,/assets/used-cars/owner-presentation-v2/vehicle-nissan-gtr.webp,/assets/used-cars/owner-presentation-v2/vehicle-nissan-gtr.webp,white,28,relative,webp,800
vehicle-nissan-d22,brand-nissan,日产,D22,passenger_car,approved,true,owned_reviewed_asset,日产,D22,,passed,/assets/used-cars/owner-presentation-v2/vehicle-nissan-d22.webp,/assets/used-cars/owner-presentation-v2/vehicle-nissan-d22.webp,white,28,relative,webp,800
vehicle-nissan-navara,brand-nissan,日产,纳瓦拉,passenger_car,approved,true,owned_reviewed_asset,日产,纳瓦拉,,passed,/assets/used-cars/owner-presentation-v2/vehicle-nissan-navara.webp,/assets/used-cars/owner-presentation-v2/vehicle-nissan-navara.webp,white,28,relative,webp,800
vehicle-buick-excelle,brand-buick,别克,凯越,passenger_car,approved,true,owned_reviewed_asset,别克,凯越,,passed,/assets/used-cars/owner-presentation-v2/vehicle-buick-excelle.webp,/assets/used-cars/owner-presentation-v2/vehicle-buick-excelle.webp,white,28,relative,webp,800
vehicle-buick-excelle-gt,brand-buick,别克,英朗,passenger_car,approved,true,owned_reviewed_asset,别克,英朗,,passed,/assets/used-cars/owner-presentation-v2/vehicle-buick-excelle-gt.webp,/assets/used-cars/owner-presentation-v2/vehicle-buick-excelle-gt.webp,white,28,relative,webp,800
vehicle-buick-excelle-xt,brand-buick,别克,英朗XT,passenger_car,approved,true,owned_reviewed_asset,别克,英朗XT,,passed,/assets/used-cars/owner-presentation-v2/vehicle-buick-excelle-xt.webp,/assets/used-cars/owner-presentation-v2/vehicle-buick-excelle-xt.webp,white,28,relative,webp,800
vehicle-buick-verano,brand-buick,别克,威朗,passenger_car,approved,true,owned_reviewed_asset,别克,威朗,,passed,/assets/used-cars/owner-presentation-v2/vehicle-buick-verano.webp,/assets/used-cars/owner-presentation-v2/vehicle-buick-verano.webp,white,28,relative,webp,800
vehicle-buick-regal,brand-buick,别克,君威,passenger_car,approved,true,owned_reviewed_asset,别克,君威,,passed,/assets/used-cars/owner-presentation-v2/vehicle-buick-regal.webp,/assets/used-cars/owner-presentation-v2/vehicle-buick-regal.webp,white,28,relative,webp,800
vehicle-buick-lacrosse,brand-buick,别克,君越,passenger_car,approved,true,owned_reviewed_asset,别克,君越,,passed,/assets/used-cars/owner-presentation-v2/vehicle-buick-lacrosse.webp,/assets/used-cars/owner-presentation-v2/vehicle-buick-lacrosse.webp,white,28,relative,webp,800
vehicle-buick-gl6,brand-buick,别克,GL6,passenger_car,approved,true,owned_reviewed_asset,别克,GL6,,passed,/assets/used-cars/owner-presentation-v2/vehicle-buick-gl6.webp,/assets/used-cars/owner-presentation-v2/vehicle-buick-gl6.webp,white,28,relative,webp,800
vehicle-buick-gl8,brand-buick,别克,GL8,passenger_car,approved,true,owned_reviewed_asset,别克,GL8,,passed,/assets/used-cars/owner-presentation-v2/vehicle-buick-gl8.webp,/assets/used-cars/owner-presentation-v2/vehicle-buick-gl8.webp,white,28,relative,webp,800
vehicle-buick-century,brand-buick,别克,世纪,passenger_car,approved,true,owned_reviewed_asset,别克,世纪,,passed,/assets/used-cars/owner-presentation-v2/vehicle-buick-century.webp,/assets/used-cars/owner-presentation-v2/vehicle-buick-century.webp,white,28,relative,webp,800
vehicle-buick-encore,brand-buick,别克,昂科拉,passenger_car,approved,true,owned_reviewed_asset,别克,昂科拉,,passed,/assets/used-cars/owner-presentation-v2/vehicle-buick-encore.webp,/assets/used-cars/owner-presentation-v2/vehicle-buick-encore.webp,white,28,relative,webp,800
vehicle-buick-encore-gx,brand-buick,别克,昂科拉GX,passenger_car,approved,true,owned_reviewed_asset,别克,昂科拉GX,,passed,/assets/used-cars/owner-presentation-v2/vehicle-buick-encore-gx.webp,/assets/used-cars/owner-presentation-v2/vehicle-buick-encore-gx.webp,white,28,relative,webp,800
vehicle-buick-envision,brand-buick,别克,昂科威,passenger_car,approved,true,owned_reviewed_asset,别克,昂科威,,passed,/assets/used-cars/owner-presentation-v2/vehicle-buick-envision.webp,/assets/used-cars/owner-presentation-v2/vehicle-buick-envision.webp,white,28,relative,webp,800
vehicle-buick-envision-s,brand-buick,别克,昂科威S,passenger_car,approved,true,owned_reviewed_asset,别克,昂科威S,,passed,/assets/used-cars/owner-presentation-v2/vehicle-buick-envision-s.webp,/assets/used-cars/owner-presentation-v2/vehicle-buick-envision-s.webp,white,28,relative,webp,800
vehicle-buick-envision-plus,brand-buick,别克,昂科威Plus,passenger_car,approved,true,owned_reviewed_asset,别克,昂科威Plus,,passed,/assets/used-cars/owner-presentation-v2/vehicle-buick-envision-plus.webp,/assets/used-cars/owner-presentation-v2/vehicle-buick-envision-plus.webp,white,28,relative,webp,800
vehicle-buick-enclave,brand-buick,别克,昂科旗,passenger_car,approved,true,owned_reviewed_asset,别克,昂科旗,,passed,/assets/used-cars/owner-presentation-v2/vehicle-buick-enclave.webp,/assets/used-cars/owner-presentation-v2/vehicle-buick-enclave.webp,white,28,relative,webp,800
vehicle-buick-enclave-import,brand-buick,别克,昂科雷,passenger_car,approved,true,owned_reviewed_asset,别克,昂科雷,,passed,/assets/used-cars/owner-presentation-v2/vehicle-buick-enclave-import.webp,/assets/used-cars/owner-presentation-v2/vehicle-buick-enclave-import.webp,white,28,relative,webp,800
vehicle-buick-velite5,brand-buick,别克,VELITE 5,passenger_car,approved,true,owned_reviewed_asset,别克,VELITE 5,,passed,/assets/used-cars/owner-presentation-v2/vehicle-buick-velite5.webp,/assets/used-cars/owner-presentation-v2/vehicle-buick-velite5.webp,white,28,relative,webp,800
vehicle-buick-velite6,brand-buick,别克,微蓝6,passenger_car,approved,true,owned_reviewed_asset,别克,微蓝6,,passed,/assets/used-cars/owner-presentation-v2/vehicle-buick-velite6.webp,/assets/used-cars/owner-presentation-v2/vehicle-buick-velite6.webp,white,28,relative,webp,800
vehicle-buick-velite7,brand-buick,别克,微蓝7,passenger_car,approved,true,owned_reviewed_asset,别克,微蓝7,,passed,/assets/used-cars/owner-presentation-v2/vehicle-buick-velite7.webp,/assets/used-cars/owner-presentation-v2/vehicle-buick-velite7.webp,white,28,relative,webp,800
vehicle-buick-electra-e4,brand-buick,别克,Electra E4,passenger_car,approved,true,owned_reviewed_asset,别克,Electra E4,,passed,/assets/used-cars/owner-presentation-v2/vehicle-buick-electra-e4.webp,/assets/used-cars/owner-presentation-v2/vehicle-buick-electra-e4.webp,white,28,relative,webp,800
vehicle-buick-electra-e5,brand-buick,别克,Electra E5,passenger_car,approved,true,owned_reviewed_asset,别克,Electra E5,,passed,/assets/used-cars/owner-presentation-v2/vehicle-buick-electra-e5.webp,/assets/used-cars/owner-presentation-v2/vehicle-buick-electra-e5.webp,white,28,relative,webp,800
vehicle-chevrolet-cruze,brand-chevrolet,雪佛兰,科鲁兹,passenger_car,approved,true,owned_reviewed_asset,雪佛兰,科鲁兹,,passed,/assets/used-cars/owner-presentation-v2/vehicle-chevrolet-cruze.webp,/assets/used-cars/owner-presentation-v2/vehicle-chevrolet-cruze.webp,white,28,relative,webp,800
vehicle-chevrolet-monza,brand-chevrolet,雪佛兰,科鲁泽,passenger_car,approved,true,owned_reviewed_asset,雪佛兰,科鲁泽,,passed,/assets/used-cars/owner-presentation-v2/vehicle-chevrolet-monza.webp,/assets/used-cars/owner-presentation-v2/vehicle-chevrolet-monza.webp,white,28,relative,webp,800
vehicle-chevrolet-cavalier,brand-chevrolet,雪佛兰,科沃兹,passenger_car,approved,true,owned_reviewed_asset,雪佛兰,科沃兹,,passed,/assets/used-cars/owner-presentation-v2/vehicle-chevrolet-cavalier.webp,/assets/used-cars/owner-presentation-v2/vehicle-chevrolet-cavalier.webp,white,28,relative,webp,800
vehicle-chevrolet-malibu,brand-chevrolet,雪佛兰,迈锐宝,passenger_car,approved,true,owned_reviewed_asset,雪佛兰,迈锐宝,,passed,/assets/used-cars/owner-presentation-v2/vehicle-chevrolet-malibu.webp,/assets/used-cars/owner-presentation-v2/vehicle-chevrolet-malibu.webp,white,28,relative,webp,800
vehicle-chevrolet-malibu-xl,brand-chevrolet,雪佛兰,迈锐宝XL,passenger_car,approved,true,owned_reviewed_asset,雪佛兰,迈锐宝XL,,passed,/assets/used-cars/owner-presentation-v2/vehicle-chevrolet-malibu-xl.webp,/assets/used-cars/owner-presentation-v2/vehicle-chevrolet-malibu-xl.webp,white,28,relative,webp,800
vehicle-chevrolet-sail,brand-chevrolet,雪佛兰,赛欧,passenger_car,approved,true,owned_reviewed_asset,雪佛兰,赛欧,,passed,/assets/used-cars/owner-presentation-v2/vehicle-chevrolet-sail.webp,/assets/used-cars/owner-presentation-v2/vehicle-chevrolet-sail.webp,white,28,relative,webp,800
vehicle-chevrolet-aveo,brand-chevrolet,雪佛兰,爱唯欧,passenger_car,approved,true,owned_reviewed_asset,雪佛兰,爱唯欧,,passed,/assets/used-cars/owner-presentation-v2/vehicle-chevrolet-aveo.webp,/assets/used-cars/owner-presentation-v2/vehicle-chevrolet-aveo.webp,white,28,relative,webp,800
vehicle-chevrolet-lova,brand-chevrolet,雪佛兰,乐风,passenger_car,approved,true,owned_reviewed_asset,雪佛兰,乐风,,passed,/assets/used-cars/owner-presentation-v2/vehicle-chevrolet-lova.webp,/assets/used-cars/owner-presentation-v2/vehicle-chevrolet-lova.webp,white,28,relative,webp,800
vehicle-chevrolet-lovo,brand-chevrolet,雪佛兰,乐骋,passenger_car,approved,true,owned_reviewed_asset,雪佛兰,乐骋,,passed,/assets/used-cars/owner-presentation-v2/vehicle-chevrolet-lovo.webp,/assets/used-cars/owner-presentation-v2/vehicle-chevrolet-lovo.webp,white,28,relative,webp,800
vehicle-chevrolet-epica,brand-chevrolet,雪佛兰,景程,passenger_car,approved,true,owned_reviewed_asset,雪佛兰,景程,,passed,/assets/used-cars/owner-presentation-v2/vehicle-chevrolet-epica.webp,/assets/used-cars/owner-presentation-v2/vehicle-chevrolet-epica.webp,white,28,relative,webp,800
vehicle-chevrolet-trax,brand-chevrolet,雪佛兰,创酷,passenger_car,approved,true,owned_reviewed_asset,雪佛兰,创酷,,passed,/assets/used-cars/owner-presentation-v2/vehicle-chevrolet-trax.webp,/assets/used-cars/owner-presentation-v2/vehicle-chevrolet-trax.webp,white,28,relative,webp,800
vehicle-chevrolet-trailblazer,brand-chevrolet,雪佛兰,创界,passenger_car,approved,true,owned_reviewed_asset,雪佛兰,创界,,passed,/assets/used-cars/owner-presentation-v2/vehicle-chevrolet-trailblazer.webp,/assets/used-cars/owner-presentation-v2/vehicle-chevrolet-trailblazer.webp,white,28,relative,webp,800
vehicle-chevrolet-equinox,brand-chevrolet,雪佛兰,探界者,passenger_car,approved,true,owned_reviewed_asset,雪佛兰,探界者,,passed,/assets/used-cars/owner-presentation-v2/vehicle-chevrolet-equinox.webp,/assets/used-cars/owner-presentation-v2/vehicle-chevrolet-equinox.webp,white,28,relative,webp,800
vehicle-chevrolet-blazer,brand-chevrolet,雪佛兰,开拓者,passenger_car,approved,true,owned_reviewed_asset,雪佛兰,开拓者,,passed,/assets/used-cars/owner-presentation-v2/vehicle-chevrolet-blazer.webp,/assets/used-cars/owner-presentation-v2/vehicle-chevrolet-blazer.webp,white,28,relative,webp,800
vehicle-chevrolet-captiva,brand-chevrolet,雪佛兰,科帕奇,passenger_car,approved,true,owned_reviewed_asset,雪佛兰,科帕奇,,passed,/assets/used-cars/owner-presentation-v2/vehicle-chevrolet-captiva.webp,/assets/used-cars/owner-presentation-v2/vehicle-chevrolet-captiva.webp,white,28,relative,webp,800
vehicle-chevrolet-orlando,brand-chevrolet,雪佛兰,沃兰多,passenger_car,approved,true,owned_reviewed_asset,雪佛兰,沃兰多,,passed,/assets/used-cars/owner-presentation-v2/vehicle-chevrolet-orlando.webp,/assets/used-cars/owner-presentation-v2/vehicle-chevrolet-orlando.webp,white,28,relative,webp,800
vehicle-chevrolet-camaro,brand-chevrolet,雪佛兰,科迈罗,passenger_car,approved,true,owned_reviewed_asset,雪佛兰,科迈罗,,passed,/assets/used-cars/owner-presentation-v2/vehicle-chevrolet-camaro.webp,/assets/used-cars/owner-presentation-v2/vehicle-chevrolet-camaro.webp,white,28,relative,webp,800
vehicle-chevrolet-spark,brand-chevrolet,雪佛兰,乐驰,passenger_car,approved,true,owned_reviewed_asset,雪佛兰,乐驰,,passed,/assets/used-cars/owner-presentation-v2/vehicle-chevrolet-spark.webp,/assets/used-cars/owner-presentation-v2/vehicle-chevrolet-spark.webp,white,28,relative,webp,800
vehicle-chevrolet-tahoe,brand-chevrolet,雪佛兰,太浩,passenger_car,approved,true,owned_reviewed_asset,雪佛兰,太浩,,passed,/assets/used-cars/owner-presentation-v2/vehicle-chevrolet-tahoe.webp,/assets/used-cars/owner-presentation-v2/vehicle-chevrolet-tahoe.webp,white,28,relative,webp,800
vehicle-ford-focus,brand-ford,福特,福克斯,passenger_car,approved,true,owned_reviewed_asset,福特,福克斯,,passed,/assets/used-cars/owner-presentation-v2/vehicle-ford-focus.webp,/assets/used-cars/owner-presentation-v2/vehicle-ford-focus.webp,white,28,relative,webp,800
vehicle-ford-escort,brand-ford,福特,福睿斯,passenger_car,approved,true,owned_reviewed_asset,福特,福睿斯,,passed,/assets/used-cars/owner-presentation-v2/vehicle-ford-escort.webp,/assets/used-cars/owner-presentation-v2/vehicle-ford-escort.webp,white,28,relative,webp,800
vehicle-ford-mondeo,brand-ford,福特,蒙迪欧,passenger_car,approved,true,owned_reviewed_asset,福特,蒙迪欧,,passed,/assets/used-cars/owner-presentation-v2/vehicle-ford-mondeo.webp,/assets/used-cars/owner-presentation-v2/vehicle-ford-mondeo.webp,white,28,relative,webp,800
vehicle-ford-taurus,brand-ford,福特,金牛座,passenger_car,approved,true,owned_reviewed_asset,福特,金牛座,,passed,/assets/used-cars/owner-presentation-v2/vehicle-ford-taurus.webp,/assets/used-cars/owner-presentation-v2/vehicle-ford-taurus.webp,white,28,relative,webp,800
vehicle-ford-fiesta,brand-ford,福特,嘉年华,passenger_car,approved,true,owned_reviewed_asset,福特,嘉年华,,passed,/assets/used-cars/owner-presentation-v2/vehicle-ford-fiesta.webp,/assets/used-cars/owner-presentation-v2/vehicle-ford-fiesta.webp,white,28,relative,webp,800
vehicle-ford-kuga,brand-ford,福特,翼虎,passenger_car,approved,true,owned_reviewed_asset,福特,翼虎,,passed,/assets/used-cars/owner-presentation-v2/vehicle-ford-kuga.webp,/assets/used-cars/owner-presentation-v2/vehicle-ford-kuga.webp,white,28,relative,webp,800
vehicle-ford-ecosport,brand-ford,福特,翼搏,passenger_car,approved,true,owned_reviewed_asset,福特,翼搏,,passed,/assets/used-cars/owner-presentation-v2/vehicle-ford-ecosport.webp,/assets/used-cars/owner-presentation-v2/vehicle-ford-ecosport.webp,white,28,relative,webp,800
vehicle-ford-escape,brand-ford,福特,锐际,passenger_car,approved,true,owned_reviewed_asset,福特,锐际,,passed,/assets/used-cars/owner-presentation-v2/vehicle-ford-escape.webp,/assets/used-cars/owner-presentation-v2/vehicle-ford-escape.webp,white,28,relative,webp,800
vehicle-ford-edge,brand-ford,福特,锐界,passenger_car,approved,true,owned_reviewed_asset,福特,锐界,,passed,/assets/used-cars/owner-presentation-v2/vehicle-ford-edge.webp,/assets/used-cars/owner-presentation-v2/vehicle-ford-edge.webp,white,28,relative,webp,800
vehicle-ford-edge-l,brand-ford,福特,锐界L,passenger_car,approved,true,owned_reviewed_asset,福特,锐界L,,passed,/assets/used-cars/owner-presentation-v2/vehicle-ford-edge-l.webp,/assets/used-cars/owner-presentation-v2/vehicle-ford-edge-l.webp,white,28,relative,webp,800
vehicle-ford-explorer,brand-ford,福特,探险者,passenger_car,approved,true,owned_reviewed_asset,福特,探险者,,passed,/assets/used-cars/owner-presentation-v2/vehicle-ford-explorer.webp,/assets/used-cars/owner-presentation-v2/vehicle-ford-explorer.webp,white,28,relative,webp,800
vehicle-ford-evos,brand-ford,福特,EVOS追光者,passenger_car,approved,true,owned_reviewed_asset,福特,EVOS追光者,,passed,/assets/used-cars/owner-presentation-v2/vehicle-ford-evos.webp,/assets/used-cars/owner-presentation-v2/vehicle-ford-evos.webp,white,28,relative,webp,800
vehicle-ford-equator,brand-ford,福特,领裕,passenger_car,approved,true,owned_reviewed_asset,福特,领裕,,passed,/assets/used-cars/owner-presentation-v2/vehicle-ford-equator.webp,/assets/used-cars/owner-presentation-v2/vehicle-ford-equator.webp,white,28,relative,webp,800
vehicle-ford-equator-sport,brand-ford,福特,领睿,passenger_car,approved,true,owned_reviewed_asset,福特,领睿,,passed,/assets/used-cars/owner-presentation-v2/vehicle-ford-equator-sport.webp,/assets/used-cars/owner-presentation-v2/vehicle-ford-equator-sport.webp,white,28,relative,webp,800
vehicle-ford-territory,brand-ford,福特,领界,passenger_car,approved,true,owned_reviewed_asset,福特,领界,,passed,/assets/used-cars/owner-presentation-v2/vehicle-ford-territory.webp,/assets/used-cars/owner-presentation-v2/vehicle-ford-territory.webp,white,28,relative,webp,800
vehicle-ford-everest,brand-ford,福特,撼路者,passenger_car,approved,true,owned_reviewed_asset,福特,撼路者,,passed,/assets/used-cars/owner-presentation-v2/vehicle-ford-everest.webp,/assets/used-cars/owner-presentation-v2/vehicle-ford-everest.webp,white,28,relative,webp,800
vehicle-ford-bronco,brand-ford,福特,烈马,passenger_car,approved,true,owned_reviewed_asset,福特,烈马,,passed,/assets/used-cars/owner-presentation-v2/vehicle-ford-bronco.webp,/assets/used-cars/owner-presentation-v2/vehicle-ford-bronco.webp,white,28,relative,webp,800
vehicle-ford-mustang,brand-ford,福特,Mustang,passenger_car,approved,true,owned_reviewed_asset,福特,Mustang,,passed,/assets/used-cars/owner-presentation-v2/vehicle-ford-mustang.webp,/assets/used-cars/owner-presentation-v2/vehicle-ford-mustang.webp,white,28,relative,webp,800
vehicle-ford-mustang-mach-e,brand-ford,福特,电马,passenger_car,approved,true,owned_reviewed_asset,福特,电马,,passed,/assets/used-cars/owner-presentation-v2/vehicle-ford-mustang-mach-e.webp,/assets/used-cars/owner-presentation-v2/vehicle-ford-mustang-mach-e.webp,white,28,relative,webp,800
vehicle-ford-s-max,brand-ford,福特,麦柯斯,passenger_car,approved,true,owned_reviewed_asset,福特,麦柯斯,,passed,/assets/used-cars/owner-presentation-v2/vehicle-ford-s-max.webp,/assets/used-cars/owner-presentation-v2/vehicle-ford-s-max.webp,white,28,relative,webp,800
vehicle-ford-transit,brand-ford,福特,全顺,passenger_car,approved,true,owned_reviewed_asset,福特,全顺,,passed,/assets/used-cars/owner-presentation-v2/vehicle-ford-transit.webp,/assets/used-cars/owner-presentation-v2/vehicle-ford-transit.webp,white,28,relative,webp,800
vehicle-ford-tourneo,brand-ford,福特,途睿欧,passenger_car,approved,true,owned_reviewed_asset,福特,途睿欧,,passed,/assets/used-cars/owner-presentation-v2/vehicle-ford-tourneo.webp,/assets/used-cars/owner-presentation-v2/vehicle-ford-tourneo.webp,white,28,relative,webp,800
vehicle-ford-f150,brand-ford,福特,F-150,passenger_car,approved,true,owned_reviewed_asset,福特,F-150,,passed,/assets/used-cars/owner-presentation-v2/vehicle-ford-f150.webp,/assets/used-cars/owner-presentation-v2/vehicle-ford-f150.webp,white,28,relative,webp,800
vehicle-ford-ranger,brand-ford,福特,Ranger,passenger_car,approved,true,owned_reviewed_asset,福特,Ranger,,passed,/assets/used-cars/owner-presentation-v2/vehicle-ford-ranger.webp,/assets/used-cars/owner-presentation-v2/vehicle-ford-ranger.webp,white,28,relative,webp,800
vehicle-hyundai-elantra,brand-hyundai,现代,伊兰特,passenger_car,approved,true,owned_reviewed_asset,现代,伊兰特,,passed,/assets/used-cars/owner-presentation-v2/vehicle-hyundai-elantra.webp,/assets/used-cars/owner-presentation-v2/vehicle-hyundai-elantra.webp,white,28,relative,webp,800
vehicle-hyundai-elantra-langdong,brand-hyundai,现代,朗动,passenger_car,approved,true,owned_reviewed_asset,现代,朗动,,passed,/assets/used-cars/owner-presentation-v2/vehicle-hyundai-elantra-langdong.webp,/assets/used-cars/owner-presentation-v2/vehicle-hyundai-elantra-langdong.webp,white,28,relative,webp,800
vehicle-hyundai-elantra-lingdong,brand-hyundai,现代,领动,passenger_car,approved,true,owned_reviewed_asset,现代,领动,,passed,/assets/used-cars/owner-presentation-v2/vehicle-hyundai-elantra-lingdong.webp,/assets/used-cars/owner-presentation-v2/vehicle-hyundai-elantra-lingdong.webp,white,28,relative,webp,800
vehicle-hyundai-elantra-yuedong,brand-hyundai,现代,悦动,passenger_car,approved,true,owned_reviewed_asset,现代,悦动,,passed,/assets/used-cars/owner-presentation-v2/vehicle-hyundai-elantra-yuedong.webp,/assets/used-cars/owner-presentation-v2/vehicle-hyundai-elantra-yuedong.webp,white,28,relative,webp,800
vehicle-hyundai-sonata,brand-hyundai,现代,索纳塔,passenger_car,approved,true,owned_reviewed_asset,现代,索纳塔,,passed,/assets/used-cars/owner-presentation-v2/vehicle-hyundai-sonata.webp,/assets/used-cars/owner-presentation-v2/vehicle-hyundai-sonata.webp,white,28,relative,webp,800
vehicle-hyundai-moinca,brand-hyundai,现代,名驭,passenger_car,approved,true,owned_reviewed_asset,现代,名驭,,passed,/assets/used-cars/owner-presentation-v2/vehicle-hyundai-moinca.webp,/assets/used-cars/owner-presentation-v2/vehicle-hyundai-moinca.webp,white,28,relative,webp,800
vehicle-hyundai-mistra,brand-hyundai,现代,名图,passenger_car,approved,true,owned_reviewed_asset,现代,名图,,passed,/assets/used-cars/owner-presentation-v2/vehicle-hyundai-mistra.webp,/assets/used-cars/owner-presentation-v2/vehicle-hyundai-mistra.webp,white,28,relative,webp,800
vehicle-hyundai-accent,brand-hyundai,现代,雅绅特,passenger_car,approved,true,owned_reviewed_asset,现代,雅绅特,,passed,/assets/used-cars/owner-presentation-v2/vehicle-hyundai-accent.webp,/assets/used-cars/owner-presentation-v2/vehicle-hyundai-accent.webp,white,28,relative,webp,800
vehicle-hyundai-verna,brand-hyundai,现代,瑞纳,passenger_car,approved,true,owned_reviewed_asset,现代,瑞纳,,passed,/assets/used-cars/owner-presentation-v2/vehicle-hyundai-verna.webp,/assets/used-cars/owner-presentation-v2/vehicle-hyundai-verna.webp,white,28,relative,webp,800
vehicle-hyundai-celesta,brand-hyundai,现代,悦纳,passenger_car,approved,true,owned_reviewed_asset,现代,悦纳,,passed,/assets/used-cars/owner-presentation-v2/vehicle-hyundai-celesta.webp,/assets/used-cars/owner-presentation-v2/vehicle-hyundai-celesta.webp,white,28,relative,webp,800
vehicle-hyundai-lafesta,brand-hyundai,现代,菲斯塔,passenger_car,approved,true,owned_reviewed_asset,现代,菲斯塔,,passed,/assets/used-cars/owner-presentation-v2/vehicle-hyundai-lafesta.webp,/assets/used-cars/owner-presentation-v2/vehicle-hyundai-lafesta.webp,white,28,relative,webp,800
vehicle-hyundai-tucson,brand-hyundai,现代,途胜,passenger_car,approved,true,owned_reviewed_asset,现代,途胜,,passed,/assets/used-cars/owner-presentation-v2/vehicle-hyundai-tucson.webp,/assets/used-cars/owner-presentation-v2/vehicle-hyundai-tucson.webp,white,28,relative,webp,800
vehicle-hyundai-ix35,brand-hyundai,现代,ix35,passenger_car,approved,true,owned_reviewed_asset,现代,ix35,,passed,/assets/used-cars/owner-presentation-v2/vehicle-hyundai-ix35.webp,/assets/used-cars/owner-presentation-v2/vehicle-hyundai-ix35.webp,white,28,relative,webp,800
vehicle-hyundai-ix25,brand-hyundai,现代,ix25,passenger_car,approved,true,owned_reviewed_asset,现代,ix25,,passed,/assets/used-cars/owner-presentation-v2/vehicle-hyundai-ix25.webp,/assets/used-cars/owner-presentation-v2/vehicle-hyundai-ix25.webp,white,28,relative,webp,800
vehicle-hyundai-santa-fe,brand-hyundai,现代,胜达,passenger_car,approved,true,owned_reviewed_asset,现代,胜达,,passed,/assets/used-cars/owner-presentation-v2/vehicle-hyundai-santa-fe.webp,/assets/used-cars/owner-presentation-v2/vehicle-hyundai-santa-fe.webp,white,28,relative,webp,800
vehicle-hyundai-custo,brand-hyundai,现代,库斯途,passenger_car,approved,true,owned_reviewed_asset,现代,库斯途,,passed,/assets/used-cars/owner-presentation-v2/vehicle-hyundai-custo.webp,/assets/used-cars/owner-presentation-v2/vehicle-hyundai-custo.webp,white,28,relative,webp,800
vehicle-hyundai-palisade,brand-hyundai,现代,帕里斯帝,passenger_car,approved,true,owned_reviewed_asset,现代,帕里斯帝,,passed,/assets/used-cars/owner-presentation-v2/vehicle-hyundai-palisade.webp,/assets/used-cars/owner-presentation-v2/vehicle-hyundai-palisade.webp,white,28,relative,webp,800
vehicle-hyundai-mufasa,brand-hyundai,现代,沐飒,passenger_car,approved,true,owned_reviewed_asset,现代,沐飒,,passed,/assets/used-cars/owner-presentation-v2/vehicle-hyundai-mufasa.webp,/assets/used-cars/owner-presentation-v2/vehicle-hyundai-mufasa.webp,white,28,relative,webp,800
vehicle-hyundai-encino,brand-hyundai,现代,昂希诺,passenger_car,approved,true,owned_reviewed_asset,现代,昂希诺,,passed,/assets/used-cars/owner-presentation-v2/vehicle-hyundai-encino.webp,/assets/used-cars/owner-presentation-v2/vehicle-hyundai-encino.webp,white,28,relative,webp,800
vehicle-hyundai-veloster,brand-hyundai,现代,飞思,passenger_car,approved,true,owned_reviewed_asset,现代,飞思,,passed,/assets/used-cars/owner-presentation-v2/vehicle-hyundai-veloster.webp,/assets/used-cars/owner-presentation-v2/vehicle-hyundai-veloster.webp,white,28,relative,webp,800
vehicle-hyundai-genesis-coupe,brand-hyundai,现代,劳恩斯酷派,passenger_car,approved,true,owned_reviewed_asset,现代,劳恩斯酷派,,passed,/assets/used-cars/owner-presentation-v2/vehicle-hyundai-genesis-coupe.webp,/assets/used-cars/owner-presentation-v2/vehicle-hyundai-genesis-coupe.webp,white,28,relative,webp,800
vehicle-hyundai-ioniq5,brand-hyundai,现代,IONIQ 5,passenger_car,approved,true,owned_reviewed_asset,现代,IONIQ 5,,passed,/assets/used-cars/owner-presentation-v2/vehicle-hyundai-ioniq5.webp,/assets/used-cars/owner-presentation-v2/vehicle-hyundai-ioniq5.webp,white,28,relative,webp,800
vehicle-hyundai-ioniq6,brand-hyundai,现代,IONIQ 6,passenger_car,approved,true,owned_reviewed_asset,现代,IONIQ 6,,passed,/assets/used-cars/owner-presentation-v2/vehicle-hyundai-ioniq6.webp,/assets/used-cars/owner-presentation-v2/vehicle-hyundai-ioniq6.webp,white,28,relative,webp,800
vehicle-kia-k2,brand-kia,起亚,K2,passenger_car,approved,true,owned_reviewed_asset,起亚,K2,,passed,/assets/used-cars/owner-presentation-v2/vehicle-kia-k2.webp,/assets/used-cars/owner-presentation-v2/vehicle-kia-k2.webp,white,28,relative,webp,800
vehicle-kia-k3,brand-kia,起亚,K3,passenger_car,approved,true,owned_reviewed_asset,起亚,K3,,passed,/assets/used-cars/owner-presentation-v2/vehicle-kia-k3.webp,/assets/used-cars/owner-presentation-v2/vehicle-kia-k3.webp,white,28,relative,webp,800
vehicle-kia-k4,brand-kia,起亚,K4,passenger_car,approved,true,owned_reviewed_asset,起亚,K4,,passed,/assets/used-cars/owner-presentation-v2/vehicle-kia-k4.webp,/assets/used-cars/owner-presentation-v2/vehicle-kia-k4.webp,white,28,relative,webp,800
vehicle-kia-k5,brand-kia,起亚,K5,passenger_car,approved,true,owned_reviewed_asset,起亚,K5,,passed,/assets/used-cars/owner-presentation-v2/vehicle-kia-k5.webp,/assets/used-cars/owner-presentation-v2/vehicle-kia-k5.webp,white,28,relative,webp,800
vehicle-kia-kxcross,brand-kia,起亚,KX CROSS,passenger_car,approved,true,owned_reviewed_asset,起亚,KX CROSS,,passed,/assets/used-cars/owner-presentation-v2/vehicle-kia-kxcross.webp,/assets/used-cars/owner-presentation-v2/vehicle-kia-kxcross.webp,white,28,relative,webp,800
vehicle-kia-kx1,brand-kia,起亚,奕跑,passenger_car,approved,true,owned_reviewed_asset,起亚,奕跑,,passed,/assets/used-cars/owner-presentation-v2/vehicle-kia-kx1.webp,/assets/used-cars/owner-presentation-v2/vehicle-kia-kx1.webp,white,28,relative,webp,800
vehicle-kia-kx3,brand-kia,起亚,傲跑,passenger_car,approved,true,owned_reviewed_asset,起亚,傲跑,,passed,/assets/used-cars/owner-presentation-v2/vehicle-kia-kx3.webp,/assets/used-cars/owner-presentation-v2/vehicle-kia-kx3.webp,white,28,relative,webp,800
vehicle-kia-kx5,brand-kia,起亚,KX5,passenger_car,approved,true,owned_reviewed_asset,起亚,KX5,,passed,/assets/used-cars/owner-presentation-v2/vehicle-kia-kx5.webp,/assets/used-cars/owner-presentation-v2/vehicle-kia-kx5.webp,white,28,relative,webp,800
vehicle-kia-kx7,brand-kia,起亚,KX7,passenger_car,approved,true,owned_reviewed_asset,起亚,KX7,,passed,/assets/used-cars/owner-presentation-v2/vehicle-kia-kx7.webp,/assets/used-cars/owner-presentation-v2/vehicle-kia-kx7.webp,white,28,relative,webp,800
vehicle-kia-sportage,brand-kia,起亚,狮跑,passenger_car,approved,true,owned_reviewed_asset,起亚,狮跑,,passed,/assets/used-cars/owner-presentation-v2/vehicle-kia-sportage.webp,/assets/used-cars/owner-presentation-v2/vehicle-kia-sportage.webp,white,28,relative,webp,800
vehicle-kia-sportage-r,brand-kia,起亚,智跑,passenger_car,approved,true,owned_reviewed_asset,起亚,智跑,,passed,/assets/used-cars/owner-presentation-v2/vehicle-kia-sportage-r.webp,/assets/used-cars/owner-presentation-v2/vehicle-kia-sportage-r.webp,white,28,relative,webp,800
vehicle-kia-sportage-ace,brand-kia,起亚,狮铂拓界,passenger_car,approved,true,owned_reviewed_asset,起亚,狮铂拓界,,passed,/assets/used-cars/owner-presentation-v2/vehicle-kia-sportage-ace.webp,/assets/used-cars/owner-presentation-v2/vehicle-kia-sportage-ace.webp,white,28,relative,webp,800
vehicle-kia-seltos,brand-kia,起亚,赛图斯,passenger_car,approved,true,owned_reviewed_asset,起亚,赛图斯,,passed,/assets/used-cars/owner-presentation-v2/vehicle-kia-seltos.webp,/assets/used-cars/owner-presentation-v2/vehicle-kia-seltos.webp,white,28,relative,webp,800
vehicle-kia-sorento,brand-kia,起亚,索兰托,passenger_car,approved,true,owned_reviewed_asset,起亚,索兰托,,passed,/assets/used-cars/owner-presentation-v2/vehicle-kia-sorento.webp,/assets/used-cars/owner-presentation-v2/vehicle-kia-sorento.webp,white,28,relative,webp,800
vehicle-kia-carnival,brand-kia,起亚,嘉华,passenger_car,approved,true,owned_reviewed_asset,起亚,嘉华,,passed,/assets/used-cars/owner-presentation-v2/vehicle-kia-carnival.webp,/assets/used-cars/owner-presentation-v2/vehicle-kia-carnival.webp,white,28,relative,webp,800
vehicle-kia-forte,brand-kia,起亚,福瑞迪,passenger_car,approved,true,owned_reviewed_asset,起亚,福瑞迪,,passed,/assets/used-cars/owner-presentation-v2/vehicle-kia-forte.webp,/assets/used-cars/owner-presentation-v2/vehicle-kia-forte.webp,white,28,relative,webp,800
vehicle-kia-cerato,brand-kia,起亚,赛拉图,passenger_car,approved,true,owned_reviewed_asset,起亚,赛拉图,,passed,/assets/used-cars/owner-presentation-v2/vehicle-kia-cerato.webp,/assets/used-cars/owner-presentation-v2/vehicle-kia-cerato.webp,white,28,relative,webp,800
vehicle-kia-rio,brand-kia,起亚,锐欧,passenger_car,approved,true,owned_reviewed_asset,起亚,锐欧,,passed,/assets/used-cars/owner-presentation-v2/vehicle-kia-rio.webp,/assets/used-cars/owner-presentation-v2/vehicle-kia-rio.webp,white,28,relative,webp,800
vehicle-kia-soul,brand-kia,起亚,秀尔,passenger_car,approved,true,owned_reviewed_asset,起亚,秀尔,,passed,/assets/used-cars/owner-presentation-v2/vehicle-kia-soul.webp,/assets/used-cars/owner-presentation-v2/vehicle-kia-soul.webp,white,28,relative,webp,800
vehicle-kia-carens,brand-kia,起亚,佳乐,passenger_car,approved,true,owned_reviewed_asset,起亚,佳乐,,passed,/assets/used-cars/owner-presentation-v2/vehicle-kia-carens.webp,/assets/used-cars/owner-presentation-v2/vehicle-kia-carens.webp,white,28,relative,webp,800
vehicle-kia-stinger,brand-kia,起亚,斯汀格,passenger_car,approved,true,owned_reviewed_asset,起亚,斯汀格,,passed,/assets/used-cars/owner-presentation-v2/vehicle-kia-stinger.webp,/assets/used-cars/owner-presentation-v2/vehicle-kia-stinger.webp,white,28,relative,webp,800
vehicle-kia-ev5,brand-kia,起亚,EV5,passenger_car,approved,true,owned_reviewed_asset,起亚,EV5,,passed,/assets/used-cars/owner-presentation-v2/vehicle-kia-ev5.webp,/assets/used-cars/owner-presentation-v2/vehicle-kia-ev5.webp,white,28,relative,webp,800
vehicle-kia-ev6,brand-kia,起亚,EV6,passenger_car,approved,true,owned_reviewed_asset,起亚,EV6,,passed,/assets/used-cars/owner-presentation-v2/vehicle-kia-ev6.webp,/assets/used-cars/owner-presentation-v2/vehicle-kia-ev6.webp,white,28,relative,webp,800
vehicle-mazda-3,brand-mazda,马自达,马自达3,passenger_car,approved,true,owned_reviewed_asset,马自达,马自达3,,passed,/assets/used-cars/owner-presentation-v2/vehicle-mazda-3.webp,/assets/used-cars/owner-presentation-v2/vehicle-mazda-3.webp,white,28,relative,webp,800
vehicle-mazda-3-axela,brand-mazda,马自达,昂克赛拉,passenger_car,approved,true,owned_reviewed_asset,马自达,昂克赛拉,,passed,/assets/used-cars/owner-presentation-v2/vehicle-mazda-3-axela.webp,/assets/used-cars/owner-presentation-v2/vehicle-mazda-3-axela.webp,white,28,relative,webp,800
vehicle-mazda-6,brand-mazda,马自达,马自达6,passenger_car,approved,true,owned_reviewed_asset,马自达,马自达6,,passed,/assets/used-cars/owner-presentation-v2/vehicle-mazda-6.webp,/assets/used-cars/owner-presentation-v2/vehicle-mazda-6.webp,white,28,relative,webp,800
vehicle-mazda-atenza,brand-mazda,马自达,阿特兹,passenger_car,approved,true,owned_reviewed_asset,马自达,阿特兹,,passed,/assets/used-cars/owner-presentation-v2/vehicle-mazda-atenza.webp,/assets/used-cars/owner-presentation-v2/vehicle-mazda-atenza.webp,white,28,relative,webp,800
vehicle-mazda-6-ruiyi,brand-mazda,马自达,睿翼,passenger_car,approved,true,owned_reviewed_asset,马自达,睿翼,,passed,/assets/used-cars/owner-presentation-v2/vehicle-mazda-6-ruiyi.webp,/assets/used-cars/owner-presentation-v2/vehicle-mazda-6-ruiyi.webp,white,28,relative,webp,800
vehicle-mazda-2,brand-mazda,马自达,马自达2,passenger_car,approved,true,owned_reviewed_asset,马自达,马自达2,,passed,/assets/used-cars/owner-presentation-v2/vehicle-mazda-2.webp,/assets/used-cars/owner-presentation-v2/vehicle-mazda-2.webp,white,28,relative,webp,800
vehicle-mazda-5,brand-mazda,马自达,马自达5,passenger_car,approved,true,owned_reviewed_asset,马自达,马自达5,,passed,/assets/used-cars/owner-presentation-v2/vehicle-mazda-5.webp,/assets/used-cars/owner-presentation-v2/vehicle-mazda-5.webp,white,28,relative,webp,800
vehicle-mazda-8,brand-mazda,马自达,马自达8,passenger_car,approved,true,owned_reviewed_asset,马自达,马自达8,,passed,/assets/used-cars/owner-presentation-v2/vehicle-mazda-8.webp,/assets/used-cars/owner-presentation-v2/vehicle-mazda-8.webp,white,28,relative,webp,800
vehicle-mazda-cx3,brand-mazda,马自达,CX-3,passenger_car,approved,true,owned_reviewed_asset,马自达,CX-3,,passed,/assets/used-cars/owner-presentation-v2/vehicle-mazda-cx3.webp,/assets/used-cars/owner-presentation-v2/vehicle-mazda-cx3.webp,white,28,relative,webp,800
vehicle-mazda-cx4,brand-mazda,马自达,CX-4,passenger_car,approved,true,owned_reviewed_asset,马自达,CX-4,,passed,/assets/used-cars/owner-presentation-v2/vehicle-mazda-cx4.webp,/assets/used-cars/owner-presentation-v2/vehicle-mazda-cx4.webp,white,28,relative,webp,800
vehicle-mazda-cx5,brand-mazda,马自达,CX-5,passenger_car,approved,true,owned_reviewed_asset,马自达,CX-5,,passed,/assets/used-cars/owner-presentation-v2/vehicle-mazda-cx5.webp,/assets/used-cars/owner-presentation-v2/vehicle-mazda-cx5.webp,white,28,relative,webp,800
vehicle-mazda-cx7,brand-mazda,马自达,CX-7,passenger_car,approved,true,owned_reviewed_asset,马自达,CX-7,,passed,/assets/used-cars/owner-presentation-v2/vehicle-mazda-cx7.webp,/assets/used-cars/owner-presentation-v2/vehicle-mazda-cx7.webp,white,28,relative,webp,800
vehicle-mazda-cx8,brand-mazda,马自达,CX-8,passenger_car,approved,true,owned_reviewed_asset,马自达,CX-8,,passed,/assets/used-cars/owner-presentation-v2/vehicle-mazda-cx8.webp,/assets/used-cars/owner-presentation-v2/vehicle-mazda-cx8.webp,white,28,relative,webp,800
vehicle-mazda-cx30,brand-mazda,马自达,CX-30,passenger_car,approved,true,owned_reviewed_asset,马自达,CX-30,,passed,/assets/used-cars/owner-presentation-v2/vehicle-mazda-cx30.webp,/assets/used-cars/owner-presentation-v2/vehicle-mazda-cx30.webp,white,28,relative,webp,800
vehicle-mazda-cx50,brand-mazda,马自达,CX-50行也,passenger_car,approved,true,owned_reviewed_asset,马自达,CX-50行也,,passed,/assets/used-cars/owner-presentation-v2/vehicle-mazda-cx50.webp,/assets/used-cars/owner-presentation-v2/vehicle-mazda-cx50.webp,white,28,relative,webp,800
vehicle-mazda-ez6,brand-mazda,马自达,EZ-6,passenger_car,approved,true,owned_reviewed_asset,马自达,EZ-6,,passed,/assets/used-cars/owner-presentation-v2/vehicle-mazda-ez6.webp,/assets/used-cars/owner-presentation-v2/vehicle-mazda-ez6.webp,white,28,relative,webp,800
vehicle-mazda-ez60,brand-mazda,马自达,EZ-60,passenger_car,approved,true,owned_reviewed_asset,马自达,EZ-60,,passed,/assets/used-cars/owner-presentation-v2/vehicle-mazda-ez60.webp,/assets/used-cars/owner-presentation-v2/vehicle-mazda-ez60.webp,white,28,relative,webp,800
vehicle-mazda-mx5,brand-mazda,马自达,MX-5,passenger_car,approved,true,owned_reviewed_asset,马自达,MX-5,,passed,/assets/used-cars/owner-presentation-v2/vehicle-mazda-mx5.webp,/assets/used-cars/owner-presentation-v2/vehicle-mazda-mx5.webp,white,28,relative,webp,800
vehicle-mazda-rx8,brand-mazda,马自达,RX-8,passenger_car,approved,true,owned_reviewed_asset,马自达,RX-8,,passed,/assets/used-cars/owner-presentation-v2/vehicle-mazda-rx8.webp,/assets/used-cars/owner-presentation-v2/vehicle-mazda-rx8.webp,white,28,relative,webp,800
vehicle-peugeot-206,brand-peugeot,标致,206,passenger_car,approved,true,owned_reviewed_asset,标致,206,,passed,/assets/used-cars/owner-presentation-v2/vehicle-peugeot-206.webp,/assets/used-cars/owner-presentation-v2/vehicle-peugeot-206.webp,white,28,relative,webp,800
vehicle-peugeot-207,brand-peugeot,标致,207,passenger_car,approved,true,owned_reviewed_asset,标致,207,,passed,/assets/used-cars/owner-presentation-v2/vehicle-peugeot-207.webp,/assets/used-cars/owner-presentation-v2/vehicle-peugeot-207.webp,white,28,relative,webp,800
vehicle-peugeot-301,brand-peugeot,标致,301,passenger_car,approved,true,owned_reviewed_asset,标致,301,,passed,/assets/used-cars/owner-presentation-v2/vehicle-peugeot-301.webp,/assets/used-cars/owner-presentation-v2/vehicle-peugeot-301.webp,white,28,relative,webp,800
vehicle-peugeot-307,brand-peugeot,标致,307,passenger_car,approved,true,owned_reviewed_asset,标致,307,,passed,/assets/used-cars/owner-presentation-v2/vehicle-peugeot-307.webp,/assets/used-cars/owner-presentation-v2/vehicle-peugeot-307.webp,white,28,relative,webp,800
vehicle-peugeot-308,brand-peugeot,标致,308,passenger_car,approved,true,owned_reviewed_asset,标致,308,,passed,/assets/used-cars/owner-presentation-v2/vehicle-peugeot-308.webp,/assets/used-cars/owner-presentation-v2/vehicle-peugeot-308.webp,white,28,relative,webp,800
vehicle-peugeot-308s,brand-peugeot,标致,308S,passenger_car,approved,true,owned_reviewed_asset,标致,308S,,passed,/assets/used-cars/owner-presentation-v2/vehicle-peugeot-308s.webp,/assets/used-cars/owner-presentation-v2/vehicle-peugeot-308s.webp,white,28,relative,webp,800
vehicle-peugeot-408,brand-peugeot,标致,408,passenger_car,approved,true,owned_reviewed_asset,标致,408,,passed,/assets/used-cars/owner-presentation-v2/vehicle-peugeot-408.webp,/assets/used-cars/owner-presentation-v2/vehicle-peugeot-408.webp,white,28,relative,webp,800
vehicle-peugeot-408x,brand-peugeot,标致,408X,passenger_car,approved,true,owned_reviewed_asset,标致,408X,,passed,/assets/used-cars/owner-presentation-v2/vehicle-peugeot-408x.webp,/assets/used-cars/owner-presentation-v2/vehicle-peugeot-408x.webp,white,28,relative,webp,800
vehicle-peugeot-508,brand-peugeot,标致,508,passenger_car,approved,true,owned_reviewed_asset,标致,508,,passed,/assets/used-cars/owner-presentation-v2/vehicle-peugeot-508.webp,/assets/used-cars/owner-presentation-v2/vehicle-peugeot-508.webp,white,28,relative,webp,800
vehicle-peugeot-508l,brand-peugeot,标致,508L,passenger_car,approved,true,owned_reviewed_asset,标致,508L,,passed,/assets/used-cars/owner-presentation-v2/vehicle-peugeot-508l.webp,/assets/used-cars/owner-presentation-v2/vehicle-peugeot-508l.webp,white,28,relative,webp,800
vehicle-peugeot-2008,brand-peugeot,标致,2008,passenger_car,approved,true,owned_reviewed_asset,标致,2008,,passed,/assets/used-cars/owner-presentation-v2/vehicle-peugeot-2008.webp,/assets/used-cars/owner-presentation-v2/vehicle-peugeot-2008.webp,white,28,relative,webp,800
vehicle-peugeot-3008,brand-peugeot,标致,3008,passenger_car,approved,true,owned_reviewed_asset,标致,3008,,passed,/assets/used-cars/owner-presentation-v2/vehicle-peugeot-3008.webp,/assets/used-cars/owner-presentation-v2/vehicle-peugeot-3008.webp,white,28,relative,webp,800
vehicle-peugeot-4008,brand-peugeot,标致,4008,passenger_car,approved,true,owned_reviewed_asset,标致,4008,,passed,/assets/used-cars/owner-presentation-v2/vehicle-peugeot-4008.webp,/assets/used-cars/owner-presentation-v2/vehicle-peugeot-4008.webp,white,28,relative,webp,800
vehicle-peugeot-5008,brand-peugeot,标致,5008,passenger_car,approved,true,owned_reviewed_asset,标致,5008,,passed,/assets/used-cars/owner-presentation-v2/vehicle-peugeot-5008.webp,/assets/used-cars/owner-presentation-v2/vehicle-peugeot-5008.webp,white,28,relative,webp,800
vehicle-peugeot-rcz,brand-peugeot,标致,RCZ,passenger_car,approved,true,owned_reviewed_asset,标致,RCZ,,passed,/assets/used-cars/owner-presentation-v2/vehicle-peugeot-rcz.webp,/assets/used-cars/owner-presentation-v2/vehicle-peugeot-rcz.webp,white,28,relative,webp,800
vehicle-peugeot-e2008,brand-peugeot,标致,e-2008,passenger_car,approved,true,owned_reviewed_asset,标致,e-2008,,passed,/assets/used-cars/owner-presentation-v2/vehicle-peugeot-e2008.webp,/assets/used-cars/owner-presentation-v2/vehicle-peugeot-e2008.webp,white,28,relative,webp,800
vehicle-citroen-c2,brand-citroen,雪铁龙,C2,passenger_car,approved,true,owned_reviewed_asset,雪铁龙,C2,,passed,/assets/used-cars/owner-presentation-v2/vehicle-citroen-c2.webp,/assets/used-cars/owner-presentation-v2/vehicle-citroen-c2.webp,white,28,relative,webp,800
vehicle-citroen-c3xr,brand-citroen,雪铁龙,C3-XR,passenger_car,approved,true,owned_reviewed_asset,雪铁龙,C3-XR,,passed,/assets/used-cars/owner-presentation-v2/vehicle-citroen-c3xr.webp,/assets/used-cars/owner-presentation-v2/vehicle-citroen-c3xr.webp,white,28,relative,webp,800
vehicle-citroen-c4l,brand-citroen,雪铁龙,C4L,passenger_car,approved,true,owned_reviewed_asset,雪铁龙,C4L,,passed,/assets/used-cars/owner-presentation-v2/vehicle-citroen-c4l.webp,/assets/used-cars/owner-presentation-v2/vehicle-citroen-c4l.webp,white,28,relative,webp,800
vehicle-citroen-c4-quatre,brand-citroen,雪铁龙,世嘉,passenger_car,approved,true,owned_reviewed_asset,雪铁龙,世嘉,,passed,/assets/used-cars/owner-presentation-v2/vehicle-citroen-c4-quatre.webp,/assets/used-cars/owner-presentation-v2/vehicle-citroen-c4-quatre.webp,white,28,relative,webp,800
vehicle-citroen-c4-cquatre,brand-citroen,雪铁龙,C4世嘉,passenger_car,approved,true,owned_reviewed_asset,雪铁龙,C4世嘉,,passed,/assets/used-cars/owner-presentation-v2/vehicle-citroen-c4-cquatre.webp,/assets/used-cars/owner-presentation-v2/vehicle-citroen-c4-cquatre.webp,white,28,relative,webp,800
vehicle-citroen-c5,brand-citroen,雪铁龙,C5,passenger_car,approved,true,owned_reviewed_asset,雪铁龙,C5,,passed,/assets/used-cars/owner-presentation-v2/vehicle-citroen-c5.webp,/assets/used-cars/owner-presentation-v2/vehicle-citroen-c5.webp,white,28,relative,webp,800
vehicle-citroen-c6,brand-citroen,雪铁龙,C6,passenger_car,approved,true,owned_reviewed_asset,雪铁龙,C6,,passed,/assets/used-cars/owner-presentation-v2/vehicle-citroen-c6.webp,/assets/used-cars/owner-presentation-v2/vehicle-citroen-c6.webp,white,28,relative,webp,800
vehicle-citroen-c5x,brand-citroen,雪铁龙,凡尔赛C5 X,passenger_car,approved,true,owned_reviewed_asset,雪铁龙,凡尔赛C5 X,,passed,/assets/used-cars/owner-presentation-v2/vehicle-citroen-c5x.webp,/assets/used-cars/owner-presentation-v2/vehicle-citroen-c5x.webp,white,28,relative,webp,800
vehicle-citroen-c5-aircross,brand-citroen,雪铁龙,天逸C5 AIRCROSS,passenger_car,approved,true,owned_reviewed_asset,雪铁龙,天逸C5 AIRCROSS,,passed,/assets/used-cars/owner-presentation-v2/vehicle-citroen-c5-aircross.webp,/assets/used-cars/owner-presentation-v2/vehicle-citroen-c5-aircross.webp,white,28,relative,webp,800
vehicle-citroen-c4-aircross,brand-citroen,雪铁龙,云逸C4 AIRCROSS,passenger_car,approved,true,owned_reviewed_asset,雪铁龙,云逸C4 AIRCROSS,,passed,/assets/used-cars/owner-presentation-v2/vehicle-citroen-c4-aircross.webp,/assets/used-cars/owner-presentation-v2/vehicle-citroen-c4-aircross.webp,white,28,relative,webp,800
vehicle-citroen-elysee,brand-citroen,雪铁龙,爱丽舍,passenger_car,approved,true,owned_reviewed_asset,雪铁龙,爱丽舍,,passed,/assets/used-cars/owner-presentation-v2/vehicle-citroen-elysee.webp,/assets/used-cars/owner-presentation-v2/vehicle-citroen-elysee.webp,white,28,relative,webp,800
vehicle-citroen-fukang,brand-citroen,雪铁龙,富康,passenger_car,approved,true,owned_reviewed_asset,雪铁龙,富康,,passed,/assets/used-cars/owner-presentation-v2/vehicle-citroen-fukang.webp,/assets/used-cars/owner-presentation-v2/vehicle-citroen-fukang.webp,white,28,relative,webp,800
vehicle-citroen-xsara,brand-citroen,雪铁龙,赛纳,passenger_car,approved,true,owned_reviewed_asset,雪铁龙,赛纳,,passed,/assets/used-cars/owner-presentation-v2/vehicle-citroen-xsara.webp,/assets/used-cars/owner-presentation-v2/vehicle-citroen-xsara.webp,white,28,relative,webp,800
vehicle-citroen-picasso,brand-citroen,雪铁龙,毕加索,passenger_car,approved,true,owned_reviewed_asset,雪铁龙,毕加索,,passed,/assets/used-cars/owner-presentation-v2/vehicle-citroen-picasso.webp,/assets/used-cars/owner-presentation-v2/vehicle-citroen-picasso.webp,white,28,relative,webp,800
vehicle-citroen-c4-picasso,brand-citroen,雪铁龙,C4 PICASSO,passenger_car,approved,true,owned_reviewed_asset,雪铁龙,C4 PICASSO,,passed,/assets/used-cars/owner-presentation-v2/vehicle-citroen-c4-picasso.webp,/assets/used-cars/owner-presentation-v2/vehicle-citroen-c4-picasso.webp,white,28,relative,webp,800
vehicle-skoda-octavia,brand-skoda,斯柯达,明锐,passenger_car,approved,true,owned_reviewed_asset,斯柯达,明锐,,passed,/assets/used-cars/owner-presentation-v2/vehicle-skoda-octavia.webp,/assets/used-cars/owner-presentation-v2/vehicle-skoda-octavia.webp,white,28,relative,webp,800
vehicle-skoda-superb,brand-skoda,斯柯达,速派,passenger_car,approved,true,owned_reviewed_asset,斯柯达,速派,,passed,/assets/used-cars/owner-presentation-v2/vehicle-skoda-superb.webp,/assets/used-cars/owner-presentation-v2/vehicle-skoda-superb.webp,white,28,relative,webp,800
vehicle-skoda-superb-haorui,brand-skoda,斯柯达,昊锐,passenger_car,approved,true,owned_reviewed_asset,斯柯达,昊锐,,passed,/assets/used-cars/owner-presentation-v2/vehicle-skoda-superb-haorui.webp,/assets/used-cars/owner-presentation-v2/vehicle-skoda-superb-haorui.webp,white,28,relative,webp,800
vehicle-skoda-rapid,brand-skoda,斯柯达,昕锐,passenger_car,approved,true,owned_reviewed_asset,斯柯达,昕锐,,passed,/assets/used-cars/owner-presentation-v2/vehicle-skoda-rapid.webp,/assets/used-cars/owner-presentation-v2/vehicle-skoda-rapid.webp,white,28,relative,webp,800
vehicle-skoda-spaceback,brand-skoda,斯柯达,昕动,passenger_car,approved,true,owned_reviewed_asset,斯柯达,昕动,,passed,/assets/used-cars/owner-presentation-v2/vehicle-skoda-spaceback.webp,/assets/used-cars/owner-presentation-v2/vehicle-skoda-spaceback.webp,white,28,relative,webp,800
vehicle-skoda-fabia,brand-skoda,斯柯达,晶锐,passenger_car,approved,true,owned_reviewed_asset,斯柯达,晶锐,,passed,/assets/used-cars/owner-presentation-v2/vehicle-skoda-fabia.webp,/assets/used-cars/owner-presentation-v2/vehicle-skoda-fabia.webp,white,28,relative,webp,800
vehicle-skoda-kamiq,brand-skoda,斯柯达,柯米克,passenger_car,approved,true,owned_reviewed_asset,斯柯达,柯米克,,passed,/assets/used-cars/owner-presentation-v2/vehicle-skoda-kamiq.webp,/assets/used-cars/owner-presentation-v2/vehicle-skoda-kamiq.webp,white,28,relative,webp,800
vehicle-skoda-kamiq-gt,brand-skoda,斯柯达,柯米克GT,passenger_car,approved,true,owned_reviewed_asset,斯柯达,柯米克GT,,passed,/assets/used-cars/owner-presentation-v2/vehicle-skoda-kamiq-gt.webp,/assets/used-cars/owner-presentation-v2/vehicle-skoda-kamiq-gt.webp,white,28,relative,webp,800
vehicle-skoda-karoq,brand-skoda,斯柯达,柯珞克,passenger_car,approved,true,owned_reviewed_asset,斯柯达,柯珞克,,passed,/assets/used-cars/owner-presentation-v2/vehicle-skoda-karoq.webp,/assets/used-cars/owner-presentation-v2/vehicle-skoda-karoq.webp,white,28,relative,webp,800
vehicle-skoda-kodiaq,brand-skoda,斯柯达,柯迪亚克,passenger_car,approved,true,owned_reviewed_asset,斯柯达,柯迪亚克,,passed,/assets/used-cars/owner-presentation-v2/vehicle-skoda-kodiaq.webp,/assets/used-cars/owner-presentation-v2/vehicle-skoda-kodiaq.webp,white,28,relative,webp,800
vehicle-skoda-kodiaq-gt,brand-skoda,斯柯达,柯迪亚克GT,passenger_car,approved,true,owned_reviewed_asset,斯柯达,柯迪亚克GT,,passed,/assets/used-cars/owner-presentation-v2/vehicle-skoda-kodiaq-gt.webp,/assets/used-cars/owner-presentation-v2/vehicle-skoda-kodiaq-gt.webp,white,28,relative,webp,800
vehicle-skoda-yeti,brand-skoda,斯柯达,野帝,passenger_car,approved,true,owned_reviewed_asset,斯柯达,野帝,,passed,/assets/used-cars/owner-presentation-v2/vehicle-skoda-yeti.webp,/assets/used-cars/owner-presentation-v2/vehicle-skoda-yeti.webp,white,28,relative,webp,800
vehicle-jetta-va3,brand-jetta,捷达,VA3,passenger_car,approved,true,owned_reviewed_asset,捷达,VA3,,passed,/assets/used-cars/owner-presentation-v2/vehicle-jetta-va3.webp,/assets/used-cars/owner-presentation-v2/vehicle-jetta-va3.webp,white,28,relative,webp,800
vehicle-jetta-va7,brand-jetta,捷达,VA7,passenger_car,approved,true,owned_reviewed_asset,捷达,VA7,,passed,/assets/used-cars/owner-presentation-v2/vehicle-jetta-va7.webp,/assets/used-cars/owner-presentation-v2/vehicle-jetta-va7.webp,white,28,relative,webp,800
vehicle-jetta-vs5,brand-jetta,捷达,VS5,passenger_car,approved,true,owned_reviewed_asset,捷达,VS5,,passed,/assets/used-cars/owner-presentation-v2/vehicle-jetta-vs5.webp,/assets/used-cars/owner-presentation-v2/vehicle-jetta-vs5.webp,white,28,relative,webp,800
vehicle-jetta-vs7,brand-jetta,捷达,VS7,passenger_car,approved,true,owned_reviewed_asset,捷达,VS7,,passed,/assets/used-cars/owner-presentation-v2/vehicle-jetta-vs7.webp,/assets/used-cars/owner-presentation-v2/vehicle-jetta-vs7.webp,white,28,relative,webp,800
vehicle-mitsubishi-outlander,brand-mitsubishi,三菱,欧蓝德,passenger_car,approved,true,owned_reviewed_asset,三菱,欧蓝德,,passed,/assets/used-cars/owner-presentation-v2/vehicle-mitsubishi-outlander.webp,/assets/used-cars/owner-presentation-v2/vehicle-mitsubishi-outlander.webp,white,28,relative,webp,800
vehicle-mitsubishi-asx,brand-mitsubishi,三菱,劲炫ASX,passenger_car,approved,true,owned_reviewed_asset,三菱,劲炫ASX,,passed,/assets/used-cars/owner-presentation-v2/vehicle-mitsubishi-asx.webp,/assets/used-cars/owner-presentation-v2/vehicle-mitsubishi-asx.webp,white,28,relative,webp,800
vehicle-mitsubishi-eclipse-cross,brand-mitsubishi,三菱,奕歌,passenger_car,approved,true,owned_reviewed_asset,三菱,奕歌,,passed,/assets/used-cars/owner-presentation-v2/vehicle-mitsubishi-eclipse-cross.webp,/assets/used-cars/owner-presentation-v2/vehicle-mitsubishi-eclipse-cross.webp,white,28,relative,webp,800
vehicle-mitsubishi-pajero,brand-mitsubishi,三菱,帕杰罗,passenger_car,approved,true,owned_reviewed_asset,三菱,帕杰罗,,passed,/assets/used-cars/owner-presentation-v2/vehicle-mitsubishi-pajero.webp,/assets/used-cars/owner-presentation-v2/vehicle-mitsubishi-pajero.webp,white,28,relative,webp,800
vehicle-mitsubishi-pajero-sport,brand-mitsubishi,三菱,帕杰罗·劲畅,passenger_car,approved,true,owned_reviewed_asset,三菱,帕杰罗·劲畅,,passed,/assets/used-cars/owner-presentation-v2/vehicle-mitsubishi-pajero-sport.webp,/assets/used-cars/owner-presentation-v2/vehicle-mitsubishi-pajero-sport.webp,white,28,relative,webp,800
vehicle-mitsubishi-lancer,brand-mitsubishi,三菱,蓝瑟,passenger_car,approved,true,owned_reviewed_asset,三菱,蓝瑟,,passed,/assets/used-cars/owner-presentation-v2/vehicle-mitsubishi-lancer.webp,/assets/used-cars/owner-presentation-v2/vehicle-mitsubishi-lancer.webp,white,28,relative,webp,800
vehicle-mitsubishi-lancer-ex,brand-mitsubishi,三菱,翼神,passenger_car,approved,true,owned_reviewed_asset,三菱,翼神,,passed,/assets/used-cars/owner-presentation-v2/vehicle-mitsubishi-lancer-ex.webp,/assets/used-cars/owner-presentation-v2/vehicle-mitsubishi-lancer-ex.webp,white,28,relative,webp,800
vehicle-mitsubishi-galant,brand-mitsubishi,三菱,戈蓝,passenger_car,approved,true,owned_reviewed_asset,三菱,戈蓝,,passed,/assets/used-cars/owner-presentation-v2/vehicle-mitsubishi-galant.webp,/assets/used-cars/owner-presentation-v2/vehicle-mitsubishi-galant.webp,white,28,relative,webp,800
vehicle-mitsubishi-grandis,brand-mitsubishi,三菱,格蓝迪,passenger_car,approved,true,owned_reviewed_asset,三菱,格蓝迪,,passed,/assets/used-cars/owner-presentation-v2/vehicle-mitsubishi-grandis.webp,/assets/used-cars/owner-presentation-v2/vehicle-mitsubishi-grandis.webp,white,28,relative,webp,800
vehicle-mitsubishi-zinger,brand-mitsubishi,三菱,君阁,passenger_car,approved,true,owned_reviewed_asset,三菱,君阁,,passed,/assets/used-cars/owner-presentation-v2/vehicle-mitsubishi-zinger.webp,/assets/used-cars/owner-presentation-v2/vehicle-mitsubishi-zinger.webp,white,28,relative,webp,800
vehicle-mitsubishi-airtrek,brand-mitsubishi,三菱,阿图柯,passenger_car,approved,true,owned_reviewed_asset,三菱,阿图柯,,passed,/assets/used-cars/owner-presentation-v2/vehicle-mitsubishi-airtrek.webp,/assets/used-cars/owner-presentation-v2/vehicle-mitsubishi-airtrek.webp,white,28,relative,webp,800
vehicle-suzuki-swift,brand-suzuki,铃木,雨燕,passenger_car,approved,true,owned_reviewed_asset,铃木,雨燕,,passed,/assets/used-cars/owner-presentation-v2/vehicle-suzuki-swift.webp,/assets/used-cars/owner-presentation-v2/vehicle-suzuki-swift.webp,white,28,relative,webp,800
vehicle-suzuki-alto,brand-suzuki,铃木,奥拓,passenger_car,approved,true,owned_reviewed_asset,铃木,奥拓,,passed,/assets/used-cars/owner-presentation-v2/vehicle-suzuki-alto.webp,/assets/used-cars/owner-presentation-v2/vehicle-suzuki-alto.webp,white,28,relative,webp,800
vehicle-suzuki-s-cross,brand-suzuki,铃木,骁途,passenger_car,approved,true,owned_reviewed_asset,铃木,骁途,,passed,/assets/used-cars/owner-presentation-v2/vehicle-suzuki-s-cross.webp,/assets/used-cars/owner-presentation-v2/vehicle-suzuki-s-cross.webp,white,28,relative,webp,800
vehicle-suzuki-sx4,brand-suzuki,铃木,天语SX4,passenger_car,approved,true,owned_reviewed_asset,铃木,天语SX4,,passed,/assets/used-cars/owner-presentation-v2/vehicle-suzuki-sx4.webp,/assets/used-cars/owner-presentation-v2/vehicle-suzuki-sx4.webp,white,28,relative,webp,800
vehicle-suzuki-s-cross-fengyu,brand-suzuki,铃木,锋驭,passenger_car,approved,true,owned_reviewed_asset,铃木,锋驭,,passed,/assets/used-cars/owner-presentation-v2/vehicle-suzuki-s-cross-fengyu.webp,/assets/used-cars/owner-presentation-v2/vehicle-suzuki-s-cross-fengyu.webp,white,28,relative,webp,800
vehicle-suzuki-vitara,brand-suzuki,铃木,维特拉,passenger_car,approved,true,owned_reviewed_asset,铃木,维特拉,,passed,/assets/used-cars/owner-presentation-v2/vehicle-suzuki-vitara.webp,/assets/used-cars/owner-presentation-v2/vehicle-suzuki-vitara.webp,white,28,relative,webp,800
vehicle-suzuki-grand-vitara,brand-suzuki,铃木,超级维特拉,passenger_car,approved,true,owned_reviewed_asset,铃木,超级维特拉,,passed,/assets/used-cars/owner-presentation-v2/vehicle-suzuki-grand-vitara.webp,/assets/used-cars/owner-presentation-v2/vehicle-suzuki-grand-vitara.webp,white,28,relative,webp,800
vehicle-suzuki-jimny,brand-suzuki,铃木,吉姆尼,passenger_car,approved,true,owned_reviewed_asset,铃木,吉姆尼,,passed,/assets/used-cars/owner-presentation-v2/vehicle-suzuki-jimny.webp,/assets/used-cars/owner-presentation-v2/vehicle-suzuki-jimny.webp,white,28,relative,webp,800
vehicle-suzuki-alivio,brand-suzuki,铃木,启悦,passenger_car,approved,true,owned_reviewed_asset,铃木,启悦,,passed,/assets/used-cars/owner-presentation-v2/vehicle-suzuki-alivio.webp,/assets/used-cars/owner-presentation-v2/vehicle-suzuki-alivio.webp,white,28,relative,webp,800
vehicle-suzuki-liana,brand-suzuki,铃木,利亚纳,passenger_car,approved,true,owned_reviewed_asset,铃木,利亚纳,,passed,/assets/used-cars/owner-presentation-v2/vehicle-suzuki-liana.webp,/assets/used-cars/owner-presentation-v2/vehicle-suzuki-liana.webp,white,28,relative,webp,800
vehicle-suzuki-beidouxing,brand-suzuki,铃木,北斗星,passenger_car,approved,true,owned_reviewed_asset,铃木,北斗星,,passed,/assets/used-cars/owner-presentation-v2/vehicle-suzuki-beidouxing.webp,/assets/used-cars/owner-presentation-v2/vehicle-suzuki-beidouxing.webp,white,28,relative,webp,800
vehicle-suzuki-kizashi,brand-suzuki,铃木,凯泽西,passenger_car,approved,true,owned_reviewed_asset,铃木,凯泽西,,passed,/assets/used-cars/owner-presentation-v2/vehicle-suzuki-kizashi.webp,/assets/used-cars/owner-presentation-v2/vehicle-suzuki-kizashi.webp,white,28,relative,webp,800
vehicle-suzuki-wagon-r,brand-suzuki,铃木,浪迪,passenger_car,approved,true,owned_reviewed_asset,铃木,浪迪,,passed,/assets/used-cars/owner-presentation-v2/vehicle-suzuki-wagon-r.webp,/assets/used-cars/owner-presentation-v2/vehicle-suzuki-wagon-r.webp,white,28,relative,webp,800
vehicle-subaru-forester,brand-subaru,斯巴鲁,森林人,passenger_car,approved,true,owned_reviewed_asset,斯巴鲁,森林人,,passed,/assets/used-cars/owner-presentation-v2/vehicle-subaru-forester.webp,/assets/used-cars/owner-presentation-v2/vehicle-subaru-forester.webp,white,28,relative,webp,800
vehicle-subaru-outback,brand-subaru,斯巴鲁,傲虎,passenger_car,approved,true,owned_reviewed_asset,斯巴鲁,傲虎,,passed,/assets/used-cars/owner-presentation-v2/vehicle-subaru-outback.webp,/assets/used-cars/owner-presentation-v2/vehicle-subaru-outback.webp,white,28,relative,webp,800
vehicle-subaru-xv,brand-subaru,斯巴鲁,XV,passenger_car,approved,true,owned_reviewed_asset,斯巴鲁,XV,,passed,/assets/used-cars/owner-presentation-v2/vehicle-subaru-xv.webp,/assets/used-cars/owner-presentation-v2/vehicle-subaru-xv.webp,white,28,relative,webp,800
vehicle-subaru-crosstrek,brand-subaru,斯巴鲁,旭豹,passenger_car,approved,true,owned_reviewed_asset,斯巴鲁,旭豹,,passed,/assets/used-cars/owner-presentation-v2/vehicle-subaru-crosstrek.webp,/assets/used-cars/owner-presentation-v2/vehicle-subaru-crosstrek.webp,white,28,relative,webp,800
vehicle-subaru-legacy,brand-subaru,斯巴鲁,力狮,passenger_car,approved,true,owned_reviewed_asset,斯巴鲁,力狮,,passed,/assets/used-cars/owner-presentation-v2/vehicle-subaru-legacy.webp,/assets/used-cars/owner-presentation-v2/vehicle-subaru-legacy.webp,white,28,relative,webp,800
vehicle-subaru-impreza,brand-subaru,斯巴鲁,翼豹,passenger_car,approved,true,owned_reviewed_asset,斯巴鲁,翼豹,,passed,/assets/used-cars/owner-presentation-v2/vehicle-subaru-impreza.webp,/assets/used-cars/owner-presentation-v2/vehicle-subaru-impreza.webp,white,28,relative,webp,800
vehicle-subaru-brz,brand-subaru,斯巴鲁,BRZ,passenger_car,approved,true,owned_reviewed_asset,斯巴鲁,BRZ,,passed,/assets/used-cars/owner-presentation-v2/vehicle-subaru-brz.webp,/assets/used-cars/owner-presentation-v2/vehicle-subaru-brz.webp,white,28,relative,webp,800
vehicle-subaru-tribeca,brand-subaru,斯巴鲁,驰鹏,passenger_car,approved,true,owned_reviewed_asset,斯巴鲁,驰鹏,,passed,/assets/used-cars/owner-presentation-v2/vehicle-subaru-tribeca.webp,/assets/used-cars/owner-presentation-v2/vehicle-subaru-tribeca.webp,white,28,relative,webp,800
vehicle-subaru-wrx,brand-subaru,斯巴鲁,WRX,passenger_car,approved,true,owned_reviewed_asset,斯巴鲁,WRX,,passed,/assets/used-cars/owner-presentation-v2/vehicle-subaru-wrx.webp,/assets/used-cars/owner-presentation-v2/vehicle-subaru-wrx.webp,white,28,relative,webp,800
vehicle-renault-koleos,brand-renault,雷诺,科雷傲,passenger_car,approved,true,owned_reviewed_asset,雷诺,科雷傲,,passed,/assets/used-cars/owner-presentation-v2/vehicle-renault-koleos.webp,/assets/used-cars/owner-presentation-v2/vehicle-renault-koleos.webp,white,28,relative,webp,800
vehicle-renault-kadjar,brand-renault,雷诺,科雷嘉,passenger_car,approved,true,owned_reviewed_asset,雷诺,科雷嘉,,passed,/assets/used-cars/owner-presentation-v2/vehicle-renault-kadjar.webp,/assets/used-cars/owner-presentation-v2/vehicle-renault-kadjar.webp,white,28,relative,webp,800
vehicle-renault-captur,brand-renault,雷诺,卡缤,passenger_car,approved,true,owned_reviewed_asset,雷诺,卡缤,,passed,/assets/used-cars/owner-presentation-v2/vehicle-renault-captur.webp,/assets/used-cars/owner-presentation-v2/vehicle-renault-captur.webp,white,28,relative,webp,800
vehicle-renault-city-kze,brand-renault,雷诺,雷诺 e诺,passenger_car,approved,true,owned_reviewed_asset,雷诺,雷诺 e诺,,passed,/assets/used-cars/owner-presentation-v2/vehicle-renault-city-kze.webp,/assets/used-cars/owner-presentation-v2/vehicle-renault-city-kze.webp,white,28,relative,webp,800
vehicle-renault-fluence,brand-renault,雷诺,风朗,passenger_car,approved,true,owned_reviewed_asset,雷诺,风朗,,passed,/assets/used-cars/owner-presentation-v2/vehicle-renault-fluence.webp,/assets/used-cars/owner-presentation-v2/vehicle-renault-fluence.webp,white,28,relative,webp,800
vehicle-renault-latitude,brand-renault,雷诺,纬度,passenger_car,approved,true,owned_reviewed_asset,雷诺,纬度,,passed,/assets/used-cars/owner-presentation-v2/vehicle-renault-latitude.webp,/assets/used-cars/owner-presentation-v2/vehicle-renault-latitude.webp,white,28,relative,webp,800
vehicle-renault-laguna,brand-renault,雷诺,拉古那,passenger_car,approved,true,owned_reviewed_asset,雷诺,拉古那,,passed,/assets/used-cars/owner-presentation-v2/vehicle-renault-laguna.webp,/assets/used-cars/owner-presentation-v2/vehicle-renault-laguna.webp,white,28,relative,webp,800
vehicle-renault-scenic,brand-renault,雷诺,风景,passenger_car,approved,true,owned_reviewed_asset,雷诺,风景,,passed,/assets/used-cars/owner-presentation-v2/vehicle-renault-scenic.webp,/assets/used-cars/owner-presentation-v2/vehicle-renault-scenic.webp,white,28,relative,webp,800
vehicle-renault-espace,brand-renault,雷诺,Espace,passenger_car,approved,true,owned_reviewed_asset,雷诺,Espace,,passed,/assets/used-cars/owner-presentation-v2/vehicle-renault-espace.webp,/assets/used-cars/owner-presentation-v2/vehicle-renault-espace.webp,white,28,relative,webp,800
vehicle-renault-megane,brand-renault,雷诺,梅甘娜,passenger_car,approved,true,owned_reviewed_asset,雷诺,梅甘娜,,passed,/assets/used-cars/owner-presentation-v2/vehicle-renault-megane.webp,/assets/used-cars/owner-presentation-v2/vehicle-renault-megane.webp,white,28,relative,webp,800
vehicle-volvo-s60,brand-volvo,沃尔沃,S60,passenger_car,approved,true,owned_reviewed_asset,沃尔沃,S60,,passed,/assets/used-cars/owner-presentation-v2/vehicle-volvo-s60.webp,/assets/used-cars/owner-presentation-v2/vehicle-volvo-s60.webp,white,28,relative,webp,800
vehicle-volvo-s60l,brand-volvo,沃尔沃,S60L,passenger_car,approved,true,owned_reviewed_asset,沃尔沃,S60L,,passed,/assets/used-cars/owner-presentation-v2/vehicle-volvo-s60l.webp,/assets/used-cars/owner-presentation-v2/vehicle-volvo-s60l.webp,white,28,relative,webp,800
vehicle-volvo-s90,brand-volvo,沃尔沃,S90,passenger_car,approved,true,owned_reviewed_asset,沃尔沃,S90,,passed,/assets/used-cars/owner-presentation-v2/vehicle-volvo-s90.webp,/assets/used-cars/owner-presentation-v2/vehicle-volvo-s90.webp,white,28,relative,webp,800
vehicle-volvo-s40,brand-volvo,沃尔沃,S40,passenger_car,approved,true,owned_reviewed_asset,沃尔沃,S40,,passed,/assets/used-cars/owner-presentation-v2/vehicle-volvo-s40.webp,/assets/used-cars/owner-presentation-v2/vehicle-volvo-s40.webp,white,28,relative,webp,800
vehicle-volvo-s80,brand-volvo,沃尔沃,S80,passenger_car,approved,true,owned_reviewed_asset,沃尔沃,S80,,passed,/assets/used-cars/owner-presentation-v2/vehicle-volvo-s80.webp,/assets/used-cars/owner-presentation-v2/vehicle-volvo-s80.webp,white,28,relative,webp,800
vehicle-volvo-s80l,brand-volvo,沃尔沃,S80L,passenger_car,approved,true,owned_reviewed_asset,沃尔沃,S80L,,passed,/assets/used-cars/owner-presentation-v2/vehicle-volvo-s80l.webp,/assets/used-cars/owner-presentation-v2/vehicle-volvo-s80l.webp,white,28,relative,webp,800
vehicle-volvo-v40,brand-volvo,沃尔沃,V40,passenger_car,approved,true,owned_reviewed_asset,沃尔沃,V40,,passed,/assets/used-cars/owner-presentation-v2/vehicle-volvo-v40.webp,/assets/used-cars/owner-presentation-v2/vehicle-volvo-v40.webp,white,28,relative,webp,800
vehicle-volvo-v60,brand-volvo,沃尔沃,V60,passenger_car,approved,true,owned_reviewed_asset,沃尔沃,V60,,passed,/assets/used-cars/owner-presentation-v2/vehicle-volvo-v60.webp,/assets/used-cars/owner-presentation-v2/vehicle-volvo-v60.webp,white,28,relative,webp,800
vehicle-volvo-v90,brand-volvo,沃尔沃,V90,passenger_car,approved,true,owned_reviewed_asset,沃尔沃,V90,,passed,/assets/used-cars/owner-presentation-v2/vehicle-volvo-v90.webp,/assets/used-cars/owner-presentation-v2/vehicle-volvo-v90.webp,white,28,relative,webp,800
vehicle-volvo-xc40,brand-volvo,沃尔沃,XC40,passenger_car,approved,true,owned_reviewed_asset,沃尔沃,XC40,,passed,/assets/used-cars/owner-presentation-v2/vehicle-volvo-xc40.webp,/assets/used-cars/owner-presentation-v2/vehicle-volvo-xc40.webp,white,28,relative,webp,800
vehicle-volvo-xc60,brand-volvo,沃尔沃,XC60,passenger_car,approved,true,owned_reviewed_asset,沃尔沃,XC60,,passed,/assets/used-cars/owner-presentation-v2/vehicle-volvo-xc60.webp,/assets/used-cars/owner-presentation-v2/vehicle-volvo-xc60.webp,white,28,relative,webp,800
vehicle-volvo-xc90,brand-volvo,沃尔沃,XC90,passenger_car,approved,true,owned_reviewed_asset,沃尔沃,XC90,,passed,/assets/used-cars/owner-presentation-v2/vehicle-volvo-xc90.webp,/assets/used-cars/owner-presentation-v2/vehicle-volvo-xc90.webp,white,28,relative,webp,800
vehicle-volvo-c30,brand-volvo,沃尔沃,C30,passenger_car,approved,true,owned_reviewed_asset,沃尔沃,C30,,passed,/assets/used-cars/owner-presentation-v2/vehicle-volvo-c30.webp,/assets/used-cars/owner-presentation-v2/vehicle-volvo-c30.webp,white,28,relative,webp,800
vehicle-volvo-c40,brand-volvo,沃尔沃,C40,passenger_car,approved,true,owned_reviewed_asset,沃尔沃,C40,,passed,/assets/used-cars/owner-presentation-v2/vehicle-volvo-c40.webp,/assets/used-cars/owner-presentation-v2/vehicle-volvo-c40.webp,white,28,relative,webp,800
vehicle-volvo-c70,brand-volvo,沃尔沃,C70,passenger_car,approved,true,owned_reviewed_asset,沃尔沃,C70,,passed,/assets/used-cars/owner-presentation-v2/vehicle-volvo-c70.webp,/assets/used-cars/owner-presentation-v2/vehicle-volvo-c70.webp,white,28,relative,webp,800
vehicle-volvo-ex30,brand-volvo,沃尔沃,EX30,passenger_car,approved,true,owned_reviewed_asset,沃尔沃,EX30,,passed,/assets/used-cars/owner-presentation-v2/vehicle-volvo-ex30.webp,/assets/used-cars/owner-presentation-v2/vehicle-volvo-ex30.webp,white,28,relative,webp,800
vehicle-volvo-ex90,brand-volvo,沃尔沃,EX90,passenger_car,approved,true,owned_reviewed_asset,沃尔沃,EX90,,passed,/assets/used-cars/owner-presentation-v2/vehicle-volvo-ex90.webp,/assets/used-cars/owner-presentation-v2/vehicle-volvo-ex90.webp,white,28,relative,webp,800
vehicle-volvo-em90,brand-volvo,沃尔沃,EM90,passenger_car,approved,true,owned_reviewed_asset,沃尔沃,EM90,,passed,/assets/used-cars/owner-presentation-v2/vehicle-volvo-em90.webp,/assets/used-cars/owner-presentation-v2/vehicle-volvo-em90.webp,white,28,relative,webp,800
vehicle-cadillac-ct4,brand-cadillac,凯迪拉克,CT4,passenger_car,approved,true,owned_reviewed_asset,凯迪拉克,CT4,,passed,/assets/used-cars/owner-presentation-v2/vehicle-cadillac-ct4.webp,/assets/used-cars/owner-presentation-v2/vehicle-cadillac-ct4.webp,white,28,relative,webp,800
vehicle-cadillac-ct5,brand-cadillac,凯迪拉克,CT5,passenger_car,approved,true,owned_reviewed_asset,凯迪拉克,CT5,,passed,/assets/used-cars/owner-presentation-v2/vehicle-cadillac-ct5.webp,/assets/used-cars/owner-presentation-v2/vehicle-cadillac-ct5.webp,white,28,relative,webp,800
vehicle-cadillac-ct6,brand-cadillac,凯迪拉克,CT6,passenger_car,approved,true,owned_reviewed_asset,凯迪拉克,CT6,,passed,/assets/used-cars/owner-presentation-v2/vehicle-cadillac-ct6.webp,/assets/used-cars/owner-presentation-v2/vehicle-cadillac-ct6.webp,white,28,relative,webp,800
vehicle-cadillac-ats,brand-cadillac,凯迪拉克,ATS,passenger_car,approved,true,owned_reviewed_asset,凯迪拉克,ATS,,passed,/assets/used-cars/owner-presentation-v2/vehicle-cadillac-ats.webp,/assets/used-cars/owner-presentation-v2/vehicle-cadillac-ats.webp,white,28,relative,webp,800
vehicle-cadillac-atsl,brand-cadillac,凯迪拉克,ATS-L,passenger_car,approved,true,owned_reviewed_asset,凯迪拉克,ATS-L,,passed,/assets/used-cars/owner-presentation-v2/vehicle-cadillac-atsl.webp,/assets/used-cars/owner-presentation-v2/vehicle-cadillac-atsl.webp,white,28,relative,webp,800
vehicle-cadillac-xts,brand-cadillac,凯迪拉克,XTS,passenger_car,approved,true,owned_reviewed_asset,凯迪拉克,XTS,,passed,/assets/used-cars/owner-presentation-v2/vehicle-cadillac-xts.webp,/assets/used-cars/owner-presentation-v2/vehicle-cadillac-xts.webp,white,28,relative,webp,800
vehicle-cadillac-cts,brand-cadillac,凯迪拉克,CTS,passenger_car,approved,true,owned_reviewed_asset,凯迪拉克,CTS,,passed,/assets/used-cars/owner-presentation-v2/vehicle-cadillac-cts.webp,/assets/used-cars/owner-presentation-v2/vehicle-cadillac-cts.webp,white,28,relative,webp,800
vehicle-cadillac-srx,brand-cadillac,凯迪拉克,SRX,passenger_car,approved,true,owned_reviewed_asset,凯迪拉克,SRX,,passed,/assets/used-cars/owner-presentation-v2/vehicle-cadillac-srx.webp,/assets/used-cars/owner-presentation-v2/vehicle-cadillac-srx.webp,white,28,relative,webp,800
vehicle-cadillac-xt4,brand-cadillac,凯迪拉克,XT4,passenger_car,approved,true,owned_reviewed_asset,凯迪拉克,XT4,,passed,/assets/used-cars/owner-presentation-v2/vehicle-cadillac-xt4.webp,/assets/used-cars/owner-presentation-v2/vehicle-cadillac-xt4.webp,white,28,relative,webp,800
vehicle-cadillac-xt5,brand-cadillac,凯迪拉克,XT5,passenger_car,approved,true,owned_reviewed_asset,凯迪拉克,XT5,,passed,/assets/used-cars/owner-presentation-v2/vehicle-cadillac-xt5.webp,/assets/used-cars/owner-presentation-v2/vehicle-cadillac-xt5.webp,white,28,relative,webp,800
vehicle-cadillac-xt6,brand-cadillac,凯迪拉克,XT6,passenger_car,approved,true,owned_reviewed_asset,凯迪拉克,XT6,,passed,/assets/used-cars/owner-presentation-v2/vehicle-cadillac-xt6.webp,/assets/used-cars/owner-presentation-v2/vehicle-cadillac-xt6.webp,white,28,relative,webp,800
vehicle-cadillac-escalade,brand-cadillac,凯迪拉克,凯雷德,passenger_car,approved,true,owned_reviewed_asset,凯迪拉克,凯雷德,,passed,/assets/used-cars/owner-presentation-v2/vehicle-cadillac-escalade.webp,/assets/used-cars/owner-presentation-v2/vehicle-cadillac-escalade.webp,white,28,relative,webp,800
vehicle-cadillac-lyriq,brand-cadillac,凯迪拉克,LYRIQ锐歌,passenger_car,approved,true,owned_reviewed_asset,凯迪拉克,LYRIQ锐歌,,passed,/assets/used-cars/owner-presentation-v2/vehicle-cadillac-lyriq.webp,/assets/used-cars/owner-presentation-v2/vehicle-cadillac-lyriq.webp,white,28,relative,webp,800
vehicle-cadillac-optiq,brand-cadillac,凯迪拉克,IQ傲歌,passenger_car,approved,true,owned_reviewed_asset,凯迪拉克,IQ傲歌,,passed,/assets/used-cars/owner-presentation-v2/vehicle-cadillac-optiq.webp,/assets/used-cars/owner-presentation-v2/vehicle-cadillac-optiq.webp,white,28,relative,webp,800
vehicle-cadillac-dts,brand-cadillac,凯迪拉克,DTS,passenger_car,approved,true,owned_reviewed_asset,凯迪拉克,DTS,,passed,/assets/used-cars/owner-presentation-v2/vehicle-cadillac-dts.webp,/assets/used-cars/owner-presentation-v2/vehicle-cadillac-dts.webp,white,28,relative,webp,800
vehicle-cadillac-sls,brand-cadillac,凯迪拉克,赛威,passenger_car,approved,true,owned_reviewed_asset,凯迪拉克,赛威,,passed,/assets/used-cars/owner-presentation-v2/vehicle-cadillac-sls.webp,/assets/used-cars/owner-presentation-v2/vehicle-cadillac-sls.webp,white,28,relative,webp,800
vehicle-lexus-es,brand-lexus,雷克萨斯,ES,passenger_car,approved,true,owned_reviewed_asset,雷克萨斯,ES,,passed,/assets/used-cars/owner-presentation-v2/vehicle-lexus-es.webp,/assets/used-cars/owner-presentation-v2/vehicle-lexus-es.webp,white,28,relative,webp,800
vehicle-lexus-is,brand-lexus,雷克萨斯,IS,passenger_car,approved,true,owned_reviewed_asset,雷克萨斯,IS,,passed,/assets/used-cars/owner-presentation-v2/vehicle-lexus-is.webp,/assets/used-cars/owner-presentation-v2/vehicle-lexus-is.webp,white,28,relative,webp,800
vehicle-lexus-ls,brand-lexus,雷克萨斯,LS,passenger_car,approved,true,owned_reviewed_asset,雷克萨斯,LS,,passed,/assets/used-cars/owner-presentation-v2/vehicle-lexus-ls.webp,/assets/used-cars/owner-presentation-v2/vehicle-lexus-ls.webp,white,28,relative,webp,800
vehicle-lexus-gs,brand-lexus,雷克萨斯,GS,passenger_car,approved,true,owned_reviewed_asset,雷克萨斯,GS,,passed,/assets/used-cars/owner-presentation-v2/vehicle-lexus-gs.webp,/assets/used-cars/owner-presentation-v2/vehicle-lexus-gs.webp,white,28,relative,webp,800
vehicle-lexus-ct,brand-lexus,雷克萨斯,CT,passenger_car,approved,true,owned_reviewed_asset,雷克萨斯,CT,,passed,/assets/used-cars/owner-presentation-v2/vehicle-lexus-ct.webp,/assets/used-cars/owner-presentation-v2/vehicle-lexus-ct.webp,white,28,relative,webp,800
vehicle-lexus-ux,brand-lexus,雷克萨斯,UX,passenger_car,approved,true,owned_reviewed_asset,雷克萨斯,UX,,passed,/assets/used-cars/owner-presentation-v2/vehicle-lexus-ux.webp,/assets/used-cars/owner-presentation-v2/vehicle-lexus-ux.webp,white,28,relative,webp,800
vehicle-lexus-nx,brand-lexus,雷克萨斯,NX,passenger_car,approved,true,owned_reviewed_asset,雷克萨斯,NX,,passed,/assets/used-cars/owner-presentation-v2/vehicle-lexus-nx.webp,/assets/used-cars/owner-presentation-v2/vehicle-lexus-nx.webp,white,28,relative,webp,800
vehicle-lexus-rx,brand-lexus,雷克萨斯,RX,passenger_car,approved,true,owned_reviewed_asset,雷克萨斯,RX,,passed,/assets/used-cars/owner-presentation-v2/vehicle-lexus-rx.webp,/assets/used-cars/owner-presentation-v2/vehicle-lexus-rx.webp,white,28,relative,webp,800
vehicle-lexus-gx,brand-lexus,雷克萨斯,GX,passenger_car,approved,true,owned_reviewed_asset,雷克萨斯,GX,,passed,/assets/used-cars/owner-presentation-v2/vehicle-lexus-gx.webp,/assets/used-cars/owner-presentation-v2/vehicle-lexus-gx.webp,white,28,relative,webp,800
vehicle-lexus-lx,brand-lexus,雷克萨斯,LX,passenger_car,approved,true,owned_reviewed_asset,雷克萨斯,LX,,passed,/assets/used-cars/owner-presentation-v2/vehicle-lexus-lx.webp,/assets/used-cars/owner-presentation-v2/vehicle-lexus-lx.webp,white,28,relative,webp,800
vehicle-lexus-lm,brand-lexus,雷克萨斯,LM,passenger_car,approved,true,owned_reviewed_asset,雷克萨斯,LM,,passed,/assets/used-cars/owner-presentation-v2/vehicle-lexus-lm.webp,/assets/used-cars/owner-presentation-v2/vehicle-lexus-lm.webp,white,28,relative,webp,800
vehicle-lexus-rz,brand-lexus,雷克萨斯,RZ,passenger_car,approved,true,owned_reviewed_asset,雷克萨斯,RZ,,passed,/assets/used-cars/owner-presentation-v2/vehicle-lexus-rz.webp,/assets/used-cars/owner-presentation-v2/vehicle-lexus-rz.webp,white,28,relative,webp,800
vehicle-lexus-rc,brand-lexus,雷克萨斯,RC,passenger_car,approved,true,owned_reviewed_asset,雷克萨斯,RC,,passed,/assets/used-cars/owner-presentation-v2/vehicle-lexus-rc.webp,/assets/used-cars/owner-presentation-v2/vehicle-lexus-rc.webp,white,28,relative,webp,800
vehicle-lexus-lc,brand-lexus,雷克萨斯,LC,passenger_car,approved,true,owned_reviewed_asset,雷克萨斯,LC,,passed,/assets/used-cars/owner-presentation-v2/vehicle-lexus-lc.webp,/assets/used-cars/owner-presentation-v2/vehicle-lexus-lc.webp,white,28,relative,webp,800
vehicle-lexus-sc,brand-lexus,雷克萨斯,SC,passenger_car,approved,true,owned_reviewed_asset,雷克萨斯,SC,,passed,/assets/used-cars/owner-presentation-v2/vehicle-lexus-sc.webp,/assets/used-cars/owner-presentation-v2/vehicle-lexus-sc.webp,white,28,relative,webp,800
vehicle-lincoln-z,brand-lincoln,林肯,林肯Z,passenger_car,approved,true,owned_reviewed_asset,林肯,林肯Z,,passed,/assets/used-cars/owner-presentation-v2/vehicle-lincoln-z.webp,/assets/used-cars/owner-presentation-v2/vehicle-lincoln-z.webp,white,28,relative,webp,800
vehicle-lincoln-mkz,brand-lincoln,林肯,MKZ,passenger_car,approved,true,owned_reviewed_asset,林肯,MKZ,,passed,/assets/used-cars/owner-presentation-v2/vehicle-lincoln-mkz.webp,/assets/used-cars/owner-presentation-v2/vehicle-lincoln-mkz.webp,white,28,relative,webp,800
vehicle-lincoln-continental,brand-lincoln,林肯,大陆,passenger_car,approved,true,owned_reviewed_asset,林肯,大陆,,passed,/assets/used-cars/owner-presentation-v2/vehicle-lincoln-continental.webp,/assets/used-cars/owner-presentation-v2/vehicle-lincoln-continental.webp,white,28,relative,webp,800
vehicle-lincoln-corsair,brand-lincoln,林肯,冒险家,passenger_car,approved,true,owned_reviewed_asset,林肯,冒险家,,passed,/assets/used-cars/owner-presentation-v2/vehicle-lincoln-corsair.webp,/assets/used-cars/owner-presentation-v2/vehicle-lincoln-corsair.webp,white,28,relative,webp,800
vehicle-lincoln-nautilus,brand-lincoln,林肯,航海家,passenger_car,approved,true,owned_reviewed_asset,林肯,航海家,,passed,/assets/used-cars/owner-presentation-v2/vehicle-lincoln-nautilus.webp,/assets/used-cars/owner-presentation-v2/vehicle-lincoln-nautilus.webp,white,28,relative,webp,800
vehicle-lincoln-aviator,brand-lincoln,林肯,飞行家,passenger_car,approved,true,owned_reviewed_asset,林肯,飞行家,,passed,/assets/used-cars/owner-presentation-v2/vehicle-lincoln-aviator.webp,/assets/used-cars/owner-presentation-v2/vehicle-lincoln-aviator.webp,white,28,relative,webp,800
vehicle-lincoln-navigator,brand-lincoln,林肯,领航员,passenger_car,approved,true,owned_reviewed_asset,林肯,领航员,,passed,/assets/used-cars/owner-presentation-v2/vehicle-lincoln-navigator.webp,/assets/used-cars/owner-presentation-v2/vehicle-lincoln-navigator.webp,white,28,relative,webp,800
vehicle-lincoln-mkc,brand-lincoln,林肯,MKC,passenger_car,approved,true,owned_reviewed_asset,林肯,MKC,,passed,/assets/used-cars/owner-presentation-v2/vehicle-lincoln-mkc.webp,/assets/used-cars/owner-presentation-v2/vehicle-lincoln-mkc.webp,white,28,relative,webp,800
vehicle-lincoln-mkx,brand-lincoln,林肯,MKX,passenger_car,approved,true,owned_reviewed_asset,林肯,MKX,,passed,/assets/used-cars/owner-presentation-v2/vehicle-lincoln-mkx.webp,/assets/used-cars/owner-presentation-v2/vehicle-lincoln-mkx.webp,white,28,relative,webp,800
vehicle-lincoln-mkt,brand-lincoln,林肯,MKT,passenger_car,approved,true,owned_reviewed_asset,林肯,MKT,,passed,/assets/used-cars/owner-presentation-v2/vehicle-lincoln-mkt.webp,/assets/used-cars/owner-presentation-v2/vehicle-lincoln-mkt.webp,white,28,relative,webp,800
vehicle-infiniti-q50,brand-infiniti,英菲尼迪,Q50,passenger_car,approved,true,owned_reviewed_asset,英菲尼迪,Q50,,passed,/assets/used-cars/owner-presentation-v2/vehicle-infiniti-q50.webp,/assets/used-cars/owner-presentation-v2/vehicle-infiniti-q50.webp,white,28,relative,webp,800
vehicle-infiniti-q50l,brand-infiniti,英菲尼迪,Q50L,passenger_car,approved,true,owned_reviewed_asset,英菲尼迪,Q50L,,passed,/assets/used-cars/owner-presentation-v2/vehicle-infiniti-q50l.webp,/assets/used-cars/owner-presentation-v2/vehicle-infiniti-q50l.webp,white,28,relative,webp,800
vehicle-infiniti-q60,brand-infiniti,英菲尼迪,Q60,passenger_car,approved,true,owned_reviewed_asset,英菲尼迪,Q60,,passed,/assets/used-cars/owner-presentation-v2/vehicle-infiniti-q60.webp,/assets/used-cars/owner-presentation-v2/vehicle-infiniti-q60.webp,white,28,relative,webp,800
vehicle-infiniti-q70,brand-infiniti,英菲尼迪,Q70,passenger_car,approved,true,owned_reviewed_asset,英菲尼迪,Q70,,passed,/assets/used-cars/owner-presentation-v2/vehicle-infiniti-q70.webp,/assets/used-cars/owner-presentation-v2/vehicle-infiniti-q70.webp,white,28,relative,webp,800
vehicle-infiniti-qx30,brand-infiniti,英菲尼迪,QX30,passenger_car,approved,true,owned_reviewed_asset,英菲尼迪,QX30,,passed,/assets/used-cars/owner-presentation-v2/vehicle-infiniti-qx30.webp,/assets/used-cars/owner-presentation-v2/vehicle-infiniti-qx30.webp,white,28,relative,webp,800
vehicle-infiniti-qx50,brand-infiniti,英菲尼迪,QX50,passenger_car,approved,true,owned_reviewed_asset,英菲尼迪,QX50,,passed,/assets/used-cars/owner-presentation-v2/vehicle-infiniti-qx50.webp,/assets/used-cars/owner-presentation-v2/vehicle-infiniti-qx50.webp,white,28,relative,webp,800
vehicle-infiniti-qx55,brand-infiniti,英菲尼迪,QX55,passenger_car,approved,true,owned_reviewed_asset,英菲尼迪,QX55,,passed,/assets/used-cars/owner-presentation-v2/vehicle-infiniti-qx55.webp,/assets/used-cars/owner-presentation-v2/vehicle-infiniti-qx55.webp,white,28,relative,webp,800
vehicle-infiniti-qx60,brand-infiniti,英菲尼迪,QX60,passenger_car,approved,true,owned_reviewed_asset,英菲尼迪,QX60,,passed,/assets/used-cars/owner-presentation-v2/vehicle-infiniti-qx60.webp,/assets/used-cars/owner-presentation-v2/vehicle-infiniti-qx60.webp,white,28,relative,webp,800
vehicle-infiniti-qx70,brand-infiniti,英菲尼迪,QX70,passenger_car,approved,true,owned_reviewed_asset,英菲尼迪,QX70,,passed,/assets/used-cars/owner-presentation-v2/vehicle-infiniti-qx70.webp,/assets/used-cars/owner-presentation-v2/vehicle-infiniti-qx70.webp,white,28,relative,webp,800
vehicle-infiniti-qx80,brand-infiniti,英菲尼迪,QX80,passenger_car,approved,true,owned_reviewed_asset,英菲尼迪,QX80,,passed,/assets/used-cars/owner-presentation-v2/vehicle-infiniti-qx80.webp,/assets/used-cars/owner-presentation-v2/vehicle-infiniti-qx80.webp,white,28,relative,webp,800
vehicle-infiniti-g,brand-infiniti,英菲尼迪,G系,passenger_car,approved,true,owned_reviewed_asset,英菲尼迪,G系,,passed,/assets/used-cars/owner-presentation-v2/vehicle-infiniti-g.webp,/assets/used-cars/owner-presentation-v2/vehicle-infiniti-g.webp,white,28,relative,webp,800
vehicle-infiniti-m,brand-infiniti,英菲尼迪,M系,passenger_car,approved,true,owned_reviewed_asset,英菲尼迪,M系,,passed,/assets/used-cars/owner-presentation-v2/vehicle-infiniti-m.webp,/assets/used-cars/owner-presentation-v2/vehicle-infiniti-m.webp,white,28,relative,webp,800
vehicle-infiniti-ex,brand-infiniti,英菲尼迪,EX,passenger_car,approved,true,owned_reviewed_asset,英菲尼迪,EX,,passed,/assets/used-cars/owner-presentation-v2/vehicle-infiniti-ex.webp,/assets/used-cars/owner-presentation-v2/vehicle-infiniti-ex.webp,white,28,relative,webp,800
vehicle-infiniti-fx,brand-infiniti,英菲尼迪,FX,passenger_car,approved,true,owned_reviewed_asset,英菲尼迪,FX,,passed,/assets/used-cars/owner-presentation-v2/vehicle-infiniti-fx.webp,/assets/used-cars/owner-presentation-v2/vehicle-infiniti-fx.webp,white,28,relative,webp,800
vehicle-infiniti-jx,brand-infiniti,英菲尼迪,JX,passenger_car,approved,true,owned_reviewed_asset,英菲尼迪,JX,,passed,/assets/used-cars/owner-presentation-v2/vehicle-infiniti-jx.webp,/assets/used-cars/owner-presentation-v2/vehicle-infiniti-jx.webp,white,28,relative,webp,800
vehicle-acura-cdx,brand-acura,讴歌,CDX,passenger_car,approved,true,owned_reviewed_asset,讴歌,CDX,,passed,/assets/used-cars/owner-presentation-v2/vehicle-acura-cdx.webp,/assets/used-cars/owner-presentation-v2/vehicle-acura-cdx.webp,white,28,relative,webp,800
vehicle-acura-rdx,brand-acura,讴歌,RDX,passenger_car,approved,true,owned_reviewed_asset,讴歌,RDX,,passed,/assets/used-cars/owner-presentation-v2/vehicle-acura-rdx.webp,/assets/used-cars/owner-presentation-v2/vehicle-acura-rdx.webp,white,28,relative,webp,800
vehicle-acura-mdx,brand-acura,讴歌,MDX,passenger_car,approved,true,owned_reviewed_asset,讴歌,MDX,,passed,/assets/used-cars/owner-presentation-v2/vehicle-acura-mdx.webp,/assets/used-cars/owner-presentation-v2/vehicle-acura-mdx.webp,white,28,relative,webp,800
vehicle-acura-tlx,brand-acura,讴歌,TLX,passenger_car,approved,true,owned_reviewed_asset,讴歌,TLX,,passed,/assets/used-cars/owner-presentation-v2/vehicle-acura-tlx.webp,/assets/used-cars/owner-presentation-v2/vehicle-acura-tlx.webp,white,28,relative,webp,800
vehicle-acura-tlxl,brand-acura,讴歌,TLX-L,passenger_car,approved,true,owned_reviewed_asset,讴歌,TLX-L,,passed,/assets/used-cars/owner-presentation-v2/vehicle-acura-tlxl.webp,/assets/used-cars/owner-presentation-v2/vehicle-acura-tlxl.webp,white,28,relative,webp,800
vehicle-acura-ilx,brand-acura,讴歌,ILX,passenger_car,approved,true,owned_reviewed_asset,讴歌,ILX,,passed,/assets/used-cars/owner-presentation-v2/vehicle-acura-ilx.webp,/assets/used-cars/owner-presentation-v2/vehicle-acura-ilx.webp,white,28,relative,webp,800
vehicle-acura-tl,brand-acura,讴歌,TL,passenger_car,approved,true,owned_reviewed_asset,讴歌,TL,,passed,/assets/used-cars/owner-presentation-v2/vehicle-acura-tl.webp,/assets/used-cars/owner-presentation-v2/vehicle-acura-tl.webp,white,28,relative,webp,800
vehicle-acura-rl,brand-acura,讴歌,RL,passenger_car,approved,true,owned_reviewed_asset,讴歌,RL,,passed,/assets/used-cars/owner-presentation-v2/vehicle-acura-rl.webp,/assets/used-cars/owner-presentation-v2/vehicle-acura-rl.webp,white,28,relative,webp,800
vehicle-acura-rlx,brand-acura,讴歌,RLX,passenger_car,approved,true,owned_reviewed_asset,讴歌,RLX,,passed,/assets/used-cars/owner-presentation-v2/vehicle-acura-rlx.webp,/assets/used-cars/owner-presentation-v2/vehicle-acura-rlx.webp,white,28,relative,webp,800
vehicle-acura-zdx,brand-acura,讴歌,ZDX,passenger_car,approved,true,owned_reviewed_asset,讴歌,ZDX,,passed,/assets/used-cars/owner-presentation-v2/vehicle-acura-zdx.webp,/assets/used-cars/owner-presentation-v2/vehicle-acura-zdx.webp,white,28,relative,webp,800
vehicle-acura-nsx,brand-acura,讴歌,NSX,passenger_car,approved,true,owned_reviewed_asset,讴歌,NSX,,passed,/assets/used-cars/owner-presentation-v2/vehicle-acura-nsx.webp,/assets/used-cars/owner-presentation-v2/vehicle-acura-nsx.webp,white,28,relative,webp,800
vehicle-land-rover-range-rover,brand-land-rover,路虎,揽胜,passenger_car,approved,true,owned_reviewed_asset,路虎,揽胜,,passed,/assets/used-cars/owner-presentation-v2/vehicle-land-rover-range-rover.webp,/assets/used-cars/owner-presentation-v2/vehicle-land-rover-range-rover.webp,white,28,relative,webp,800
vehicle-land-rover-range-rover-sport,brand-land-rover,路虎,揽胜运动版,passenger_car,approved,true,owned_reviewed_asset,路虎,揽胜运动版,,passed,/assets/used-cars/owner-presentation-v2/vehicle-land-rover-range-rover-sport.webp,/assets/used-cars/owner-presentation-v2/vehicle-land-rover-range-rover-sport.webp,white,28,relative,webp,800
vehicle-land-rover-velar,brand-land-rover,路虎,揽胜星脉,passenger_car,approved,true,owned_reviewed_asset,路虎,揽胜星脉,,passed,/assets/used-cars/owner-presentation-v2/vehicle-land-rover-velar.webp,/assets/used-cars/owner-presentation-v2/vehicle-land-rover-velar.webp,white,28,relative,webp,800
vehicle-land-rover-evoque,brand-land-rover,路虎,揽胜极光,passenger_car,approved,true,owned_reviewed_asset,路虎,揽胜极光,,passed,/assets/used-cars/owner-presentation-v2/vehicle-land-rover-evoque.webp,/assets/used-cars/owner-presentation-v2/vehicle-land-rover-evoque.webp,white,28,relative,webp,800
vehicle-land-rover-discovery,brand-land-rover,路虎,发现,passenger_car,approved,true,owned_reviewed_asset,路虎,发现,,passed,/assets/used-cars/owner-presentation-v2/vehicle-land-rover-discovery.webp,/assets/used-cars/owner-presentation-v2/vehicle-land-rover-discovery.webp,white,28,relative,webp,800
vehicle-land-rover-discovery-sport,brand-land-rover,路虎,发现运动版,passenger_car,approved,true,owned_reviewed_asset,路虎,发现运动版,,passed,/assets/used-cars/owner-presentation-v2/vehicle-land-rover-discovery-sport.webp,/assets/used-cars/owner-presentation-v2/vehicle-land-rover-discovery-sport.webp,white,28,relative,webp,800
vehicle-land-rover-discovery-shenxing,brand-land-rover,路虎,发现神行,passenger_car,approved,true,owned_reviewed_asset,路虎,发现神行,,passed,/assets/used-cars/owner-presentation-v2/vehicle-land-rover-discovery-shenxing.webp,/assets/used-cars/owner-presentation-v2/vehicle-land-rover-discovery-shenxing.webp,white,28,relative,webp,800
vehicle-land-rover-freelander2,brand-land-rover,路虎,神行者2,passenger_car,approved,true,owned_reviewed_asset,路虎,神行者2,,passed,/assets/used-cars/owner-presentation-v2/vehicle-land-rover-freelander2.webp,/assets/used-cars/owner-presentation-v2/vehicle-land-rover-freelander2.webp,white,28,relative,webp,800
vehicle-land-rover-defender,brand-land-rover,路虎,卫士,passenger_car,approved,true,owned_reviewed_asset,路虎,卫士,,passed,/assets/used-cars/owner-presentation-v2/vehicle-land-rover-defender.webp,/assets/used-cars/owner-presentation-v2/vehicle-land-rover-defender.webp,white,28,relative,webp,800
vehicle-jaguar-xe,brand-jaguar,捷豹,XE,passenger_car,approved,true,owned_reviewed_asset,捷豹,XE,,passed,/assets/used-cars/owner-presentation-v2/vehicle-jaguar-xe.webp,/assets/used-cars/owner-presentation-v2/vehicle-jaguar-xe.webp,white,28,relative,webp,800
vehicle-jaguar-xel,brand-jaguar,捷豹,XEL,passenger_car,approved,true,owned_reviewed_asset,捷豹,XEL,,passed,/assets/used-cars/owner-presentation-v2/vehicle-jaguar-xel.webp,/assets/used-cars/owner-presentation-v2/vehicle-jaguar-xel.webp,white,28,relative,webp,800
vehicle-jaguar-xf,brand-jaguar,捷豹,XF,passenger_car,approved,true,owned_reviewed_asset,捷豹,XF,,passed,/assets/used-cars/owner-presentation-v2/vehicle-jaguar-xf.webp,/assets/used-cars/owner-presentation-v2/vehicle-jaguar-xf.webp,white,28,relative,webp,800
vehicle-jaguar-xfl,brand-jaguar,捷豹,XFL,passenger_car,approved,true,owned_reviewed_asset,捷豹,XFL,,passed,/assets/used-cars/owner-presentation-v2/vehicle-jaguar-xfl.webp,/assets/used-cars/owner-presentation-v2/vehicle-jaguar-xfl.webp,white,28,relative,webp,800
vehicle-jaguar-xj,brand-jaguar,捷豹,XJ,passenger_car,approved,true,owned_reviewed_asset,捷豹,XJ,,passed,/assets/used-cars/owner-presentation-v2/vehicle-jaguar-xj.webp,/assets/used-cars/owner-presentation-v2/vehicle-jaguar-xj.webp,white,28,relative,webp,800
vehicle-jaguar-fpace,brand-jaguar,捷豹,F-PACE,passenger_car,approved,true,owned_reviewed_asset,捷豹,F-PACE,,passed,/assets/used-cars/owner-presentation-v2/vehicle-jaguar-fpace.webp,/assets/used-cars/owner-presentation-v2/vehicle-jaguar-fpace.webp,white,28,relative,webp,800
vehicle-jaguar-epace,brand-jaguar,捷豹,E-PACE,passenger_car,approved,true,owned_reviewed_asset,捷豹,E-PACE,,passed,/assets/used-cars/owner-presentation-v2/vehicle-jaguar-epace.webp,/assets/used-cars/owner-presentation-v2/vehicle-jaguar-epace.webp,white,28,relative,webp,800
vehicle-jaguar-ipace,brand-jaguar,捷豹,I-PACE,passenger_car,approved,true,owned_reviewed_asset,捷豹,I-PACE,,passed,/assets/used-cars/owner-presentation-v2/vehicle-jaguar-ipace.webp,/assets/used-cars/owner-presentation-v2/vehicle-jaguar-ipace.webp,white,28,relative,webp,800
vehicle-jaguar-ftype,brand-jaguar,捷豹,F-TYPE,passenger_car,approved,true,owned_reviewed_asset,捷豹,F-TYPE,,passed,/assets/used-cars/owner-presentation-v2/vehicle-jaguar-ftype.webp,/assets/used-cars/owner-presentation-v2/vehicle-jaguar-ftype.webp,white,28,relative,webp,800
vehicle-jaguar-xk,brand-jaguar,捷豹,XK,passenger_car,approved,true,owned_reviewed_asset,捷豹,XK,,passed,/assets/used-cars/owner-presentation-v2/vehicle-jaguar-xk.webp,/assets/used-cars/owner-presentation-v2/vehicle-jaguar-xk.webp,white,28,relative,webp,800
vehicle-porsche-911,brand-porsche,保时捷,911,passenger_car,approved,true,owned_reviewed_asset,保时捷,911,,passed,/assets/used-cars/owner-presentation-v2/vehicle-porsche-911.webp,/assets/used-cars/owner-presentation-v2/vehicle-porsche-911.webp,white,28,relative,webp,800
vehicle-porsche-718,brand-porsche,保时捷,718,passenger_car,approved,true,owned_reviewed_asset,保时捷,718,,passed,/assets/used-cars/owner-presentation-v2/vehicle-porsche-718.webp,/assets/used-cars/owner-presentation-v2/vehicle-porsche-718.webp,white,28,relative,webp,800
vehicle-porsche-cayenne,brand-porsche,保时捷,Cayenne,passenger_car,approved,true,owned_reviewed_asset,保时捷,Cayenne,,passed,/assets/used-cars/owner-presentation-v2/vehicle-porsche-cayenne.webp,/assets/used-cars/owner-presentation-v2/vehicle-porsche-cayenne.webp,white,28,relative,webp,800
vehicle-porsche-macan,brand-porsche,保时捷,Macan,passenger_car,approved,true,owned_reviewed_asset,保时捷,Macan,,passed,/assets/used-cars/owner-presentation-v2/vehicle-porsche-macan.webp,/assets/used-cars/owner-presentation-v2/vehicle-porsche-macan.webp,white,28,relative,webp,800
vehicle-porsche-panamera,brand-porsche,保时捷,Panamera,passenger_car,approved,true,owned_reviewed_asset,保时捷,Panamera,,passed,/assets/used-cars/owner-presentation-v2/vehicle-porsche-panamera.webp,/assets/used-cars/owner-presentation-v2/vehicle-porsche-panamera.webp,white,28,relative,webp,800
vehicle-porsche-taycan,brand-porsche,保时捷,Taycan,passenger_car,approved,true,owned_reviewed_asset,保时捷,Taycan,,passed,/assets/used-cars/owner-presentation-v2/vehicle-porsche-taycan.webp,/assets/used-cars/owner-presentation-v2/vehicle-porsche-taycan.webp,white,28,relative,webp,800
vehicle-porsche-boxster,brand-porsche,保时捷,Boxster,passenger_car,approved,true,owned_reviewed_asset,保时捷,Boxster,,passed,/assets/used-cars/owner-presentation-v2/vehicle-porsche-boxster.webp,/assets/used-cars/owner-presentation-v2/vehicle-porsche-boxster.webp,white,28,relative,webp,800
vehicle-porsche-cayman,brand-porsche,保时捷,Cayman,passenger_car,approved,true,owned_reviewed_asset,保时捷,Cayman,,passed,/assets/used-cars/owner-presentation-v2/vehicle-porsche-cayman.webp,/assets/used-cars/owner-presentation-v2/vehicle-porsche-cayman.webp,white,28,relative,webp,800
vehicle-mini-hatch,brand-mini,MINI,MINI,passenger_car,approved,true,owned_reviewed_asset,MINI,MINI,,passed,/assets/used-cars/owner-presentation-v2/vehicle-mini-hatch.webp,/assets/used-cars/owner-presentation-v2/vehicle-mini-hatch.webp,white,28,relative,webp,800
vehicle-mini-clubman,brand-mini,MINI,CLUBMAN,passenger_car,approved,true,owned_reviewed_asset,MINI,CLUBMAN,,passed,/assets/used-cars/owner-presentation-v2/vehicle-mini-clubman.webp,/assets/used-cars/owner-presentation-v2/vehicle-mini-clubman.webp,white,28,relative,webp,800
vehicle-mini-countryman,brand-mini,MINI,COUNTRYMAN,passenger_car,approved,true,owned_reviewed_asset,MINI,COUNTRYMAN,,passed,/assets/used-cars/owner-presentation-v2/vehicle-mini-countryman.webp,/assets/used-cars/owner-presentation-v2/vehicle-mini-countryman.webp,white,28,relative,webp,800
vehicle-mini-paceman,brand-mini,MINI,PACEMAN,passenger_car,approved,true,owned_reviewed_asset,MINI,PACEMAN,,passed,/assets/used-cars/owner-presentation-v2/vehicle-mini-paceman.webp,/assets/used-cars/owner-presentation-v2/vehicle-mini-paceman.webp,white,28,relative,webp,800
vehicle-mini-coupe,brand-mini,MINI,COUPE,passenger_car,approved,true,owned_reviewed_asset,MINI,COUPE,,passed,/assets/used-cars/owner-presentation-v2/vehicle-mini-coupe.webp,/assets/used-cars/owner-presentation-v2/vehicle-mini-coupe.webp,white,28,relative,webp,800
vehicle-mini-roadster,brand-mini,MINI,ROADSTER,passenger_car,approved,true,owned_reviewed_asset,MINI,ROADSTER,,passed,/assets/used-cars/owner-presentation-v2/vehicle-mini-roadster.webp,/assets/used-cars/owner-presentation-v2/vehicle-mini-roadster.webp,white,28,relative,webp,800
vehicle-mini-aceman,brand-mini,MINI,ACEMAN,passenger_car,approved,true,owned_reviewed_asset,MINI,ACEMAN,,passed,/assets/used-cars/owner-presentation-v2/vehicle-mini-aceman.webp,/assets/used-cars/owner-presentation-v2/vehicle-mini-aceman.webp,white,28,relative,webp,800
vehicle-mini-cooper-electric,brand-mini,MINI,电动MINI COOPER,passenger_car,approved,true,owned_reviewed_asset,MINI,电动MINI COOPER,,passed,/assets/used-cars/owner-presentation-v2/vehicle-mini-cooper-electric.webp,/assets/used-cars/owner-presentation-v2/vehicle-mini-cooper-electric.webp,white,28,relative,webp,800
vehicle-smart-fortwo,brand-smart,smart,fortwo,passenger_car,approved,true,owned_reviewed_asset,smart,fortwo,,passed,/assets/used-cars/owner-presentation-v2/vehicle-smart-fortwo.webp,/assets/used-cars/owner-presentation-v2/vehicle-smart-fortwo.webp,white,28,relative,webp,800
vehicle-smart-forfour,brand-smart,smart,forfour,passenger_car,approved,true,owned_reviewed_asset,smart,forfour,,passed,/assets/used-cars/owner-presentation-v2/vehicle-smart-forfour.webp,/assets/used-cars/owner-presentation-v2/vehicle-smart-forfour.webp,white,28,relative,webp,800
vehicle-smart-1,brand-smart,smart,精灵#1,passenger_car,approved,true,owned_reviewed_asset,smart,精灵#1,,passed,/assets/used-cars/owner-presentation-v2/vehicle-smart-1.webp,/assets/used-cars/owner-presentation-v2/vehicle-smart-1.webp,white,28,relative,webp,800
vehicle-smart-3,brand-smart,smart,精灵#3,passenger_car,approved,true,owned_reviewed_asset,smart,精灵#3,,passed,/assets/used-cars/owner-presentation-v2/vehicle-smart-3.webp,/assets/used-cars/owner-presentation-v2/vehicle-smart-3.webp,white,28,relative,webp,800
vehicle-smart-5,brand-smart,smart,精灵#5,passenger_car,approved,true,owned_reviewed_asset,smart,精灵#5,,passed,/assets/used-cars/owner-presentation-v2/vehicle-smart-5.webp,/assets/used-cars/owner-presentation-v2/vehicle-smart-5.webp,white,28,relative,webp,800
vehicle-jeep-wrangler,brand-jeep,Jeep,牧马人,passenger_car,approved,true,owned_reviewed_asset,Jeep,牧马人,,passed,/assets/used-cars/owner-presentation-v2/vehicle-jeep-wrangler.webp,/assets/used-cars/owner-presentation-v2/vehicle-jeep-wrangler.webp,white,28,relative,webp,800
vehicle-jeep-grand-cherokee,brand-jeep,Jeep,大切诺基,passenger_car,approved,true,owned_reviewed_asset,Jeep,大切诺基,,passed,/assets/used-cars/owner-presentation-v2/vehicle-jeep-grand-cherokee.webp,/assets/used-cars/owner-presentation-v2/vehicle-jeep-grand-cherokee.webp,white,28,relative,webp,800
vehicle-jeep-cherokee,brand-jeep,Jeep,自由光,passenger_car,approved,true,owned_reviewed_asset,Jeep,自由光,,passed,/assets/used-cars/owner-presentation-v2/vehicle-jeep-cherokee.webp,/assets/used-cars/owner-presentation-v2/vehicle-jeep-cherokee.webp,white,28,relative,webp,800
vehicle-jeep-compass,brand-jeep,Jeep,指南者,passenger_car,approved,true,owned_reviewed_asset,Jeep,指南者,,passed,/assets/used-cars/owner-presentation-v2/vehicle-jeep-compass.webp,/assets/used-cars/owner-presentation-v2/vehicle-jeep-compass.webp,white,28,relative,webp,800
vehicle-jeep-renegade,brand-jeep,Jeep,自由侠,passenger_car,approved,true,owned_reviewed_asset,Jeep,自由侠,,passed,/assets/used-cars/owner-presentation-v2/vehicle-jeep-renegade.webp,/assets/used-cars/owner-presentation-v2/vehicle-jeep-renegade.webp,white,28,relative,webp,800
vehicle-jeep-commander,brand-jeep,Jeep,指挥官,passenger_car,approved,true,owned_reviewed_asset,Jeep,指挥官,,passed,/assets/used-cars/owner-presentation-v2/vehicle-jeep-commander.webp,/assets/used-cars/owner-presentation-v2/vehicle-jeep-commander.webp,white,28,relative,webp,800
vehicle-jeep-grand-commander,brand-jeep,Jeep,大指挥官,passenger_car,approved,true,owned_reviewed_asset,Jeep,大指挥官,,passed,/assets/used-cars/owner-presentation-v2/vehicle-jeep-grand-commander.webp,/assets/used-cars/owner-presentation-v2/vehicle-jeep-grand-commander.webp,white,28,relative,webp,800
vehicle-jeep-patriot,brand-jeep,Jeep,自由客,passenger_car,approved,true,owned_reviewed_asset,Jeep,自由客,,passed,/assets/used-cars/owner-presentation-v2/vehicle-jeep-patriot.webp,/assets/used-cars/owner-presentation-v2/vehicle-jeep-patriot.webp,white,28,relative,webp,800
vehicle-jeep-gladiator,brand-jeep,Jeep,角斗士,passenger_car,approved,true,owned_reviewed_asset,Jeep,角斗士,,passed,/assets/used-cars/owner-presentation-v2/vehicle-jeep-gladiator.webp,/assets/used-cars/owner-presentation-v2/vehicle-jeep-gladiator.webp,white,28,relative,webp,800
vehicle-geely-emgrand,brand-geely,吉利,帝豪,passenger_car,approved,true,owned_reviewed_asset,吉利,帝豪,,passed,/assets/used-cars/owner-presentation-v2/vehicle-geely-emgrand.webp,/assets/used-cars/owner-presentation-v2/vehicle-geely-emgrand.webp,white,28,relative,webp,800
vehicle-geely-emgrand-gl,brand-geely,吉利,帝豪GL,passenger_car,approved,true,owned_reviewed_asset,吉利,帝豪GL,,passed,/assets/used-cars/owner-presentation-v2/vehicle-geely-emgrand-gl.webp,/assets/used-cars/owner-presentation-v2/vehicle-geely-emgrand-gl.webp,white,28,relative,webp,800
vehicle-geely-emgrand-gs,brand-geely,吉利,帝豪GS,passenger_car,approved,true,owned_reviewed_asset,吉利,帝豪GS,,passed,/assets/used-cars/owner-presentation-v2/vehicle-geely-emgrand-gs.webp,/assets/used-cars/owner-presentation-v2/vehicle-geely-emgrand-gs.webp,white,28,relative,webp,800
vehicle-geely-emgrand-l,brand-geely,吉利,帝豪L,passenger_car,approved,true,owned_reviewed_asset,吉利,帝豪L,,passed,/assets/used-cars/owner-presentation-v2/vehicle-geely-emgrand-l.webp,/assets/used-cars/owner-presentation-v2/vehicle-geely-emgrand-l.webp,white,28,relative,webp,800
vehicle-geely-preface,brand-geely,吉利,星瑞,passenger_car,approved,true,owned_reviewed_asset,吉利,星瑞,,passed,/assets/used-cars/owner-presentation-v2/vehicle-geely-preface.webp,/assets/used-cars/owner-presentation-v2/vehicle-geely-preface.webp,white,28,relative,webp,800
vehicle-geely-preface-l,brand-geely,吉利,星瑞L,passenger_car,approved,true,owned_reviewed_asset,吉利,星瑞L,,passed,/assets/used-cars/owner-presentation-v2/vehicle-geely-preface-l.webp,/assets/used-cars/owner-presentation-v2/vehicle-geely-preface-l.webp,white,28,relative,webp,800
vehicle-geely-xingyue,brand-geely,吉利,星越,passenger_car,approved,true,owned_reviewed_asset,吉利,星越,,passed,/assets/used-cars/owner-presentation-v2/vehicle-geely-xingyue.webp,/assets/used-cars/owner-presentation-v2/vehicle-geely-xingyue.webp,white,28,relative,webp,800
vehicle-geely-xingyue-l,brand-geely,吉利,星越L,passenger_car,approved,true,owned_reviewed_asset,吉利,星越L,,passed,/assets/used-cars/owner-presentation-v2/vehicle-geely-xingyue-l.webp,/assets/used-cars/owner-presentation-v2/vehicle-geely-xingyue-l.webp,white,28,relative,webp,800
vehicle-geely-boyue,brand-geely,吉利,博越,passenger_car,approved,true,owned_reviewed_asset,吉利,博越,,passed,/assets/used-cars/owner-presentation-v2/vehicle-geely-boyue.webp,/assets/used-cars/owner-presentation-v2/vehicle-geely-boyue.webp,white,28,relative,webp,800
vehicle-geely-boyue-l,brand-geely,吉利,博越L,passenger_car,approved,true,owned_reviewed_asset,吉利,博越L,,passed,/assets/used-cars/owner-presentation-v2/vehicle-geely-boyue-l.webp,/assets/used-cars/owner-presentation-v2/vehicle-geely-boyue-l.webp,white,28,relative,webp,800
vehicle-geely-boyue-cool,brand-geely,吉利,博越COOL,passenger_car,approved,true,owned_reviewed_asset,吉利,博越COOL,,passed,/assets/used-cars/owner-presentation-v2/vehicle-geely-boyue-cool.webp,/assets/used-cars/owner-presentation-v2/vehicle-geely-boyue-cool.webp,white,28,relative,webp,800
vehicle-geely-binyue,brand-geely,吉利,缤越,passenger_car,approved,true,owned_reviewed_asset,吉利,缤越,,passed,/assets/used-cars/owner-presentation-v2/vehicle-geely-binyue.webp,/assets/used-cars/owner-presentation-v2/vehicle-geely-binyue.webp,white,28,relative,webp,800
vehicle-geely-binrui,brand-geely,吉利,缤瑞,passenger_car,approved,true,owned_reviewed_asset,吉利,缤瑞,,passed,/assets/used-cars/owner-presentation-v2/vehicle-geely-binrui.webp,/assets/used-cars/owner-presentation-v2/vehicle-geely-binrui.webp,white,28,relative,webp,800
vehicle-geely-haoyue,brand-geely,吉利,豪越,passenger_car,approved,true,owned_reviewed_asset,吉利,豪越,,passed,/assets/used-cars/owner-presentation-v2/vehicle-geely-haoyue.webp,/assets/used-cars/owner-presentation-v2/vehicle-geely-haoyue.webp,white,28,relative,webp,800
vehicle-geely-haoyue-l,brand-geely,吉利,豪越L,passenger_car,approved,true,owned_reviewed_asset,吉利,豪越L,,passed,/assets/used-cars/owner-presentation-v2/vehicle-geely-haoyue-l.webp,/assets/used-cars/owner-presentation-v2/vehicle-geely-haoyue-l.webp,white,28,relative,webp,800
vehicle-geely-icon,brand-geely,吉利,ICON,passenger_car,approved,true,owned_reviewed_asset,吉利,ICON,,passed,/assets/used-cars/owner-presentation-v2/vehicle-geely-icon.webp,/assets/used-cars/owner-presentation-v2/vehicle-geely-icon.webp,white,28,relative,webp,800
vehicle-geely-borui,brand-geely,吉利,博瑞,passenger_car,approved,true,owned_reviewed_asset,吉利,博瑞,,passed,/assets/used-cars/owner-presentation-v2/vehicle-geely-borui.webp,/assets/used-cars/owner-presentation-v2/vehicle-geely-borui.webp,white,28,relative,webp,800
vehicle-geely-vision,brand-geely,吉利,远景,passenger_car,approved,true,owned_reviewed_asset,吉利,远景,,passed,/assets/used-cars/owner-presentation-v2/vehicle-geely-vision.webp,/assets/used-cars/owner-presentation-v2/vehicle-geely-vision.webp,white,28,relative,webp,800
vehicle-geely-vision-x3,brand-geely,吉利,远景X3,passenger_car,approved,true,owned_reviewed_asset,吉利,远景X3,,passed,/assets/used-cars/owner-presentation-v2/vehicle-geely-vision-x3.webp,/assets/used-cars/owner-presentation-v2/vehicle-geely-vision-x3.webp,white,28,relative,webp,800
vehicle-geely-vision-x6,brand-geely,吉利,远景X6,passenger_car,approved,true,owned_reviewed_asset,吉利,远景X6,,passed,/assets/used-cars/owner-presentation-v2/vehicle-geely-vision-x6.webp,/assets/used-cars/owner-presentation-v2/vehicle-geely-vision-x6.webp,white,28,relative,webp,800
vehicle-geely-vision-s1,brand-geely,吉利,远景S1,passenger_car,approved,true,owned_reviewed_asset,吉利,远景S1,,passed,/assets/used-cars/owner-presentation-v2/vehicle-geely-vision-s1.webp,/assets/used-cars/owner-presentation-v2/vehicle-geely-vision-s1.webp,white,28,relative,webp,800
vehicle-geely-jiaji,brand-geely,吉利,嘉际,passenger_car,approved,true,owned_reviewed_asset,吉利,嘉际,,passed,/assets/used-cars/owner-presentation-v2/vehicle-geely-jiaji.webp,/assets/used-cars/owner-presentation-v2/vehicle-geely-jiaji.webp,white,28,relative,webp,800
vehicle-geely-panda,brand-geely,吉利,熊猫,passenger_car,approved,true,owned_reviewed_asset,吉利,熊猫,,passed,/assets/used-cars/owner-presentation-v2/vehicle-geely-panda.webp,/assets/used-cars/owner-presentation-v2/vehicle-geely-panda.webp,white,28,relative,webp,800
vehicle-geely-gx7,brand-geely,吉利,GX7,passenger_car,approved,true,owned_reviewed_asset,吉利,GX7,,passed,/assets/used-cars/owner-presentation-v2/vehicle-geely-gx7.webp,/assets/used-cars/owner-presentation-v2/vehicle-geely-gx7.webp,white,28,relative,webp,800
vehicle-geely-gc7,brand-geely,吉利,GC7,passenger_car,approved,true,owned_reviewed_asset,吉利,GC7,,passed,/assets/used-cars/owner-presentation-v2/vehicle-geely-gc7.webp,/assets/used-cars/owner-presentation-v2/vehicle-geely-gc7.webp,white,28,relative,webp,800
vehicle-geely-kingkong,brand-geely,吉利,金刚,passenger_car,approved,true,owned_reviewed_asset,吉利,金刚,,passed,/assets/used-cars/owner-presentation-v2/vehicle-geely-kingkong.webp,/assets/used-cars/owner-presentation-v2/vehicle-geely-kingkong.webp,white,28,relative,webp,800
vehicle-geely-freedom-ship,brand-geely,吉利,自由舰,passenger_car,approved,true,owned_reviewed_asset,吉利,自由舰,,passed,/assets/used-cars/owner-presentation-v2/vehicle-geely-freedom-ship.webp,/assets/used-cars/owner-presentation-v2/vehicle-geely-freedom-ship.webp,white,28,relative,webp,800
vehicle-geely-gx2,brand-geely,吉利,全球鹰GX2,passenger_car,approved,true,owned_reviewed_asset,吉利,全球鹰GX2,,passed,/assets/used-cars/owner-presentation-v2/vehicle-geely-gx2.webp,/assets/used-cars/owner-presentation-v2/vehicle-geely-gx2.webp,white,28,relative,webp,800
vehicle-geely-galaxy-l6,brand-geely-galaxy,吉利银河,L6,passenger_car,approved,true,owned_reviewed_asset,吉利银河,L6,,passed,/assets/used-cars/owner-presentation-v2/vehicle-geely-galaxy-l6.webp,/assets/used-cars/owner-presentation-v2/vehicle-geely-galaxy-l6.webp,white,28,relative,webp,800
vehicle-geely-galaxy-l7,brand-geely-galaxy,吉利银河,L7,passenger_car,approved,true,owned_reviewed_asset,吉利银河,L7,,passed,/assets/used-cars/owner-presentation-v2/vehicle-geely-galaxy-l7.webp,/assets/used-cars/owner-presentation-v2/vehicle-geely-galaxy-l7.webp,white,28,relative,webp,800
vehicle-geely-galaxy-e5,brand-geely-galaxy,吉利银河,E5,passenger_car,approved,true,owned_reviewed_asset,吉利银河,E5,,passed,/assets/used-cars/owner-presentation-v2/vehicle-geely-galaxy-e5.webp,/assets/used-cars/owner-presentation-v2/vehicle-geely-galaxy-e5.webp,white,28,relative,webp,800
vehicle-geely-galaxy-e8,brand-geely-galaxy,吉利银河,E8,passenger_car,approved,true,owned_reviewed_asset,吉利银河,E8,,passed,/assets/used-cars/owner-presentation-v2/vehicle-geely-galaxy-e8.webp,/assets/used-cars/owner-presentation-v2/vehicle-geely-galaxy-e8.webp,white,28,relative,webp,800
vehicle-geely-galaxy-starship7,brand-geely-galaxy,吉利银河,星舰7,passenger_car,approved,true,owned_reviewed_asset,吉利银河,星舰7,,passed,/assets/used-cars/owner-presentation-v2/vehicle-geely-galaxy-starship7.webp,/assets/used-cars/owner-presentation-v2/vehicle-geely-galaxy-starship7.webp,white,28,relative,webp,800
vehicle-geely-galaxy-starshine8,brand-geely-galaxy,吉利银河,星耀8,passenger_car,approved,true,owned_reviewed_asset,吉利银河,星耀8,,passed,/assets/used-cars/owner-presentation-v2/vehicle-geely-galaxy-starshine8.webp,/assets/used-cars/owner-presentation-v2/vehicle-geely-galaxy-starshine8.webp,white,28,relative,webp,800
vehicle-geely-galaxy-starshine6,brand-geely-galaxy,吉利银河,星耀6,passenger_car,approved,true,owned_reviewed_asset,吉利银河,星耀6,,passed,/assets/used-cars/owner-presentation-v2/vehicle-geely-galaxy-starshine6.webp,/assets/used-cars/owner-presentation-v2/vehicle-geely-galaxy-starshine6.webp,white,28,relative,webp,800
vehicle-geely-galaxy-m9,brand-geely-galaxy,吉利银河,M9,passenger_car,approved,true,owned_reviewed_asset,吉利银河,M9,,passed,/assets/used-cars/owner-presentation-v2/vehicle-geely-galaxy-m9.webp,/assets/used-cars/owner-presentation-v2/vehicle-geely-galaxy-m9.webp,white,28,relative,webp,800
vehicle-geely-galaxy-xingyuan,brand-geely-galaxy,吉利银河,星愿,passenger_car,approved,true,owned_reviewed_asset,吉利银河,星愿,,passed,/assets/used-cars/owner-presentation-v2/vehicle-geely-galaxy-xingyuan.webp,/assets/used-cars/owner-presentation-v2/vehicle-geely-galaxy-xingyuan.webp,white,28,relative,webp,800
vehicle-geely-galaxy-a7,brand-geely-galaxy,吉利银河,A7,passenger_car,approved,true,owned_reviewed_asset,吉利银河,A7,,passed,/assets/used-cars/owner-presentation-v2/vehicle-geely-galaxy-a7.webp,/assets/used-cars/owner-presentation-v2/vehicle-geely-galaxy-a7.webp,white,28,relative,webp,800
vehicle-lynk-01,brand-lynk,领克,01,passenger_car,approved,true,owned_reviewed_asset,领克,01,,passed,/assets/used-cars/owner-presentation-v2/vehicle-lynk-01.webp,/assets/used-cars/owner-presentation-v2/vehicle-lynk-01.webp,white,28,relative,webp,800
vehicle-lynk-02,brand-lynk,领克,02,passenger_car,approved,true,owned_reviewed_asset,领克,02,,passed,/assets/used-cars/owner-presentation-v2/vehicle-lynk-02.webp,/assets/used-cars/owner-presentation-v2/vehicle-lynk-02.webp,white,28,relative,webp,800
vehicle-lynk-03,brand-lynk,领克,03,passenger_car,approved,true,owned_reviewed_asset,领克,03,,passed,/assets/used-cars/owner-presentation-v2/vehicle-lynk-03.webp,/assets/used-cars/owner-presentation-v2/vehicle-lynk-03.webp,white,28,relative,webp,800
vehicle-lynk-05,brand-lynk,领克,05,passenger_car,approved,true,owned_reviewed_asset,领克,05,,passed,/assets/used-cars/owner-presentation-v2/vehicle-lynk-05.webp,/assets/used-cars/owner-presentation-v2/vehicle-lynk-05.webp,white,28,relative,webp,800
vehicle-lynk-06,brand-lynk,领克,06,passenger_car,approved,true,owned_reviewed_asset,领克,06,,passed,/assets/used-cars/owner-presentation-v2/vehicle-lynk-06.webp,/assets/used-cars/owner-presentation-v2/vehicle-lynk-06.webp,white,28,relative,webp,800
vehicle-lynk-07,brand-lynk,领克,07,passenger_car,approved,true,owned_reviewed_asset,领克,07,,passed,/assets/used-cars/owner-presentation-v2/vehicle-lynk-07.webp,/assets/used-cars/owner-presentation-v2/vehicle-lynk-07.webp,white,28,relative,webp,800
vehicle-lynk-08,brand-lynk,领克,08,passenger_car,approved,true,owned_reviewed_asset,领克,08,,passed,/assets/used-cars/owner-presentation-v2/vehicle-lynk-08.webp,/assets/used-cars/owner-presentation-v2/vehicle-lynk-08.webp,white,28,relative,webp,800
vehicle-lynk-09,brand-lynk,领克,09,passenger_car,approved,true,owned_reviewed_asset,领克,09,,passed,/assets/used-cars/owner-presentation-v2/vehicle-lynk-09.webp,/assets/used-cars/owner-presentation-v2/vehicle-lynk-09.webp,white,28,relative,webp,800
vehicle-lynk-10,brand-lynk,领克,10,passenger_car,approved,true,owned_reviewed_asset,领克,10,,passed,/assets/used-cars/owner-presentation-v2/vehicle-lynk-10.webp,/assets/used-cars/owner-presentation-v2/vehicle-lynk-10.webp,white,28,relative,webp,800
vehicle-lynk-900,brand-lynk,领克,900,passenger_car,approved,true,owned_reviewed_asset,领克,900,,passed,/assets/used-cars/owner-presentation-v2/vehicle-lynk-900.webp,/assets/used-cars/owner-presentation-v2/vehicle-lynk-900.webp,white,28,relative,webp,800
vehicle-lynk-z10,brand-lynk,领克,Z10,passenger_car,approved,true,owned_reviewed_asset,领克,Z10,,passed,/assets/used-cars/owner-presentation-v2/vehicle-lynk-z10.webp,/assets/used-cars/owner-presentation-v2/vehicle-lynk-z10.webp,white,28,relative,webp,800
vehicle-lynk-z20,brand-lynk,领克,Z20,passenger_car,approved,true,owned_reviewed_asset,领克,Z20,,passed,/assets/used-cars/owner-presentation-v2/vehicle-lynk-z20.webp,/assets/used-cars/owner-presentation-v2/vehicle-lynk-z20.webp,white,28,relative,webp,800
vehicle-zeekr-001,brand-zeekr,极氪,001,passenger_car,approved,true,owned_reviewed_asset,极氪,001,,passed,/assets/used-cars/owner-presentation-v2/vehicle-zeekr-001.webp,/assets/used-cars/owner-presentation-v2/vehicle-zeekr-001.webp,white,28,relative,webp,800
vehicle-zeekr-007,brand-zeekr,极氪,007,passenger_car,approved,true,owned_reviewed_asset,极氪,007,,passed,/assets/used-cars/owner-presentation-v2/vehicle-zeekr-007.webp,/assets/used-cars/owner-presentation-v2/vehicle-zeekr-007.webp,white,28,relative,webp,800
vehicle-zeekr-009,brand-zeekr,极氪,009,passenger_car,approved,true,owned_reviewed_asset,极氪,009,,passed,/assets/used-cars/owner-presentation-v2/vehicle-zeekr-009.webp,/assets/used-cars/owner-presentation-v2/vehicle-zeekr-009.webp,white,28,relative,webp,800
vehicle-zeekr-7x,brand-zeekr,极氪,7X,passenger_car,approved,true,owned_reviewed_asset,极氪,7X,,passed,/assets/used-cars/owner-presentation-v2/vehicle-zeekr-7x.webp,/assets/used-cars/owner-presentation-v2/vehicle-zeekr-7x.webp,white,28,relative,webp,800
vehicle-zeekr-x,brand-zeekr,极氪,X,passenger_car,approved,true,owned_reviewed_asset,极氪,X,,passed,/assets/used-cars/owner-presentation-v2/vehicle-zeekr-x.webp,/assets/used-cars/owner-presentation-v2/vehicle-zeekr-x.webp,white,28,relative,webp,800
vehicle-zeekr-mix,brand-zeekr,极氪,MIX,passenger_car,approved,true,owned_reviewed_asset,极氪,MIX,,passed,/assets/used-cars/owner-presentation-v2/vehicle-zeekr-mix.webp,/assets/used-cars/owner-presentation-v2/vehicle-zeekr-mix.webp,white,28,relative,webp,800
vehicle-zeekr-007gt,brand-zeekr,极氪,007 GT,passenger_car,approved,true,owned_reviewed_asset,极氪,007 GT,,passed,/assets/used-cars/owner-presentation-v2/vehicle-zeekr-007gt.webp,/assets/used-cars/owner-presentation-v2/vehicle-zeekr-007gt.webp,white,28,relative,webp,800
vehicle-zeekr-9x,brand-zeekr,极氪,9X,passenger_car,approved,true,owned_reviewed_asset,极氪,9X,,passed,/assets/used-cars/owner-presentation-v2/vehicle-zeekr-9x.webp,/assets/used-cars/owner-presentation-v2/vehicle-zeekr-9x.webp,white,28,relative,webp,800
vehicle-changan-eado,brand-changan,长安,逸动,passenger_car,approved,true,owned_reviewed_asset,长安,逸动,,passed,/assets/used-cars/owner-presentation-v2/vehicle-changan-eado.webp,/assets/used-cars/owner-presentation-v2/vehicle-changan-eado.webp,white,28,relative,webp,800
vehicle-changan-eado-plus,brand-changan,长安,逸动PLUS,passenger_car,approved,true,owned_reviewed_asset,长安,逸动PLUS,,passed,/assets/used-cars/owner-presentation-v2/vehicle-changan-eado-plus.webp,/assets/used-cars/owner-presentation-v2/vehicle-changan-eado-plus.webp,white,28,relative,webp,800
vehicle-changan-eado-xt,brand-changan,长安,逸动XT,passenger_car,approved,true,owned_reviewed_asset,长安,逸动XT,,passed,/assets/used-cars/owner-presentation-v2/vehicle-changan-eado-xt.webp,/assets/used-cars/owner-presentation-v2/vehicle-changan-eado-xt.webp,white,28,relative,webp,800
vehicle-changan-alsvin,brand-changan,长安,悦翔,passenger_car,approved,true,owned_reviewed_asset,长安,悦翔,,passed,/assets/used-cars/owner-presentation-v2/vehicle-changan-alsvin.webp,/assets/used-cars/owner-presentation-v2/vehicle-changan-alsvin.webp,white,28,relative,webp,800
vehicle-changan-raeton,brand-changan,长安,睿骋,passenger_car,approved,true,owned_reviewed_asset,长安,睿骋,,passed,/assets/used-cars/owner-presentation-v2/vehicle-changan-raeton.webp,/assets/used-cars/owner-presentation-v2/vehicle-changan-raeton.webp,white,28,relative,webp,800
vehicle-changan-raeton-cc,brand-changan,长安,睿骋CC,passenger_car,approved,true,owned_reviewed_asset,长安,睿骋CC,,passed,/assets/used-cars/owner-presentation-v2/vehicle-changan-raeton-cc.webp,/assets/used-cars/owner-presentation-v2/vehicle-changan-raeton-cc.webp,white,28,relative,webp,800
vehicle-changan-raeton-ruicheng-cc,brand-changan,长安,锐程CC,passenger_car,approved,true,owned_reviewed_asset,长安,锐程CC,,passed,/assets/used-cars/owner-presentation-v2/vehicle-changan-raeton-ruicheng-cc.webp,/assets/used-cars/owner-presentation-v2/vehicle-changan-raeton-ruicheng-cc.webp,white,28,relative,webp,800
vehicle-changan-raeton-plus,brand-changan,长安,锐程PLUS,passenger_car,approved,true,owned_reviewed_asset,长安,锐程PLUS,,passed,/assets/used-cars/owner-presentation-v2/vehicle-changan-raeton-plus.webp,/assets/used-cars/owner-presentation-v2/vehicle-changan-raeton-plus.webp,white,28,relative,webp,800
vehicle-changan-benben,brand-changan,长安,奔奔,passenger_car,approved,true,owned_reviewed_asset,长安,奔奔,,passed,/assets/used-cars/owner-presentation-v2/vehicle-changan-benben.webp,/assets/used-cars/owner-presentation-v2/vehicle-changan-benben.webp,white,28,relative,webp,800
vehicle-changan-benben-ev,brand-changan,长安,奔奔EV,passenger_car,approved,true,owned_reviewed_asset,长安,奔奔EV,,passed,/assets/used-cars/owner-presentation-v2/vehicle-changan-benben-ev.webp,/assets/used-cars/owner-presentation-v2/vehicle-changan-benben-ev.webp,white,28,relative,webp,800
vehicle-changan-benben-estar,brand-changan,长安,奔奔E-Star,passenger_car,approved,true,owned_reviewed_asset,长安,奔奔E-Star,,passed,/assets/used-cars/owner-presentation-v2/vehicle-changan-benben-estar.webp,/assets/used-cars/owner-presentation-v2/vehicle-changan-benben-estar.webp,white,28,relative,webp,800
vehicle-changan-lumin,brand-changan,长安,Lumin,passenger_car,approved,true,owned_reviewed_asset,长安,Lumin,,passed,/assets/used-cars/owner-presentation-v2/vehicle-changan-lumin.webp,/assets/used-cars/owner-presentation-v2/vehicle-changan-lumin.webp,white,28,relative,webp,800
vehicle-changan-cs15,brand-changan,长安,CS15,passenger_car,approved,true,owned_reviewed_asset,长安,CS15,,passed,/assets/used-cars/owner-presentation-v2/vehicle-changan-cs15.webp,/assets/used-cars/owner-presentation-v2/vehicle-changan-cs15.webp,white,28,relative,webp,800
vehicle-changan-cs35,brand-changan,长安,CS35,passenger_car,approved,true,owned_reviewed_asset,长安,CS35,,passed,/assets/used-cars/owner-presentation-v2/vehicle-changan-cs35.webp,/assets/used-cars/owner-presentation-v2/vehicle-changan-cs35.webp,white,28,relative,webp,800
vehicle-changan-cs35-plus,brand-changan,长安,CS35 PLUS,passenger_car,approved,true,owned_reviewed_asset,长安,CS35 PLUS,,passed,/assets/used-cars/owner-presentation-v2/vehicle-changan-cs35-plus.webp,/assets/used-cars/owner-presentation-v2/vehicle-changan-cs35-plus.webp,white,28,relative,webp,800
vehicle-changan-cs55,brand-changan,长安,CS55,passenger_car,approved,true,owned_reviewed_asset,长安,CS55,,passed,/assets/used-cars/owner-presentation-v2/vehicle-changan-cs55.webp,/assets/used-cars/owner-presentation-v2/vehicle-changan-cs55.webp,white,28,relative,webp,800
vehicle-changan-cs55-plus,brand-changan,长安,CS55 PLUS,passenger_car,approved,true,owned_reviewed_asset,长安,CS55 PLUS,,passed,/assets/used-cars/owner-presentation-v2/vehicle-changan-cs55-plus.webp,/assets/used-cars/owner-presentation-v2/vehicle-changan-cs55-plus.webp,white,28,relative,webp,800
vehicle-changan-cs75,brand-changan,长安,CS75,passenger_car,approved,true,owned_reviewed_asset,长安,CS75,,passed,/assets/used-cars/owner-presentation-v2/vehicle-changan-cs75.webp,/assets/used-cars/owner-presentation-v2/vehicle-changan-cs75.webp,white,28,relative,webp,800
vehicle-changan-cs75-plus,brand-changan,长安,CS75 PLUS,passenger_car,approved,true,owned_reviewed_asset,长安,CS75 PLUS,,passed,/assets/used-cars/owner-presentation-v2/vehicle-changan-cs75-plus.webp,/assets/used-cars/owner-presentation-v2/vehicle-changan-cs75-plus.webp,white,28,relative,webp,800
vehicle-changan-cs85,brand-changan,长安,CS85 COUPE,passenger_car,approved,true,owned_reviewed_asset,长安,CS85 COUPE,,passed,/assets/used-cars/owner-presentation-v2/vehicle-changan-cs85.webp,/assets/used-cars/owner-presentation-v2/vehicle-changan-cs85.webp,white,28,relative,webp,800
vehicle-changan-cs95,brand-changan,长安,CS95,passenger_car,approved,true,owned_reviewed_asset,长安,CS95,,passed,/assets/used-cars/owner-presentation-v2/vehicle-changan-cs95.webp,/assets/used-cars/owner-presentation-v2/vehicle-changan-cs95.webp,white,28,relative,webp,800
vehicle-changan-uni-t,brand-changan,长安,UNI-T,passenger_car,approved,true,owned_reviewed_asset,长安,UNI-T,,passed,/assets/used-cars/owner-presentation-v2/vehicle-changan-uni-t.webp,/assets/used-cars/owner-presentation-v2/vehicle-changan-uni-t.webp,white,28,relative,webp,800
vehicle-changan-uni-k,brand-changan,长安,UNI-K,passenger_car,approved,true,owned_reviewed_asset,长安,UNI-K,,passed,/assets/used-cars/owner-presentation-v2/vehicle-changan-uni-k.webp,/assets/used-cars/owner-presentation-v2/vehicle-changan-uni-k.webp,white,28,relative,webp,800
vehicle-changan-uni-v,brand-changan,长安,UNI-V,passenger_car,approved,true,owned_reviewed_asset,长安,UNI-V,,passed,/assets/used-cars/owner-presentation-v2/vehicle-changan-uni-v.webp,/assets/used-cars/owner-presentation-v2/vehicle-changan-uni-v.webp,white,28,relative,webp,800
vehicle-changan-x5-plus,brand-changan,长安,X5 PLUS,passenger_car,approved,true,owned_reviewed_asset,长安,X5 PLUS,,passed,/assets/used-cars/owner-presentation-v2/vehicle-changan-x5-plus.webp,/assets/used-cars/owner-presentation-v2/vehicle-changan-x5-plus.webp,white,28,relative,webp,800
vehicle-changan-x7-plus,brand-changan,长安,X7 PLUS,passenger_car,approved,true,owned_reviewed_asset,长安,X7 PLUS,,passed,/assets/used-cars/owner-presentation-v2/vehicle-changan-x7-plus.webp,/assets/used-cars/owner-presentation-v2/vehicle-changan-x7-plus.webp,white,28,relative,webp,800
vehicle-changan-hunter,brand-changan,长安,猎手,passenger_car,approved,true,owned_reviewed_asset,长安,猎手,,passed,/assets/used-cars/owner-presentation-v2/vehicle-changan-hunter.webp,/assets/used-cars/owner-presentation-v2/vehicle-changan-hunter.webp,white,28,relative,webp,800
vehicle-changan-f70,brand-changan,长安,凯程F70,passenger_car,approved,true,owned_reviewed_asset,长安,凯程F70,,passed,/assets/used-cars/owner-presentation-v2/vehicle-changan-f70.webp,/assets/used-cars/owner-presentation-v2/vehicle-changan-f70.webp,white,28,relative,webp,800
vehicle-changan-qiyuan-a05,brand-changan-qiyuan,长安启源,A05,passenger_car,approved,true,owned_reviewed_asset,长安启源,A05,,passed,/assets/used-cars/owner-presentation-v2/vehicle-changan-qiyuan-a05.webp,/assets/used-cars/owner-presentation-v2/vehicle-changan-qiyuan-a05.webp,white,28,relative,webp,800
vehicle-changan-qiyuan-a06,brand-changan-qiyuan,长安启源,A06,passenger_car,approved,true,owned_reviewed_asset,长安启源,A06,,passed,/assets/used-cars/owner-presentation-v2/vehicle-changan-qiyuan-a06.webp,/assets/used-cars/owner-presentation-v2/vehicle-changan-qiyuan-a06.webp,white,28,relative,webp,800
vehicle-changan-qiyuan-a07,brand-changan-qiyuan,长安启源,A07,passenger_car,approved,true,owned_reviewed_asset,长安启源,A07,,passed,/assets/used-cars/owner-presentation-v2/vehicle-changan-qiyuan-a07.webp,/assets/used-cars/owner-presentation-v2/vehicle-changan-qiyuan-a07.webp,white,28,relative,webp,800
vehicle-changan-qiyuan-q05,brand-changan-qiyuan,长安启源,Q05,passenger_car,approved,true,owned_reviewed_asset,长安启源,Q05,,passed,/assets/used-cars/owner-presentation-v2/vehicle-changan-qiyuan-q05.webp,/assets/used-cars/owner-presentation-v2/vehicle-changan-qiyuan-q05.webp,white,28,relative,webp,800
vehicle-changan-qiyuan-q07,brand-changan-qiyuan,长安启源,Q07,passenger_car,approved,true,owned_reviewed_asset,长安启源,Q07,,passed,/assets/used-cars/owner-presentation-v2/vehicle-changan-qiyuan-q07.webp,/assets/used-cars/owner-presentation-v2/vehicle-changan-qiyuan-q07.webp,white,28,relative,webp,800
vehicle-changan-qiyuan-e07,brand-changan-qiyuan,长安启源,E07,passenger_car,approved,true,owned_reviewed_asset,长安启源,E07,,passed,/assets/used-cars/owner-presentation-v2/vehicle-changan-qiyuan-e07.webp,/assets/used-cars/owner-presentation-v2/vehicle-changan-qiyuan-e07.webp,white,28,relative,webp,800
vehicle-deepal-sl03,brand-deepal,深蓝,SL03,passenger_car,approved,true,owned_reviewed_asset,深蓝,SL03,,passed,/assets/used-cars/owner-presentation-v2/vehicle-deepal-sl03.webp,/assets/used-cars/owner-presentation-v2/vehicle-deepal-sl03.webp,white,28,relative,webp,800
vehicle-deepal-s7,brand-deepal,深蓝,S7,passenger_car,approved,true,owned_reviewed_asset,深蓝,S7,,passed,/assets/used-cars/owner-presentation-v2/vehicle-deepal-s7.webp,/assets/used-cars/owner-presentation-v2/vehicle-deepal-s7.webp,white,28,relative,webp,800
vehicle-deepal-s07,brand-deepal,深蓝,S07,passenger_car,approved,true,owned_reviewed_asset,深蓝,S07,,passed,/assets/used-cars/owner-presentation-v2/vehicle-deepal-s07.webp,/assets/used-cars/owner-presentation-v2/vehicle-deepal-s07.webp,white,28,relative,webp,800
vehicle-deepal-l07,brand-deepal,深蓝,L07,passenger_car,approved,true,owned_reviewed_asset,深蓝,L07,,passed,/assets/used-cars/owner-presentation-v2/vehicle-deepal-l07.webp,/assets/used-cars/owner-presentation-v2/vehicle-deepal-l07.webp,white,28,relative,webp,800
vehicle-deepal-s05,brand-deepal,深蓝,S05,passenger_car,approved,true,owned_reviewed_asset,深蓝,S05,,passed,/assets/used-cars/owner-presentation-v2/vehicle-deepal-s05.webp,/assets/used-cars/owner-presentation-v2/vehicle-deepal-s05.webp,white,28,relative,webp,800
vehicle-deepal-g318,brand-deepal,深蓝,G318,passenger_car,approved,true,owned_reviewed_asset,深蓝,G318,,passed,/assets/used-cars/owner-presentation-v2/vehicle-deepal-g318.webp,/assets/used-cars/owner-presentation-v2/vehicle-deepal-g318.webp,white,28,relative,webp,800
vehicle-deepal-s09,brand-deepal,深蓝,S09,passenger_car,approved,true,owned_reviewed_asset,深蓝,S09,,passed,/assets/used-cars/owner-presentation-v2/vehicle-deepal-s09.webp,/assets/used-cars/owner-presentation-v2/vehicle-deepal-s09.webp,white,28,relative,webp,800
vehicle-avatr-11,brand-avatr,阿维塔,11,passenger_car,approved,true,owned_reviewed_asset,阿维塔,11,,passed,/assets/used-cars/owner-presentation-v2/vehicle-avatr-11.webp,/assets/used-cars/owner-presentation-v2/vehicle-avatr-11.webp,white,28,relative,webp,800
vehicle-avatr-12,brand-avatr,阿维塔,12,passenger_car,approved,true,owned_reviewed_asset,阿维塔,12,,passed,/assets/used-cars/owner-presentation-v2/vehicle-avatr-12.webp,/assets/used-cars/owner-presentation-v2/vehicle-avatr-12.webp,white,28,relative,webp,800
vehicle-avatr-07,brand-avatr,阿维塔,07,passenger_car,approved,true,owned_reviewed_asset,阿维塔,07,,passed,/assets/used-cars/owner-presentation-v2/vehicle-avatr-07.webp,/assets/used-cars/owner-presentation-v2/vehicle-avatr-07.webp,white,28,relative,webp,800
vehicle-avatr-06,brand-avatr,阿维塔,06,passenger_car,approved,true,owned_reviewed_asset,阿维塔,06,,passed,/assets/used-cars/owner-presentation-v2/vehicle-avatr-06.webp,/assets/used-cars/owner-presentation-v2/vehicle-avatr-06.webp,white,28,relative,webp,800
vehicle-changan-oushang-x5,brand-changan-oushang,长安欧尚,X5,passenger_car,approved,true,owned_reviewed_asset,长安欧尚,X5,,passed,/assets/used-cars/owner-presentation-v2/vehicle-changan-oushang-x5.webp,/assets/used-cars/owner-presentation-v2/vehicle-changan-oushang-x5.webp,white,28,relative,webp,800
vehicle-changan-oushang-x5-plus,brand-changan-oushang,长安欧尚,X5 PLUS,passenger_car,approved,true,owned_reviewed_asset,长安欧尚,X5 PLUS,,passed,/assets/used-cars/owner-presentation-v2/vehicle-changan-oushang-x5-plus.webp,/assets/used-cars/owner-presentation-v2/vehicle-changan-oushang-x5-plus.webp,white,28,relative,webp,800
vehicle-changan-oushang-x7,brand-changan-oushang,长安欧尚,X7,passenger_car,approved,true,owned_reviewed_asset,长安欧尚,X7,,passed,/assets/used-cars/owner-presentation-v2/vehicle-changan-oushang-x7.webp,/assets/used-cars/owner-presentation-v2/vehicle-changan-oushang-x7.webp,white,28,relative,webp,800
vehicle-changan-oushang-x7-plus,brand-changan-oushang,长安欧尚,X7 PLUS,passenger_car,approved,true,owned_reviewed_asset,长安欧尚,X7 PLUS,,passed,/assets/used-cars/owner-presentation-v2/vehicle-changan-oushang-x7-plus.webp,/assets/used-cars/owner-presentation-v2/vehicle-changan-oushang-x7-plus.webp,white,28,relative,webp,800
vehicle-changan-oushang-z6,brand-changan-oushang,长安欧尚,Z6,passenger_car,approved,true,owned_reviewed_asset,长安欧尚,Z6,,passed,/assets/used-cars/owner-presentation-v2/vehicle-changan-oushang-z6.webp,/assets/used-cars/owner-presentation-v2/vehicle-changan-oushang-z6.webp,white,28,relative,webp,800
vehicle-changan-oushang-a600,brand-changan-oushang,长安欧尚,A600,passenger_car,approved,true,owned_reviewed_asset,长安欧尚,A600,,passed,/assets/used-cars/owner-presentation-v2/vehicle-changan-oushang-a600.webp,/assets/used-cars/owner-presentation-v2/vehicle-changan-oushang-a600.webp,white,28,relative,webp,800
vehicle-changan-oushang-a800,brand-changan-oushang,长安欧尚,A800,passenger_car,approved,true,owned_reviewed_asset,长安欧尚,A800,,passed,/assets/used-cars/owner-presentation-v2/vehicle-changan-oushang-a800.webp,/assets/used-cars/owner-presentation-v2/vehicle-changan-oushang-a800.webp,white,28,relative,webp,800
vehicle-changan-oushang-cos1,brand-changan-oushang,长安欧尚,科赛,passenger_car,approved,true,owned_reviewed_asset,长安欧尚,科赛,,passed,/assets/used-cars/owner-presentation-v2/vehicle-changan-oushang-cos1.webp,/assets/used-cars/owner-presentation-v2/vehicle-changan-oushang-cos1.webp,white,28,relative,webp,800
vehicle-changan-oushang-cos3,brand-changan-oushang,长安欧尚,科赛3,passenger_car,approved,true,owned_reviewed_asset,长安欧尚,科赛3,,passed,/assets/used-cars/owner-presentation-v2/vehicle-changan-oushang-cos3.webp,/assets/used-cars/owner-presentation-v2/vehicle-changan-oushang-cos3.webp,white,28,relative,webp,800
vehicle-changan-oushang-cos5,brand-changan-oushang,长安欧尚,科赛5,passenger_car,approved,true,owned_reviewed_asset,长安欧尚,科赛5,,passed,/assets/used-cars/owner-presentation-v2/vehicle-changan-oushang-cos5.webp,/assets/used-cars/owner-presentation-v2/vehicle-changan-oushang-cos5.webp,white,28,relative,webp,800
vehicle-changan-oushang-cos-pro,brand-changan-oushang,长安欧尚,科赛Pro,passenger_car,approved,true,owned_reviewed_asset,长安欧尚,科赛Pro,,passed,/assets/used-cars/owner-presentation-v2/vehicle-changan-oushang-cos-pro.webp,/assets/used-cars/owner-presentation-v2/vehicle-changan-oushang-cos-pro.webp,white,28,relative,webp,800
vehicle-changan-oushang-cx70,brand-changan-oushang,长安欧尚,CX70,passenger_car,approved,true,owned_reviewed_asset,长安欧尚,CX70,,passed,/assets/used-cars/owner-presentation-v2/vehicle-changan-oushang-cx70.webp,/assets/used-cars/owner-presentation-v2/vehicle-changan-oushang-cx70.webp,white,28,relative,webp,800
vehicle-changan-oushang-cx70t,brand-changan-oushang,长安欧尚,CX70T,passenger_car,approved,true,owned_reviewed_asset,长安欧尚,CX70T,,passed,/assets/used-cars/owner-presentation-v2/vehicle-changan-oushang-cx70t.webp,/assets/used-cars/owner-presentation-v2/vehicle-changan-oushang-cx70t.webp,white,28,relative,webp,800
vehicle-chery-tiggo3,brand-chery,奇瑞,瑞虎3,passenger_car,approved,true,owned_reviewed_asset,奇瑞,瑞虎3,,passed,/assets/used-cars/owner-presentation-v2/vehicle-chery-tiggo3.webp,/assets/used-cars/owner-presentation-v2/vehicle-chery-tiggo3.webp,white,28,relative,webp,800
vehicle-chery-tiggo3x,brand-chery,奇瑞,瑞虎3x,passenger_car,approved,true,owned_reviewed_asset,奇瑞,瑞虎3x,,passed,/assets/used-cars/owner-presentation-v2/vehicle-chery-tiggo3x.webp,/assets/used-cars/owner-presentation-v2/vehicle-chery-tiggo3x.webp,white,28,relative,webp,800
vehicle-chery-tiggo5,brand-chery,奇瑞,瑞虎5,passenger_car,approved,true,owned_reviewed_asset,奇瑞,瑞虎5,,passed,/assets/used-cars/owner-presentation-v2/vehicle-chery-tiggo5.webp,/assets/used-cars/owner-presentation-v2/vehicle-chery-tiggo5.webp,white,28,relative,webp,800
vehicle-chery-tiggo5x,brand-chery,奇瑞,瑞虎5x,passenger_car,approved,true,owned_reviewed_asset,奇瑞,瑞虎5x,,passed,/assets/used-cars/owner-presentation-v2/vehicle-chery-tiggo5x.webp,/assets/used-cars/owner-presentation-v2/vehicle-chery-tiggo5x.webp,white,28,relative,webp,800
vehicle-chery-tiggo7,brand-chery,奇瑞,瑞虎7,passenger_car,approved,true,owned_reviewed_asset,奇瑞,瑞虎7,,passed,/assets/used-cars/owner-presentation-v2/vehicle-chery-tiggo7.webp,/assets/used-cars/owner-presentation-v2/vehicle-chery-tiggo7.webp,white,28,relative,webp,800
vehicle-chery-tiggo7-plus,brand-chery,奇瑞,瑞虎7 PLUS,passenger_car,approved,true,owned_reviewed_asset,奇瑞,瑞虎7 PLUS,,passed,/assets/used-cars/owner-presentation-v2/vehicle-chery-tiggo7-plus.webp,/assets/used-cars/owner-presentation-v2/vehicle-chery-tiggo7-plus.webp,white,28,relative,webp,800
vehicle-chery-tiggo7-pro,brand-chery,奇瑞,瑞虎7 PRO,passenger_car,approved,true,owned_reviewed_asset,奇瑞,瑞虎7 PRO,,passed,/assets/used-cars/owner-presentation-v2/vehicle-chery-tiggo7-pro.webp,/assets/used-cars/owner-presentation-v2/vehicle-chery-tiggo7-pro.webp,white,28,relative,webp,800
vehicle-chery-tiggo8,brand-chery,奇瑞,瑞虎8,passenger_car,approved,true,owned_reviewed_asset,奇瑞,瑞虎8,,passed,/assets/used-cars/owner-presentation-v2/vehicle-chery-tiggo8.webp,/assets/used-cars/owner-presentation-v2/vehicle-chery-tiggo8.webp,white,28,relative,webp,800
vehicle-chery-tiggo8-plus,brand-chery,奇瑞,瑞虎8 PLUS,passenger_car,approved,true,owned_reviewed_asset,奇瑞,瑞虎8 PLUS,,passed,/assets/used-cars/owner-presentation-v2/vehicle-chery-tiggo8-plus.webp,/assets/used-cars/owner-presentation-v2/vehicle-chery-tiggo8-plus.webp,white,28,relative,webp,800
vehicle-chery-tiggo8-pro,brand-chery,奇瑞,瑞虎8 PRO,passenger_car,approved,true,owned_reviewed_asset,奇瑞,瑞虎8 PRO,,passed,/assets/used-cars/owner-presentation-v2/vehicle-chery-tiggo8-pro.webp,/assets/used-cars/owner-presentation-v2/vehicle-chery-tiggo8-pro.webp,white,28,relative,webp,800
vehicle-chery-tiggo8l,brand-chery,奇瑞,瑞虎8L,passenger_car,approved,true,owned_reviewed_asset,奇瑞,瑞虎8L,,passed,/assets/used-cars/owner-presentation-v2/vehicle-chery-tiggo8l.webp,/assets/used-cars/owner-presentation-v2/vehicle-chery-tiggo8l.webp,white,28,relative,webp,800
vehicle-chery-tiggo9,brand-chery,奇瑞,瑞虎9,passenger_car,approved,true,owned_reviewed_asset,奇瑞,瑞虎9,,passed,/assets/used-cars/owner-presentation-v2/vehicle-chery-tiggo9.webp,/assets/used-cars/owner-presentation-v2/vehicle-chery-tiggo9.webp,white,28,relative,webp,800
vehicle-chery-arrizo3,brand-chery,奇瑞,艾瑞泽3,passenger_car,approved,true,owned_reviewed_asset,奇瑞,艾瑞泽3,,passed,/assets/used-cars/owner-presentation-v2/vehicle-chery-arrizo3.webp,/assets/used-cars/owner-presentation-v2/vehicle-chery-arrizo3.webp,white,28,relative,webp,800
vehicle-chery-arrizo5,brand-chery,奇瑞,艾瑞泽5,passenger_car,approved,true,owned_reviewed_asset,奇瑞,艾瑞泽5,,passed,/assets/used-cars/owner-presentation-v2/vehicle-chery-arrizo5.webp,/assets/used-cars/owner-presentation-v2/vehicle-chery-arrizo5.webp,white,28,relative,webp,800
vehicle-chery-arrizo5-plus,brand-chery,奇瑞,艾瑞泽5 PLUS,passenger_car,approved,true,owned_reviewed_asset,奇瑞,艾瑞泽5 PLUS,,passed,/assets/used-cars/owner-presentation-v2/vehicle-chery-arrizo5-plus.webp,/assets/used-cars/owner-presentation-v2/vehicle-chery-arrizo5-plus.webp,white,28,relative,webp,800
vehicle-chery-arrizo5-gt,brand-chery,奇瑞,艾瑞泽5 GT,passenger_car,approved,true,owned_reviewed_asset,奇瑞,艾瑞泽5 GT,,passed,/assets/used-cars/owner-presentation-v2/vehicle-chery-arrizo5-gt.webp,/assets/used-cars/owner-presentation-v2/vehicle-chery-arrizo5-gt.webp,white,28,relative,webp,800
vehicle-chery-arrizo7,brand-chery,奇瑞,艾瑞泽7,passenger_car,approved,true,owned_reviewed_asset,奇瑞,艾瑞泽7,,passed,/assets/used-cars/owner-presentation-v2/vehicle-chery-arrizo7.webp,/assets/used-cars/owner-presentation-v2/vehicle-chery-arrizo7.webp,white,28,relative,webp,800
vehicle-chery-arrizo8,brand-chery,奇瑞,艾瑞泽8,passenger_car,approved,true,owned_reviewed_asset,奇瑞,艾瑞泽8,,passed,/assets/used-cars/owner-presentation-v2/vehicle-chery-arrizo8.webp,/assets/used-cars/owner-presentation-v2/vehicle-chery-arrizo8.webp,white,28,relative,webp,800
vehicle-chery-arrizo-gx,brand-chery,奇瑞,艾瑞泽GX,passenger_car,approved,true,owned_reviewed_asset,奇瑞,艾瑞泽GX,,passed,/assets/used-cars/owner-presentation-v2/vehicle-chery-arrizo-gx.webp,/assets/used-cars/owner-presentation-v2/vehicle-chery-arrizo-gx.webp,white,28,relative,webp,800
vehicle-chery-qq,brand-chery,奇瑞,QQ,passenger_car,approved,true,owned_reviewed_asset,奇瑞,QQ,,passed,/assets/used-cars/owner-presentation-v2/vehicle-chery-qq.webp,/assets/used-cars/owner-presentation-v2/vehicle-chery-qq.webp,white,28,relative,webp,800
vehicle-chery-qq-icecream,brand-chery,奇瑞,QQ冰淇淋,passenger_car,approved,true,owned_reviewed_asset,奇瑞,QQ冰淇淋,,passed,/assets/used-cars/owner-presentation-v2/vehicle-chery-qq-icecream.webp,/assets/used-cars/owner-presentation-v2/vehicle-chery-qq-icecream.webp,white,28,relative,webp,800
vehicle-chery-eq1,brand-chery,奇瑞,小蚂蚁,passenger_car,approved,true,owned_reviewed_asset,奇瑞,小蚂蚁,,passed,/assets/used-cars/owner-presentation-v2/vehicle-chery-eq1.webp,/assets/used-cars/owner-presentation-v2/vehicle-chery-eq1.webp,white,28,relative,webp,800
vehicle-chery-eq,brand-chery,奇瑞,奇瑞eQ,passenger_car,approved,true,owned_reviewed_asset,奇瑞,奇瑞eQ,,passed,/assets/used-cars/owner-presentation-v2/vehicle-chery-eq.webp,/assets/used-cars/owner-presentation-v2/vehicle-chery-eq.webp,white,28,relative,webp,800
vehicle-chery-eq7,brand-chery,奇瑞,舒享家,passenger_car,approved,true,owned_reviewed_asset,奇瑞,舒享家,,passed,/assets/used-cars/owner-presentation-v2/vehicle-chery-eq7.webp,/assets/used-cars/owner-presentation-v2/vehicle-chery-eq7.webp,white,28,relative,webp,800
vehicle-chery-ant,brand-chery,奇瑞,大蚂蚁,passenger_car,approved,true,owned_reviewed_asset,奇瑞,大蚂蚁,,passed,/assets/used-cars/owner-presentation-v2/vehicle-chery-ant.webp,/assets/used-cars/owner-presentation-v2/vehicle-chery-ant.webp,white,28,relative,webp,800
vehicle-chery-fulwin2,brand-chery,奇瑞,风云2,passenger_car,approved,true,owned_reviewed_asset,奇瑞,风云2,,passed,/assets/used-cars/owner-presentation-v2/vehicle-chery-fulwin2.webp,/assets/used-cars/owner-presentation-v2/vehicle-chery-fulwin2.webp,white,28,relative,webp,800
vehicle-chery-a3,brand-chery,奇瑞,A3,passenger_car,approved,true,owned_reviewed_asset,奇瑞,A3,,passed,/assets/used-cars/owner-presentation-v2/vehicle-chery-a3.webp,/assets/used-cars/owner-presentation-v2/vehicle-chery-a3.webp,white,28,relative,webp,800
vehicle-chery-e3,brand-chery,奇瑞,E3,passenger_car,approved,true,owned_reviewed_asset,奇瑞,E3,,passed,/assets/used-cars/owner-presentation-v2/vehicle-chery-e3.webp,/assets/used-cars/owner-presentation-v2/vehicle-chery-e3.webp,white,28,relative,webp,800
vehicle-chery-e5,brand-chery,奇瑞,E5,passenger_car,approved,true,owned_reviewed_asset,奇瑞,E5,,passed,/assets/used-cars/owner-presentation-v2/vehicle-chery-e5.webp,/assets/used-cars/owner-presentation-v2/vehicle-chery-e5.webp,white,28,relative,webp,800
vehicle-chery-cowin1,brand-chery,奇瑞,旗云1,passenger_car,approved,true,owned_reviewed_asset,奇瑞,旗云1,,passed,/assets/used-cars/owner-presentation-v2/vehicle-chery-cowin1.webp,/assets/used-cars/owner-presentation-v2/vehicle-chery-cowin1.webp,white,28,relative,webp,800
vehicle-chery-cowin2,brand-chery,奇瑞,旗云2,passenger_car,approved,true,owned_reviewed_asset,奇瑞,旗云2,,passed,/assets/used-cars/owner-presentation-v2/vehicle-chery-cowin2.webp,/assets/used-cars/owner-presentation-v2/vehicle-chery-cowin2.webp,white,28,relative,webp,800
vehicle-chery-cowin3,brand-chery,奇瑞,旗云3,passenger_car,approved,true,owned_reviewed_asset,奇瑞,旗云3,,passed,/assets/used-cars/owner-presentation-v2/vehicle-chery-cowin3.webp,/assets/used-cars/owner-presentation-v2/vehicle-chery-cowin3.webp,white,28,relative,webp,800
vehicle-chery-eastar,brand-chery,奇瑞,东方之子,passenger_car,approved,true,owned_reviewed_asset,奇瑞,东方之子,,passed,/assets/used-cars/owner-presentation-v2/vehicle-chery-eastar.webp,/assets/used-cars/owner-presentation-v2/vehicle-chery-eastar.webp,white,28,relative,webp,800
vehicle-chery-fulwin-a8,brand-chery-fulwin,奇瑞风云,A8,passenger_car,approved,true,owned_reviewed_asset,奇瑞风云,A8,,passed,/assets/used-cars/owner-presentation-v2/vehicle-chery-fulwin-a8.webp,/assets/used-cars/owner-presentation-v2/vehicle-chery-fulwin-a8.webp,white,28,relative,webp,800
vehicle-chery-fulwin-a9l,brand-chery-fulwin,奇瑞风云,A9L,passenger_car,approved,true,owned_reviewed_asset,奇瑞风云,A9L,,passed,/assets/used-cars/owner-presentation-v2/vehicle-chery-fulwin-a9l.webp,/assets/used-cars/owner-presentation-v2/vehicle-chery-fulwin-a9l.webp,white,28,relative,webp,800
vehicle-chery-fulwin-t6,brand-chery-fulwin,奇瑞风云,T6,passenger_car,approved,true,owned_reviewed_asset,奇瑞风云,T6,,passed,/assets/used-cars/owner-presentation-v2/vehicle-chery-fulwin-t6.webp,/assets/used-cars/owner-presentation-v2/vehicle-chery-fulwin-t6.webp,white,28,relative,webp,800
vehicle-chery-fulwin-t8,brand-chery-fulwin,奇瑞风云,T8,passenger_car,approved,true,owned_reviewed_asset,奇瑞风云,T8,,passed,/assets/used-cars/owner-presentation-v2/vehicle-chery-fulwin-t8.webp,/assets/used-cars/owner-presentation-v2/vehicle-chery-fulwin-t8.webp,white,28,relative,webp,800
vehicle-chery-fulwin-t9,brand-chery-fulwin,奇瑞风云,T9,passenger_car,approved,true,owned_reviewed_asset,奇瑞风云,T9,,passed,/assets/used-cars/owner-presentation-v2/vehicle-chery-fulwin-t9.webp,/assets/used-cars/owner-presentation-v2/vehicle-chery-fulwin-t9.webp,white,28,relative,webp,800
vehicle-chery-fulwin-t10,brand-chery-fulwin,奇瑞风云,T10,passenger_car,approved,true,owned_reviewed_asset,奇瑞风云,T10,,passed,/assets/used-cars/owner-presentation-v2/vehicle-chery-fulwin-t10.webp,/assets/used-cars/owner-presentation-v2/vehicle-chery-fulwin-t10.webp,white,28,relative,webp,800
vehicle-chery-fulwin-x3,brand-chery-fulwin,奇瑞风云,风云X3,passenger_car,approved,true,owned_reviewed_asset,奇瑞风云,风云X3,,passed,/assets/used-cars/owner-presentation-v2/vehicle-chery-fulwin-x3.webp,/assets/used-cars/owner-presentation-v2/vehicle-chery-fulwin-x3.webp,white,28,relative,webp,800
vehicle-exeed-lx,brand-exeed,星途,追风,passenger_car,approved,true,owned_reviewed_asset,星途,追风,,passed,/assets/used-cars/owner-presentation-v2/vehicle-exeed-lx.webp,/assets/used-cars/owner-presentation-v2/vehicle-exeed-lx.webp,white,28,relative,webp,800
vehicle-exeed-tx,brand-exeed,星途,TX,passenger_car,approved,true,owned_reviewed_asset,星途,TX,,passed,/assets/used-cars/owner-presentation-v2/vehicle-exeed-tx.webp,/assets/used-cars/owner-presentation-v2/vehicle-exeed-tx.webp,white,28,relative,webp,800
vehicle-exeed-txl,brand-exeed,星途,凌云,passenger_car,approved,true,owned_reviewed_asset,星途,凌云,,passed,/assets/used-cars/owner-presentation-v2/vehicle-exeed-txl.webp,/assets/used-cars/owner-presentation-v2/vehicle-exeed-txl.webp,white,28,relative,webp,800
vehicle-exeed-vx,brand-exeed,星途,揽月,passenger_car,approved,true,owned_reviewed_asset,星途,揽月,,passed,/assets/used-cars/owner-presentation-v2/vehicle-exeed-vx.webp,/assets/used-cars/owner-presentation-v2/vehicle-exeed-vx.webp,white,28,relative,webp,800
vehicle-exeed-rx,brand-exeed,星途,瑶光,passenger_car,approved,true,owned_reviewed_asset,星途,瑶光,,passed,/assets/used-cars/owner-presentation-v2/vehicle-exeed-rx.webp,/assets/used-cars/owner-presentation-v2/vehicle-exeed-rx.webp,white,28,relative,webp,800
vehicle-exeed-es,brand-exeed,星途,星纪元ES,passenger_car,approved,true,owned_reviewed_asset,星途,星纪元ES,,passed,/assets/used-cars/owner-presentation-v2/vehicle-exeed-es.webp,/assets/used-cars/owner-presentation-v2/vehicle-exeed-es.webp,white,28,relative,webp,800
vehicle-exeed-et,brand-exeed,星途,星纪元ET,passenger_car,approved,true,owned_reviewed_asset,星途,星纪元ET,,passed,/assets/used-cars/owner-presentation-v2/vehicle-exeed-et.webp,/assets/used-cars/owner-presentation-v2/vehicle-exeed-et.webp,white,28,relative,webp,800
vehicle-exeed-et5,brand-exeed,星途,ET5,passenger_car,approved,true,owned_reviewed_asset,星途,ET5,,passed,/assets/used-cars/owner-presentation-v2/vehicle-exeed-et5.webp,/assets/used-cars/owner-presentation-v2/vehicle-exeed-et5.webp,white,28,relative,webp,800
vehicle-jetour-x70,brand-jetour,捷途,X70,passenger_car,approved,true,owned_reviewed_asset,捷途,X70,,passed,/assets/used-cars/owner-presentation-v2/vehicle-jetour-x70.webp,/assets/used-cars/owner-presentation-v2/vehicle-jetour-x70.webp,white,28,relative,webp,800
vehicle-jetour-x70-plus,brand-jetour,捷途,X70 PLUS,passenger_car,approved,true,owned_reviewed_asset,捷途,X70 PLUS,,passed,/assets/used-cars/owner-presentation-v2/vehicle-jetour-x70-plus.webp,/assets/used-cars/owner-presentation-v2/vehicle-jetour-x70-plus.webp,white,28,relative,webp,800
vehicle-jetour-x70m,brand-jetour,捷途,X70M,passenger_car,approved,true,owned_reviewed_asset,捷途,X70M,,passed,/assets/used-cars/owner-presentation-v2/vehicle-jetour-x70m.webp,/assets/used-cars/owner-presentation-v2/vehicle-jetour-x70m.webp,white,28,relative,webp,800
vehicle-jetour-x70s,brand-jetour,捷途,X70S,passenger_car,approved,true,owned_reviewed_asset,捷途,X70S,,passed,/assets/used-cars/owner-presentation-v2/vehicle-jetour-x70s.webp,/assets/used-cars/owner-presentation-v2/vehicle-jetour-x70s.webp,white,28,relative,webp,800
vehicle-jetour-x90,brand-jetour,捷途,X90,passenger_car,approved,true,owned_reviewed_asset,捷途,X90,,passed,/assets/used-cars/owner-presentation-v2/vehicle-jetour-x90.webp,/assets/used-cars/owner-presentation-v2/vehicle-jetour-x90.webp,white,28,relative,webp,800
vehicle-jetour-x90-plus,brand-jetour,捷途,X90 PLUS,passenger_car,approved,true,owned_reviewed_asset,捷途,X90 PLUS,,passed,/assets/used-cars/owner-presentation-v2/vehicle-jetour-x90-plus.webp,/assets/used-cars/owner-presentation-v2/vehicle-jetour-x90-plus.webp,white,28,relative,webp,800
vehicle-jetour-x95,brand-jetour,捷途,X95,passenger_car,approved,true,owned_reviewed_asset,捷途,X95,,passed,/assets/used-cars/owner-presentation-v2/vehicle-jetour-x95.webp,/assets/used-cars/owner-presentation-v2/vehicle-jetour-x95.webp,white,28,relative,webp,800
vehicle-jetour-dashing,brand-jetour,捷途,大圣,passenger_car,approved,true,owned_reviewed_asset,捷途,大圣,,passed,/assets/used-cars/owner-presentation-v2/vehicle-jetour-dashing.webp,/assets/used-cars/owner-presentation-v2/vehicle-jetour-dashing.webp,white,28,relative,webp,800
vehicle-jetour-traveller,brand-jetour,捷途,旅行者,passenger_car,approved,true,owned_reviewed_asset,捷途,旅行者,,passed,/assets/used-cars/owner-presentation-v2/vehicle-jetour-traveller.webp,/assets/used-cars/owner-presentation-v2/vehicle-jetour-traveller.webp,white,28,relative,webp,800
vehicle-jetour-shanhai-t1,brand-jetour,捷途,山海T1,passenger_car,approved,true,owned_reviewed_asset,捷途,山海T1,,passed,/assets/used-cars/owner-presentation-v2/vehicle-jetour-shanhai-t1.webp,/assets/used-cars/owner-presentation-v2/vehicle-jetour-shanhai-t1.webp,white,28,relative,webp,800
vehicle-jetour-shanhai-t2,brand-jetour,捷途,山海T2,passenger_car,approved,true,owned_reviewed_asset,捷途,山海T2,,passed,/assets/used-cars/owner-presentation-v2/vehicle-jetour-shanhai-t2.webp,/assets/used-cars/owner-presentation-v2/vehicle-jetour-shanhai-t2.webp,white,28,relative,webp,800
vehicle-jetour-shanhai-l6,brand-jetour,捷途,山海L6,passenger_car,approved,true,owned_reviewed_asset,捷途,山海L6,,passed,/assets/used-cars/owner-presentation-v2/vehicle-jetour-shanhai-l6.webp,/assets/used-cars/owner-presentation-v2/vehicle-jetour-shanhai-l6.webp,white,28,relative,webp,800
vehicle-jetour-shanhai-l7,brand-jetour,捷途,山海L7,passenger_car,approved,true,owned_reviewed_asset,捷途,山海L7,,passed,/assets/used-cars/owner-presentation-v2/vehicle-jetour-shanhai-l7.webp,/assets/used-cars/owner-presentation-v2/vehicle-jetour-shanhai-l7.webp,white,28,relative,webp,800
vehicle-jetour-shanhai-l9,brand-jetour,捷途,山海L9,passenger_car,approved,true,owned_reviewed_asset,捷途,山海L9,,passed,/assets/used-cars/owner-presentation-v2/vehicle-jetour-shanhai-l9.webp,/assets/used-cars/owner-presentation-v2/vehicle-jetour-shanhai-l9.webp,white,28,relative,webp,800
vehicle-jetour-freedom,brand-jetour,捷途,自由者,passenger_car,approved,true,owned_reviewed_asset,捷途,自由者,,passed,/assets/used-cars/owner-presentation-v2/vehicle-jetour-freedom.webp,/assets/used-cars/owner-presentation-v2/vehicle-jetour-freedom.webp,white,28,relative,webp,800
vehicle-icar-03,brand-icar,iCAR,03,passenger_car,approved,true,owned_reviewed_asset,iCAR,03,,passed,/assets/used-cars/owner-presentation-v2/vehicle-icar-03.webp,/assets/used-cars/owner-presentation-v2/vehicle-icar-03.webp,white,28,relative,webp,800
vehicle-icar-03t,brand-icar,iCAR,03T,passenger_car,approved,true,owned_reviewed_asset,iCAR,03T,,passed,/assets/used-cars/owner-presentation-v2/vehicle-icar-03t.webp,/assets/used-cars/owner-presentation-v2/vehicle-icar-03t.webp,white,28,relative,webp,800
vehicle-icar-v23,brand-icar,iCAR,V23,passenger_car,approved,true,owned_reviewed_asset,iCAR,V23,,passed,/assets/used-cars/owner-presentation-v2/vehicle-icar-v23.webp,/assets/used-cars/owner-presentation-v2/vehicle-icar-v23.webp,white,28,relative,webp,800
vehicle-haval-h1,brand-haval,哈弗,H1,passenger_car,approved,true,owned_reviewed_asset,哈弗,H1,,passed,/assets/used-cars/owner-presentation-v2/vehicle-haval-h1.webp,/assets/used-cars/owner-presentation-v2/vehicle-haval-h1.webp,white,28,relative,webp,800
vehicle-haval-h2,brand-haval,哈弗,H2,passenger_car,approved,true,owned_reviewed_asset,哈弗,H2,,passed,/assets/used-cars/owner-presentation-v2/vehicle-haval-h2.webp,/assets/used-cars/owner-presentation-v2/vehicle-haval-h2.webp,white,28,relative,webp,800
vehicle-haval-h2s,brand-haval,哈弗,H2s,passenger_car,approved,true,owned_reviewed_asset,哈弗,H2s,,passed,/assets/used-cars/owner-presentation-v2/vehicle-haval-h2s.webp,/assets/used-cars/owner-presentation-v2/vehicle-haval-h2s.webp,white,28,relative,webp,800
vehicle-haval-h4,brand-haval,哈弗,H4,passenger_car,approved,true,owned_reviewed_asset,哈弗,H4,,passed,/assets/used-cars/owner-presentation-v2/vehicle-haval-h4.webp,/assets/used-cars/owner-presentation-v2/vehicle-haval-h4.webp,white,28,relative,webp,800
vehicle-haval-h5,brand-haval,哈弗,H5,passenger_car,approved,true,owned_reviewed_asset,哈弗,H5,,passed,/assets/used-cars/owner-presentation-v2/vehicle-haval-h5.webp,/assets/used-cars/owner-presentation-v2/vehicle-haval-h5.webp,white,28,relative,webp,800
vehicle-haval-h6,brand-haval,哈弗,H6,passenger_car,approved,true,owned_reviewed_asset,哈弗,H6,,passed,/assets/used-cars/owner-presentation-v2/vehicle-haval-h6.webp,/assets/used-cars/owner-presentation-v2/vehicle-haval-h6.webp,white,28,relative,webp,800
vehicle-haval-h6-coupe,brand-haval,哈弗,H6 Coupe,passenger_car,approved,true,owned_reviewed_asset,哈弗,H6 Coupe,,passed,/assets/used-cars/owner-presentation-v2/vehicle-haval-h6-coupe.webp,/assets/used-cars/owner-presentation-v2/vehicle-haval-h6-coupe.webp,white,28,relative,webp,800
vehicle-haval-h6s,brand-haval,哈弗,H6S,passenger_car,approved,true,owned_reviewed_asset,哈弗,H6S,,passed,/assets/used-cars/owner-presentation-v2/vehicle-haval-h6s.webp,/assets/used-cars/owner-presentation-v2/vehicle-haval-h6s.webp,white,28,relative,webp,800
vehicle-haval-h7,brand-haval,哈弗,H7,passenger_car,approved,true,owned_reviewed_asset,哈弗,H7,,passed,/assets/used-cars/owner-presentation-v2/vehicle-haval-h7.webp,/assets/used-cars/owner-presentation-v2/vehicle-haval-h7.webp,white,28,relative,webp,800
vehicle-haval-h8,brand-haval,哈弗,H8,passenger_car,approved,true,owned_reviewed_asset,哈弗,H8,,passed,/assets/used-cars/owner-presentation-v2/vehicle-haval-h8.webp,/assets/used-cars/owner-presentation-v2/vehicle-haval-h8.webp,white,28,relative,webp,800
vehicle-haval-h9,brand-haval,哈弗,H9,passenger_car,approved,true,owned_reviewed_asset,哈弗,H9,,passed,/assets/used-cars/owner-presentation-v2/vehicle-haval-h9.webp,/assets/used-cars/owner-presentation-v2/vehicle-haval-h9.webp,white,28,relative,webp,800
vehicle-haval-f5,brand-haval,哈弗,F5,passenger_car,approved,true,owned_reviewed_asset,哈弗,F5,,passed,/assets/used-cars/owner-presentation-v2/vehicle-haval-f5.webp,/assets/used-cars/owner-presentation-v2/vehicle-haval-f5.webp,white,28,relative,webp,800
vehicle-haval-f7,brand-haval,哈弗,F7,passenger_car,approved,true,owned_reviewed_asset,哈弗,F7,,passed,/assets/used-cars/owner-presentation-v2/vehicle-haval-f7.webp,/assets/used-cars/owner-presentation-v2/vehicle-haval-f7.webp,white,28,relative,webp,800
vehicle-haval-f7x,brand-haval,哈弗,F7x,passenger_car,approved,true,owned_reviewed_asset,哈弗,F7x,,passed,/assets/used-cars/owner-presentation-v2/vehicle-haval-f7x.webp,/assets/used-cars/owner-presentation-v2/vehicle-haval-f7x.webp,white,28,relative,webp,800
vehicle-haval-m6,brand-haval,哈弗,M6,passenger_car,approved,true,owned_reviewed_asset,哈弗,M6,,passed,/assets/used-cars/owner-presentation-v2/vehicle-haval-m6.webp,/assets/used-cars/owner-presentation-v2/vehicle-haval-m6.webp,white,28,relative,webp,800
vehicle-haval-dagou,brand-haval,哈弗,大狗,passenger_car,approved,true,owned_reviewed_asset,哈弗,大狗,,passed,/assets/used-cars/owner-presentation-v2/vehicle-haval-dagou.webp,/assets/used-cars/owner-presentation-v2/vehicle-haval-dagou.webp,white,28,relative,webp,800
vehicle-haval-dagou2,brand-haval,哈弗,二代大狗,passenger_car,approved,true,owned_reviewed_asset,哈弗,二代大狗,,passed,/assets/used-cars/owner-presentation-v2/vehicle-haval-dagou2.webp,/assets/used-cars/owner-presentation-v2/vehicle-haval-dagou2.webp,white,28,relative,webp,800
vehicle-haval-chitu,brand-haval,哈弗,赤兔,passenger_car,approved,true,owned_reviewed_asset,哈弗,赤兔,,passed,/assets/used-cars/owner-presentation-v2/vehicle-haval-chitu.webp,/assets/used-cars/owner-presentation-v2/vehicle-haval-chitu.webp,white,28,relative,webp,800
vehicle-haval-shenshou,brand-haval,哈弗,神兽,passenger_car,approved,true,owned_reviewed_asset,哈弗,神兽,,passed,/assets/used-cars/owner-presentation-v2/vehicle-haval-shenshou.webp,/assets/used-cars/owner-presentation-v2/vehicle-haval-shenshou.webp,white,28,relative,webp,800
vehicle-haval-kugou,brand-haval,哈弗,酷狗,passenger_car,approved,true,owned_reviewed_asset,哈弗,酷狗,,passed,/assets/used-cars/owner-presentation-v2/vehicle-haval-kugou.webp,/assets/used-cars/owner-presentation-v2/vehicle-haval-kugou.webp,white,28,relative,webp,800
vehicle-haval-xiaolong,brand-haval,哈弗,枭龙,passenger_car,approved,true,owned_reviewed_asset,哈弗,枭龙,,passed,/assets/used-cars/owner-presentation-v2/vehicle-haval-xiaolong.webp,/assets/used-cars/owner-presentation-v2/vehicle-haval-xiaolong.webp,white,28,relative,webp,800
vehicle-haval-xiaolong-max,brand-haval,哈弗,枭龙MAX,passenger_car,approved,true,owned_reviewed_asset,哈弗,枭龙MAX,,passed,/assets/used-cars/owner-presentation-v2/vehicle-haval-xiaolong-max.webp,/assets/used-cars/owner-presentation-v2/vehicle-haval-xiaolong-max.webp,white,28,relative,webp,800
vehicle-haval-raptor,brand-haval,哈弗,猛龙,passenger_car,approved,true,owned_reviewed_asset,哈弗,猛龙,,passed,/assets/used-cars/owner-presentation-v2/vehicle-haval-raptor.webp,/assets/used-cars/owner-presentation-v2/vehicle-haval-raptor.webp,white,28,relative,webp,800
vehicle-wey-vv5,brand-wey,魏牌,VV5,passenger_car,approved,true,owned_reviewed_asset,魏牌,VV5,,passed,/assets/used-cars/owner-presentation-v2/vehicle-wey-vv5.webp,/assets/used-cars/owner-presentation-v2/vehicle-wey-vv5.webp,white,28,relative,webp,800
vehicle-wey-vv6,brand-wey,魏牌,VV6,passenger_car,approved,true,owned_reviewed_asset,魏牌,VV6,,passed,/assets/used-cars/owner-presentation-v2/vehicle-wey-vv6.webp,/assets/used-cars/owner-presentation-v2/vehicle-wey-vv6.webp,white,28,relative,webp,800
vehicle-wey-vv7,brand-wey,魏牌,VV7,passenger_car,approved,true,owned_reviewed_asset,魏牌,VV7,,passed,/assets/used-cars/owner-presentation-v2/vehicle-wey-vv7.webp,/assets/used-cars/owner-presentation-v2/vehicle-wey-vv7.webp,white,28,relative,webp,800
vehicle-wey-p8,brand-wey,魏牌,P8,passenger_car,approved,true,owned_reviewed_asset,魏牌,P8,,passed,/assets/used-cars/owner-presentation-v2/vehicle-wey-p8.webp,/assets/used-cars/owner-presentation-v2/vehicle-wey-p8.webp,white,28,relative,webp,800
vehicle-wey-mocha,brand-wey,魏牌,摩卡,passenger_car,approved,true,owned_reviewed_asset,魏牌,摩卡,,passed,/assets/used-cars/owner-presentation-v2/vehicle-wey-mocha.webp,/assets/used-cars/owner-presentation-v2/vehicle-wey-mocha.webp,white,28,relative,webp,800
vehicle-wey-latte,brand-wey,魏牌,拿铁,passenger_car,approved,true,owned_reviewed_asset,魏牌,拿铁,,passed,/assets/used-cars/owner-presentation-v2/vehicle-wey-latte.webp,/assets/used-cars/owner-presentation-v2/vehicle-wey-latte.webp,white,28,relative,webp,800
vehicle-wey-macchiato,brand-wey,魏牌,玛奇朵,passenger_car,approved,true,owned_reviewed_asset,魏牌,玛奇朵,,passed,/assets/used-cars/owner-presentation-v2/vehicle-wey-macchiato.webp,/assets/used-cars/owner-presentation-v2/vehicle-wey-macchiato.webp,white,28,relative,webp,800
vehicle-wey-blue-mountain,brand-wey,魏牌,蓝山,passenger_car,approved,true,owned_reviewed_asset,魏牌,蓝山,,passed,/assets/used-cars/owner-presentation-v2/vehicle-wey-blue-mountain.webp,/assets/used-cars/owner-presentation-v2/vehicle-wey-blue-mountain.webp,white,28,relative,webp,800
vehicle-wey-gaoshan,brand-wey,魏牌,高山,passenger_car,approved,true,owned_reviewed_asset,魏牌,高山,,passed,/assets/used-cars/owner-presentation-v2/vehicle-wey-gaoshan.webp,/assets/used-cars/owner-presentation-v2/vehicle-wey-gaoshan.webp,white,28,relative,webp,800
vehicle-tank-300,brand-tank,坦克,300,passenger_car,approved,true,owned_reviewed_asset,坦克,300,,passed,/assets/used-cars/owner-presentation-v2/vehicle-tank-300.webp,/assets/used-cars/owner-presentation-v2/vehicle-tank-300.webp,white,28,relative,webp,800
vehicle-tank-400,brand-tank,坦克,400,passenger_car,approved,true,owned_reviewed_asset,坦克,400,,passed,/assets/used-cars/owner-presentation-v2/vehicle-tank-400.webp,/assets/used-cars/owner-presentation-v2/vehicle-tank-400.webp,white,28,relative,webp,800
vehicle-tank-500,brand-tank,坦克,500,passenger_car,approved,true,owned_reviewed_asset,坦克,500,,passed,/assets/used-cars/owner-presentation-v2/vehicle-tank-500.webp,/assets/used-cars/owner-presentation-v2/vehicle-tank-500.webp,white,28,relative,webp,800
vehicle-tank-700,brand-tank,坦克,700,passenger_car,approved,true,owned_reviewed_asset,坦克,700,,passed,/assets/used-cars/owner-presentation-v2/vehicle-tank-700.webp,/assets/used-cars/owner-presentation-v2/vehicle-tank-700.webp,white,28,relative,webp,800
vehicle-ora-good-cat,brand-ora,欧拉,好猫,passenger_car,approved,true,owned_reviewed_asset,欧拉,好猫,,passed,/assets/used-cars/owner-presentation-v2/vehicle-ora-good-cat.webp,/assets/used-cars/owner-presentation-v2/vehicle-ora-good-cat.webp,white,28,relative,webp,800
vehicle-ora-ballet-cat,brand-ora,欧拉,芭蕾猫,passenger_car,approved,true,owned_reviewed_asset,欧拉,芭蕾猫,,passed,/assets/used-cars/owner-presentation-v2/vehicle-ora-ballet-cat.webp,/assets/used-cars/owner-presentation-v2/vehicle-ora-ballet-cat.webp,white,28,relative,webp,800
vehicle-ora-lightning-cat,brand-ora,欧拉,闪电猫,passenger_car,approved,true,owned_reviewed_asset,欧拉,闪电猫,,passed,/assets/used-cars/owner-presentation-v2/vehicle-ora-lightning-cat.webp,/assets/used-cars/owner-presentation-v2/vehicle-ora-lightning-cat.webp,white,28,relative,webp,800
vehicle-ora-black-cat,brand-ora,欧拉,黑猫,passenger_car,approved,true,owned_reviewed_asset,欧拉,黑猫,,passed,/assets/used-cars/owner-presentation-v2/vehicle-ora-black-cat.webp,/assets/used-cars/owner-presentation-v2/vehicle-ora-black-cat.webp,white,28,relative,webp,800
vehicle-ora-white-cat,brand-ora,欧拉,白猫,passenger_car,approved,true,owned_reviewed_asset,欧拉,白猫,,passed,/assets/used-cars/owner-presentation-v2/vehicle-ora-white-cat.webp,/assets/used-cars/owner-presentation-v2/vehicle-ora-white-cat.webp,white,28,relative,webp,800
vehicle-ora-iq,brand-ora,欧拉,iQ,passenger_car,approved,true,owned_reviewed_asset,欧拉,iQ,,passed,/assets/used-cars/owner-presentation-v2/vehicle-ora-iq.webp,/assets/used-cars/owner-presentation-v2/vehicle-ora-iq.webp,white,28,relative,webp,800
vehicle-great-wall-poer,brand-great-wall,长城,炮,passenger_car,approved,true,owned_reviewed_asset,长城,炮,,passed,/assets/used-cars/owner-presentation-v2/vehicle-great-wall-poer.webp,/assets/used-cars/owner-presentation-v2/vehicle-great-wall-poer.webp,white,28,relative,webp,800
vehicle-great-wall-kingkong-poer,brand-great-wall,长城,金刚炮,passenger_car,approved,true,owned_reviewed_asset,长城,金刚炮,,passed,/assets/used-cars/owner-presentation-v2/vehicle-great-wall-kingkong-poer.webp,/assets/used-cars/owner-presentation-v2/vehicle-great-wall-kingkong-poer.webp,white,28,relative,webp,800
vehicle-great-wall-shanhai-poer,brand-great-wall,长城,山海炮,passenger_car,approved,true,owned_reviewed_asset,长城,山海炮,,passed,/assets/used-cars/owner-presentation-v2/vehicle-great-wall-shanhai-poer.webp,/assets/used-cars/owner-presentation-v2/vehicle-great-wall-shanhai-poer.webp,white,28,relative,webp,800
vehicle-great-wall-wingle5,brand-great-wall,长城,风骏5,passenger_car,approved,true,owned_reviewed_asset,长城,风骏5,,passed,/assets/used-cars/owner-presentation-v2/vehicle-great-wall-wingle5.webp,/assets/used-cars/owner-presentation-v2/vehicle-great-wall-wingle5.webp,white,28,relative,webp,800
vehicle-great-wall-wingle6,brand-great-wall,长城,风骏6,passenger_car,approved,true,owned_reviewed_asset,长城,风骏6,,passed,/assets/used-cars/owner-presentation-v2/vehicle-great-wall-wingle6.webp,/assets/used-cars/owner-presentation-v2/vehicle-great-wall-wingle6.webp,white,28,relative,webp,800
vehicle-great-wall-wingle7,brand-great-wall,长城,风骏7,passenger_car,approved,true,owned_reviewed_asset,长城,风骏7,,passed,/assets/used-cars/owner-presentation-v2/vehicle-great-wall-wingle7.webp,/assets/used-cars/owner-presentation-v2/vehicle-great-wall-wingle7.webp,white,28,relative,webp,800
vehicle-great-wall-voleex-c30,brand-great-wall,长城,腾翼C30,passenger_car,approved,true,owned_reviewed_asset,长城,腾翼C30,,passed,/assets/used-cars/owner-presentation-v2/vehicle-great-wall-voleex-c30.webp,/assets/used-cars/owner-presentation-v2/vehicle-great-wall-voleex-c30.webp,white,28,relative,webp,800
vehicle-great-wall-voleex-c50,brand-great-wall,长城,腾翼C50,passenger_car,approved,true,owned_reviewed_asset,长城,腾翼C50,,passed,/assets/used-cars/owner-presentation-v2/vehicle-great-wall-voleex-c50.webp,/assets/used-cars/owner-presentation-v2/vehicle-great-wall-voleex-c50.webp,white,28,relative,webp,800
vehicle-great-wall-florid,brand-great-wall,长城,炫丽,passenger_car,approved,true,owned_reviewed_asset,长城,炫丽,,passed,/assets/used-cars/owner-presentation-v2/vehicle-great-wall-florid.webp,/assets/used-cars/owner-presentation-v2/vehicle-great-wall-florid.webp,white,28,relative,webp,800
vehicle-great-wall-coolbear,brand-great-wall,长城,酷熊,passenger_car,approved,true,owned_reviewed_asset,长城,酷熊,,passed,/assets/used-cars/owner-presentation-v2/vehicle-great-wall-coolbear.webp,/assets/used-cars/owner-presentation-v2/vehicle-great-wall-coolbear.webp,white,28,relative,webp,800
vehicle-great-wall-peri,brand-great-wall,长城,精灵,passenger_car,approved,true,owned_reviewed_asset,长城,精灵,,passed,/assets/used-cars/owner-presentation-v2/vehicle-great-wall-peri.webp,/assets/used-cars/owner-presentation-v2/vehicle-great-wall-peri.webp,white,28,relative,webp,800
vehicle-great-wall-v80,brand-great-wall,长城,嘉誉,passenger_car,approved,true,owned_reviewed_asset,长城,嘉誉,,passed,/assets/used-cars/owner-presentation-v2/vehicle-great-wall-v80.webp,/assets/used-cars/owner-presentation-v2/vehicle-great-wall-v80.webp,white,28,relative,webp,800
vehicle-trumpchi-ga3,brand-trumpchi,广汽传祺,GA3,passenger_car,approved,true,owned_reviewed_asset,广汽传祺,GA3,,passed,/assets/used-cars/owner-presentation-v2/vehicle-trumpchi-ga3.webp,/assets/used-cars/owner-presentation-v2/vehicle-trumpchi-ga3.webp,white,28,relative,webp,800
vehicle-trumpchi-ga3s,brand-trumpchi,广汽传祺,GA3S视界,passenger_car,approved,true,owned_reviewed_asset,广汽传祺,GA3S视界,,passed,/assets/used-cars/owner-presentation-v2/vehicle-trumpchi-ga3s.webp,/assets/used-cars/owner-presentation-v2/vehicle-trumpchi-ga3s.webp,white,28,relative,webp,800
vehicle-trumpchi-ga4,brand-trumpchi,广汽传祺,GA4,passenger_car,approved,true,owned_reviewed_asset,广汽传祺,GA4,,passed,/assets/used-cars/owner-presentation-v2/vehicle-trumpchi-ga4.webp,/assets/used-cars/owner-presentation-v2/vehicle-trumpchi-ga4.webp,white,28,relative,webp,800
vehicle-trumpchi-ga5,brand-trumpchi,广汽传祺,GA5,passenger_car,approved,true,owned_reviewed_asset,广汽传祺,GA5,,passed,/assets/used-cars/owner-presentation-v2/vehicle-trumpchi-ga5.webp,/assets/used-cars/owner-presentation-v2/vehicle-trumpchi-ga5.webp,white,28,relative,webp,800
vehicle-trumpchi-ga6,brand-trumpchi,广汽传祺,GA6,passenger_car,approved,true,owned_reviewed_asset,广汽传祺,GA6,,passed,/assets/used-cars/owner-presentation-v2/vehicle-trumpchi-ga6.webp,/assets/used-cars/owner-presentation-v2/vehicle-trumpchi-ga6.webp,white,28,relative,webp,800
vehicle-trumpchi-ga8,brand-trumpchi,广汽传祺,GA8,passenger_car,approved,true,owned_reviewed_asset,广汽传祺,GA8,,passed,/assets/used-cars/owner-presentation-v2/vehicle-trumpchi-ga8.webp,/assets/used-cars/owner-presentation-v2/vehicle-trumpchi-ga8.webp,white,28,relative,webp,800
vehicle-trumpchi-gs3,brand-trumpchi,广汽传祺,GS3,passenger_car,approved,true,owned_reviewed_asset,广汽传祺,GS3,,passed,/assets/used-cars/owner-presentation-v2/vehicle-trumpchi-gs3.webp,/assets/used-cars/owner-presentation-v2/vehicle-trumpchi-gs3.webp,white,28,relative,webp,800
vehicle-trumpchi-gs4,brand-trumpchi,广汽传祺,GS4,passenger_car,approved,true,owned_reviewed_asset,广汽传祺,GS4,,passed,/assets/used-cars/owner-presentation-v2/vehicle-trumpchi-gs4.webp,/assets/used-cars/owner-presentation-v2/vehicle-trumpchi-gs4.webp,white,28,relative,webp,800
vehicle-trumpchi-gs4-plus,brand-trumpchi,广汽传祺,GS4 PLUS,passenger_car,approved,true,owned_reviewed_asset,广汽传祺,GS4 PLUS,,passed,/assets/used-cars/owner-presentation-v2/vehicle-trumpchi-gs4-plus.webp,/assets/used-cars/owner-presentation-v2/vehicle-trumpchi-gs4-plus.webp,white,28,relative,webp,800
vehicle-trumpchi-gs5,brand-trumpchi,广汽传祺,GS5,passenger_car,approved,true,owned_reviewed_asset,广汽传祺,GS5,,passed,/assets/used-cars/owner-presentation-v2/vehicle-trumpchi-gs5.webp,/assets/used-cars/owner-presentation-v2/vehicle-trumpchi-gs5.webp,white,28,relative,webp,800
vehicle-trumpchi-gs7,brand-trumpchi,广汽传祺,GS7,passenger_car,approved,true,owned_reviewed_asset,广汽传祺,GS7,,passed,/assets/used-cars/owner-presentation-v2/vehicle-trumpchi-gs7.webp,/assets/used-cars/owner-presentation-v2/vehicle-trumpchi-gs7.webp,white,28,relative,webp,800
vehicle-trumpchi-gs8,brand-trumpchi,广汽传祺,GS8,passenger_car,approved,true,owned_reviewed_asset,广汽传祺,GS8,,passed,/assets/used-cars/owner-presentation-v2/vehicle-trumpchi-gs8.webp,/assets/used-cars/owner-presentation-v2/vehicle-trumpchi-gs8.webp,white,28,relative,webp,800
vehicle-trumpchi-m6,brand-trumpchi,广汽传祺,M6,passenger_car,approved,true,owned_reviewed_asset,广汽传祺,M6,,passed,/assets/used-cars/owner-presentation-v2/vehicle-trumpchi-m6.webp,/assets/used-cars/owner-presentation-v2/vehicle-trumpchi-m6.webp,white,28,relative,webp,800
vehicle-trumpchi-m8,brand-trumpchi,广汽传祺,M8,passenger_car,approved,true,owned_reviewed_asset,广汽传祺,M8,,passed,/assets/used-cars/owner-presentation-v2/vehicle-trumpchi-m8.webp,/assets/used-cars/owner-presentation-v2/vehicle-trumpchi-m8.webp,white,28,relative,webp,800
vehicle-trumpchi-e8,brand-trumpchi,广汽传祺,E8,passenger_car,approved,true,owned_reviewed_asset,广汽传祺,E8,,passed,/assets/used-cars/owner-presentation-v2/vehicle-trumpchi-e8.webp,/assets/used-cars/owner-presentation-v2/vehicle-trumpchi-e8.webp,white,28,relative,webp,800
vehicle-trumpchi-e9,brand-trumpchi,广汽传祺,E9,passenger_car,approved,true,owned_reviewed_asset,广汽传祺,E9,,passed,/assets/used-cars/owner-presentation-v2/vehicle-trumpchi-e9.webp,/assets/used-cars/owner-presentation-v2/vehicle-trumpchi-e9.webp,white,28,relative,webp,800
vehicle-trumpchi-empow,brand-trumpchi,广汽传祺,影豹,passenger_car,approved,true,owned_reviewed_asset,广汽传祺,影豹,,passed,/assets/used-cars/owner-presentation-v2/vehicle-trumpchi-empow.webp,/assets/used-cars/owner-presentation-v2/vehicle-trumpchi-empow.webp,white,28,relative,webp,800
vehicle-trumpchi-emkoo,brand-trumpchi,广汽传祺,影酷,passenger_car,approved,true,owned_reviewed_asset,广汽传祺,影酷,,passed,/assets/used-cars/owner-presentation-v2/vehicle-trumpchi-emkoo.webp,/assets/used-cars/owner-presentation-v2/vehicle-trumpchi-emkoo.webp,white,28,relative,webp,800
vehicle-trumpchi-s7,brand-trumpchi,广汽传祺,S7,passenger_car,approved,true,owned_reviewed_asset,广汽传祺,S7,,passed,/assets/used-cars/owner-presentation-v2/vehicle-trumpchi-s7.webp,/assets/used-cars/owner-presentation-v2/vehicle-trumpchi-s7.webp,white,28,relative,webp,800
vehicle-trumpchi-s9,brand-trumpchi,广汽传祺,S9,passenger_car,approved,true,owned_reviewed_asset,广汽传祺,S9,,passed,/assets/used-cars/owner-presentation-v2/vehicle-trumpchi-s9.webp,/assets/used-cars/owner-presentation-v2/vehicle-trumpchi-s9.webp,white,28,relative,webp,800
vehicle-aion-s,brand-aion,广汽埃安,AION S,passenger_car,approved,true,owned_reviewed_asset,广汽埃安,AION S,,passed,/assets/used-cars/owner-presentation-v2/vehicle-aion-s.webp,/assets/used-cars/owner-presentation-v2/vehicle-aion-s.webp,white,28,relative,webp,800
vehicle-aion-s-plus,brand-aion,广汽埃安,AION S Plus,passenger_car,approved,true,owned_reviewed_asset,广汽埃安,AION S Plus,,passed,/assets/used-cars/owner-presentation-v2/vehicle-aion-s-plus.webp,/assets/used-cars/owner-presentation-v2/vehicle-aion-s-plus.webp,white,28,relative,webp,800
vehicle-aion-s-max,brand-aion,广汽埃安,AION S MAX,passenger_car,approved,true,owned_reviewed_asset,广汽埃安,AION S MAX,,passed,/assets/used-cars/owner-presentation-v2/vehicle-aion-s-max.webp,/assets/used-cars/owner-presentation-v2/vehicle-aion-s-max.webp,white,28,relative,webp,800
vehicle-aion-y,brand-aion,广汽埃安,AION Y,passenger_car,approved,true,owned_reviewed_asset,广汽埃安,AION Y,,passed,/assets/used-cars/owner-presentation-v2/vehicle-aion-y.webp,/assets/used-cars/owner-presentation-v2/vehicle-aion-y.webp,white,28,relative,webp,800
vehicle-aion-y-plus,brand-aion,广汽埃安,AION Y Plus,passenger_car,approved,true,owned_reviewed_asset,广汽埃安,AION Y Plus,,passed,/assets/used-cars/owner-presentation-v2/vehicle-aion-y-plus.webp,/assets/used-cars/owner-presentation-v2/vehicle-aion-y-plus.webp,white,28,relative,webp,800
vehicle-aion-v,brand-aion,广汽埃安,AION V,passenger_car,approved,true,owned_reviewed_asset,广汽埃安,AION V,,passed,/assets/used-cars/owner-presentation-v2/vehicle-aion-v.webp,/assets/used-cars/owner-presentation-v2/vehicle-aion-v.webp,white,28,relative,webp,800
vehicle-aion-lx,brand-aion,广汽埃安,AION LX,passenger_car,approved,true,owned_reviewed_asset,广汽埃安,AION LX,,passed,/assets/used-cars/owner-presentation-v2/vehicle-aion-lx.webp,/assets/used-cars/owner-presentation-v2/vehicle-aion-lx.webp,white,28,relative,webp,800
vehicle-aion-rt,brand-aion,广汽埃安,AION RT,passenger_car,approved,true,owned_reviewed_asset,广汽埃安,AION RT,,passed,/assets/used-cars/owner-presentation-v2/vehicle-aion-rt.webp,/assets/used-cars/owner-presentation-v2/vehicle-aion-rt.webp,white,28,relative,webp,800
vehicle-aion-ut,brand-aion,广汽埃安,AION UT,passenger_car,approved,true,owned_reviewed_asset,广汽埃安,AION UT,,passed,/assets/used-cars/owner-presentation-v2/vehicle-aion-ut.webp,/assets/used-cars/owner-presentation-v2/vehicle-aion-ut.webp,white,28,relative,webp,800
vehicle-aion-i60,brand-aion,广汽埃安,i60,passenger_car,approved,true,owned_reviewed_asset,广汽埃安,i60,,passed,/assets/used-cars/owner-presentation-v2/vehicle-aion-i60.webp,/assets/used-cars/owner-presentation-v2/vehicle-aion-i60.webp,white,28,relative,webp,800
vehicle-hyptec-gt,brand-hyptec,昊铂,GT,passenger_car,approved,true,owned_reviewed_asset,昊铂,GT,,passed,/assets/used-cars/owner-presentation-v2/vehicle-hyptec-gt.webp,/assets/used-cars/owner-presentation-v2/vehicle-hyptec-gt.webp,white,28,relative,webp,800
vehicle-hyptec-ht,brand-hyptec,昊铂,HT,passenger_car,approved,true,owned_reviewed_asset,昊铂,HT,,passed,/assets/used-cars/owner-presentation-v2/vehicle-hyptec-ht.webp,/assets/used-cars/owner-presentation-v2/vehicle-hyptec-ht.webp,white,28,relative,webp,800
vehicle-hyptec-ssr,brand-hyptec,昊铂,SSR,passenger_car,approved,true,owned_reviewed_asset,昊铂,SSR,,passed,/assets/used-cars/owner-presentation-v2/vehicle-hyptec-ssr.webp,/assets/used-cars/owner-presentation-v2/vehicle-hyptec-ssr.webp,white,28,relative,webp,800
vehicle-hyptec-hl,brand-hyptec,昊铂,HL,passenger_car,approved,true,owned_reviewed_asset,昊铂,HL,,passed,/assets/used-cars/owner-presentation-v2/vehicle-hyptec-hl.webp,/assets/used-cars/owner-presentation-v2/vehicle-hyptec-hl.webp,white,28,relative,webp,800
vehicle-roewe-i5,brand-roewe,荣威,i5,passenger_car,approved,true,owned_reviewed_asset,荣威,i5,,passed,/assets/used-cars/owner-presentation-v2/vehicle-roewe-i5.webp,/assets/used-cars/owner-presentation-v2/vehicle-roewe-i5.webp,white,28,relative,webp,800
vehicle-roewe-i6,brand-roewe,荣威,i6,passenger_car,approved,true,owned_reviewed_asset,荣威,i6,,passed,/assets/used-cars/owner-presentation-v2/vehicle-roewe-i6.webp,/assets/used-cars/owner-presentation-v2/vehicle-roewe-i6.webp,white,28,relative,webp,800
vehicle-roewe-i6max,brand-roewe,荣威,i6 MAX,passenger_car,approved,true,owned_reviewed_asset,荣威,i6 MAX,,passed,/assets/used-cars/owner-presentation-v2/vehicle-roewe-i6max.webp,/assets/used-cars/owner-presentation-v2/vehicle-roewe-i6max.webp,white,28,relative,webp,800
vehicle-roewe-ei5,brand-roewe,荣威,Ei5,passenger_car,approved,true,owned_reviewed_asset,荣威,Ei5,,passed,/assets/used-cars/owner-presentation-v2/vehicle-roewe-ei5.webp,/assets/used-cars/owner-presentation-v2/vehicle-roewe-ei5.webp,white,28,relative,webp,800
vehicle-roewe-ei6,brand-roewe,荣威,ei6,passenger_car,approved,true,owned_reviewed_asset,荣威,ei6,,passed,/assets/used-cars/owner-presentation-v2/vehicle-roewe-ei6.webp,/assets/used-cars/owner-presentation-v2/vehicle-roewe-ei6.webp,white,28,relative,webp,800
vehicle-roewe-350,brand-roewe,荣威,350,passenger_car,approved,true,owned_reviewed_asset,荣威,350,,passed,/assets/used-cars/owner-presentation-v2/vehicle-roewe-350.webp,/assets/used-cars/owner-presentation-v2/vehicle-roewe-350.webp,white,28,relative,webp,800
vehicle-roewe-360,brand-roewe,荣威,360,passenger_car,approved,true,owned_reviewed_asset,荣威,360,,passed,/assets/used-cars/owner-presentation-v2/vehicle-roewe-360.webp,/assets/used-cars/owner-presentation-v2/vehicle-roewe-360.webp,white,28,relative,webp,800
vehicle-roewe-550,brand-roewe,荣威,550,passenger_car,approved,true,owned_reviewed_asset,荣威,550,,passed,/assets/used-cars/owner-presentation-v2/vehicle-roewe-550.webp,/assets/used-cars/owner-presentation-v2/vehicle-roewe-550.webp,white,28,relative,webp,800
vehicle-roewe-750,brand-roewe,荣威,750,passenger_car,approved,true,owned_reviewed_asset,荣威,750,,passed,/assets/used-cars/owner-presentation-v2/vehicle-roewe-750.webp,/assets/used-cars/owner-presentation-v2/vehicle-roewe-750.webp,white,28,relative,webp,800
vehicle-roewe-950,brand-roewe,荣威,950,passenger_car,approved,true,owned_reviewed_asset,荣威,950,,passed,/assets/used-cars/owner-presentation-v2/vehicle-roewe-950.webp,/assets/used-cars/owner-presentation-v2/vehicle-roewe-950.webp,white,28,relative,webp,800
vehicle-roewe-rx3,brand-roewe,荣威,RX3,passenger_car,approved,true,owned_reviewed_asset,荣威,RX3,,passed,/assets/used-cars/owner-presentation-v2/vehicle-roewe-rx3.webp,/assets/used-cars/owner-presentation-v2/vehicle-roewe-rx3.webp,white,28,relative,webp,800
vehicle-roewe-rx5,brand-roewe,荣威,RX5,passenger_car,approved,true,owned_reviewed_asset,荣威,RX5,,passed,/assets/used-cars/owner-presentation-v2/vehicle-roewe-rx5.webp,/assets/used-cars/owner-presentation-v2/vehicle-roewe-rx5.webp,white,28,relative,webp,800
vehicle-roewe-rx5plus,brand-roewe,荣威,RX5 PLUS,passenger_car,approved,true,owned_reviewed_asset,荣威,RX5 PLUS,,passed,/assets/used-cars/owner-presentation-v2/vehicle-roewe-rx5plus.webp,/assets/used-cars/owner-presentation-v2/vehicle-roewe-rx5plus.webp,white,28,relative,webp,800
vehicle-roewe-rx5max,brand-roewe,荣威,RX5 MAX,passenger_car,approved,true,owned_reviewed_asset,荣威,RX5 MAX,,passed,/assets/used-cars/owner-presentation-v2/vehicle-roewe-rx5max.webp,/assets/used-cars/owner-presentation-v2/vehicle-roewe-rx5max.webp,white,28,relative,webp,800
vehicle-roewe-rx8,brand-roewe,荣威,RX8,passenger_car,approved,true,owned_reviewed_asset,荣威,RX8,,passed,/assets/used-cars/owner-presentation-v2/vehicle-roewe-rx8.webp,/assets/used-cars/owner-presentation-v2/vehicle-roewe-rx8.webp,white,28,relative,webp,800
vehicle-roewe-rx9,brand-roewe,荣威,RX9,passenger_car,approved,true,owned_reviewed_asset,荣威,RX9,,passed,/assets/used-cars/owner-presentation-v2/vehicle-roewe-rx9.webp,/assets/used-cars/owner-presentation-v2/vehicle-roewe-rx9.webp,white,28,relative,webp,800
vehicle-roewe-imax8,brand-roewe,荣威,iMAX8,passenger_car,approved,true,owned_reviewed_asset,荣威,iMAX8,,passed,/assets/used-cars/owner-presentation-v2/vehicle-roewe-imax8.webp,/assets/used-cars/owner-presentation-v2/vehicle-roewe-imax8.webp,white,28,relative,webp,800
vehicle-roewe-d5x,brand-roewe,荣威,D5X,passenger_car,approved,true,owned_reviewed_asset,荣威,D5X,,passed,/assets/used-cars/owner-presentation-v2/vehicle-roewe-d5x.webp,/assets/used-cars/owner-presentation-v2/vehicle-roewe-d5x.webp,white,28,relative,webp,800
vehicle-roewe-d6,brand-roewe,荣威,D6,passenger_car,approved,true,owned_reviewed_asset,荣威,D6,,passed,/assets/used-cars/owner-presentation-v2/vehicle-roewe-d6.webp,/assets/used-cars/owner-presentation-v2/vehicle-roewe-d6.webp,white,28,relative,webp,800
vehicle-roewe-d7,brand-roewe,荣威,D7,passenger_car,approved,true,owned_reviewed_asset,荣威,D7,,passed,/assets/used-cars/owner-presentation-v2/vehicle-roewe-d7.webp,/assets/used-cars/owner-presentation-v2/vehicle-roewe-d7.webp,white,28,relative,webp,800
vehicle-roewe-e50,brand-roewe,荣威,E50,passenger_car,approved,true,owned_reviewed_asset,荣威,E50,,passed,/assets/used-cars/owner-presentation-v2/vehicle-roewe-e50.webp,/assets/used-cars/owner-presentation-v2/vehicle-roewe-e50.webp,white,28,relative,webp,800
vehicle-roewe-w5,brand-roewe,荣威,W5,passenger_car,approved,true,owned_reviewed_asset,荣威,W5,,passed,/assets/used-cars/owner-presentation-v2/vehicle-roewe-w5.webp,/assets/used-cars/owner-presentation-v2/vehicle-roewe-w5.webp,white,28,relative,webp,800
vehicle-mg-3,brand-mg,名爵,MG3,passenger_car,approved,true,owned_reviewed_asset,名爵,MG3,,passed,/assets/used-cars/owner-presentation-v2/vehicle-mg-3.webp,/assets/used-cars/owner-presentation-v2/vehicle-mg-3.webp,white,28,relative,webp,800
vehicle-mg-3sw,brand-mg,名爵,MG3 SW,passenger_car,approved,true,owned_reviewed_asset,名爵,MG3 SW,,passed,/assets/used-cars/owner-presentation-v2/vehicle-mg-3sw.webp,/assets/used-cars/owner-presentation-v2/vehicle-mg-3sw.webp,white,28,relative,webp,800
vehicle-mg-5,brand-mg,名爵,MG5,passenger_car,approved,true,owned_reviewed_asset,名爵,MG5,,passed,/assets/used-cars/owner-presentation-v2/vehicle-mg-5.webp,/assets/used-cars/owner-presentation-v2/vehicle-mg-5.webp,white,28,relative,webp,800
vehicle-mg-6,brand-mg,名爵,MG6,passenger_car,approved,true,owned_reviewed_asset,名爵,MG6,,passed,/assets/used-cars/owner-presentation-v2/vehicle-mg-6.webp,/assets/used-cars/owner-presentation-v2/vehicle-mg-6.webp,white,28,relative,webp,800
vehicle-mg-7,brand-mg,名爵,MG7,passenger_car,approved,true,owned_reviewed_asset,名爵,MG7,,passed,/assets/used-cars/owner-presentation-v2/vehicle-mg-7.webp,/assets/used-cars/owner-presentation-v2/vehicle-mg-7.webp,white,28,relative,webp,800
vehicle-mg-gt,brand-mg,名爵,锐行,passenger_car,approved,true,owned_reviewed_asset,名爵,锐行,,passed,/assets/used-cars/owner-presentation-v2/vehicle-mg-gt.webp,/assets/used-cars/owner-presentation-v2/vehicle-mg-gt.webp,white,28,relative,webp,800
vehicle-mg-gs,brand-mg,名爵,锐腾,passenger_car,approved,true,owned_reviewed_asset,名爵,锐腾,,passed,/assets/used-cars/owner-presentation-v2/vehicle-mg-gs.webp,/assets/used-cars/owner-presentation-v2/vehicle-mg-gs.webp,white,28,relative,webp,800
vehicle-mg-zs,brand-mg,名爵,ZS,passenger_car,approved,true,owned_reviewed_asset,名爵,ZS,,passed,/assets/used-cars/owner-presentation-v2/vehicle-mg-zs.webp,/assets/used-cars/owner-presentation-v2/vehicle-mg-zs.webp,white,28,relative,webp,800
vehicle-mg-hs,brand-mg,名爵,HS,passenger_car,approved,true,owned_reviewed_asset,名爵,HS,,passed,/assets/used-cars/owner-presentation-v2/vehicle-mg-hs.webp,/assets/used-cars/owner-presentation-v2/vehicle-mg-hs.webp,white,28,relative,webp,800
vehicle-mg-one,brand-mg,名爵,ONE,passenger_car,approved,true,owned_reviewed_asset,名爵,ONE,,passed,/assets/used-cars/owner-presentation-v2/vehicle-mg-one.webp,/assets/used-cars/owner-presentation-v2/vehicle-mg-one.webp,white,28,relative,webp,800
vehicle-mg-linghang,brand-mg,名爵,领航,passenger_car,approved,true,owned_reviewed_asset,名爵,领航,,passed,/assets/used-cars/owner-presentation-v2/vehicle-mg-linghang.webp,/assets/used-cars/owner-presentation-v2/vehicle-mg-linghang.webp,white,28,relative,webp,800
vehicle-mg-4,brand-mg,名爵,MG4,passenger_car,approved,true,owned_reviewed_asset,名爵,MG4,,passed,/assets/used-cars/owner-presentation-v2/vehicle-mg-4.webp,/assets/used-cars/owner-presentation-v2/vehicle-mg-4.webp,white,28,relative,webp,800
vehicle-mg-mulan,brand-mg,名爵,木兰,passenger_car,approved,true,owned_reviewed_asset,名爵,木兰,,passed,/assets/used-cars/owner-presentation-v2/vehicle-mg-mulan.webp,/assets/used-cars/owner-presentation-v2/vehicle-mg-mulan.webp,white,28,relative,webp,800
vehicle-mg-cyberster,brand-mg,名爵,Cyberster,passenger_car,approved,true,owned_reviewed_asset,名爵,Cyberster,,passed,/assets/used-cars/owner-presentation-v2/vehicle-mg-cyberster.webp,/assets/used-cars/owner-presentation-v2/vehicle-mg-cyberster.webp,white,28,relative,webp,800
vehicle-mg-tf,brand-mg,名爵,TF,passenger_car,approved,true,owned_reviewed_asset,名爵,TF,,passed,/assets/used-cars/owner-presentation-v2/vehicle-mg-tf.webp,/assets/used-cars/owner-presentation-v2/vehicle-mg-tf.webp,white,28,relative,webp,800
vehicle-wuling-hongguang,brand-wuling,五菱,宏光,passenger_car,approved,true,owned_reviewed_asset,五菱,宏光,,passed,/assets/used-cars/owner-presentation-v2/vehicle-wuling-hongguang.webp,/assets/used-cars/owner-presentation-v2/vehicle-wuling-hongguang.webp,white,28,relative,webp,800
vehicle-wuling-hongguang-s,brand-wuling,五菱,宏光S,passenger_car,approved,true,owned_reviewed_asset,五菱,宏光S,,passed,/assets/used-cars/owner-presentation-v2/vehicle-wuling-hongguang-s.webp,/assets/used-cars/owner-presentation-v2/vehicle-wuling-hongguang-s.webp,white,28,relative,webp,800
vehicle-wuling-hongguang-s1,brand-wuling,五菱,宏光S1,passenger_car,approved,true,owned_reviewed_asset,五菱,宏光S1,,passed,/assets/used-cars/owner-presentation-v2/vehicle-wuling-hongguang-s1.webp,/assets/used-cars/owner-presentation-v2/vehicle-wuling-hongguang-s1.webp,white,28,relative,webp,800
vehicle-wuling-hongguang-s3,brand-wuling,五菱,宏光S3,passenger_car,approved,true,owned_reviewed_asset,五菱,宏光S3,,passed,/assets/used-cars/owner-presentation-v2/vehicle-wuling-hongguang-s3.webp,/assets/used-cars/owner-presentation-v2/vehicle-wuling-hongguang-s3.webp,white,28,relative,webp,800
vehicle-wuling-hongguang-plus,brand-wuling,五菱,宏光PLUS,passenger_car,approved,true,owned_reviewed_asset,五菱,宏光PLUS,,passed,/assets/used-cars/owner-presentation-v2/vehicle-wuling-hongguang-plus.webp,/assets/used-cars/owner-presentation-v2/vehicle-wuling-hongguang-plus.webp,white,28,relative,webp,800
vehicle-wuling-hongguang-mini,brand-wuling,五菱,宏光MINIEV,passenger_car,approved,true,owned_reviewed_asset,五菱,宏光MINIEV,,passed,/assets/used-cars/owner-presentation-v2/vehicle-wuling-hongguang-mini.webp,/assets/used-cars/owner-presentation-v2/vehicle-wuling-hongguang-mini.webp,white,28,relative,webp,800
vehicle-wuling-hongguang-v,brand-wuling,五菱,宏光V,passenger_car,approved,true,owned_reviewed_asset,五菱,宏光V,,passed,/assets/used-cars/owner-presentation-v2/vehicle-wuling-hongguang-v.webp,/assets/used-cars/owner-presentation-v2/vehicle-wuling-hongguang-v.webp,white,28,relative,webp,800
vehicle-wuling-bingo,brand-wuling,五菱,缤果,passenger_car,approved,true,owned_reviewed_asset,五菱,缤果,,passed,/assets/used-cars/owner-presentation-v2/vehicle-wuling-bingo.webp,/assets/used-cars/owner-presentation-v2/vehicle-wuling-bingo.webp,white,28,relative,webp,800
vehicle-wuling-bingo-plus,brand-wuling,五菱,缤果PLUS,passenger_car,approved,true,owned_reviewed_asset,五菱,缤果PLUS,,passed,/assets/used-cars/owner-presentation-v2/vehicle-wuling-bingo-plus.webp,/assets/used-cars/owner-presentation-v2/vehicle-wuling-bingo-plus.webp,white,28,relative,webp,800
vehicle-wuling-starlight,brand-wuling,五菱,星光,passenger_car,approved,true,owned_reviewed_asset,五菱,星光,,passed,/assets/used-cars/owner-presentation-v2/vehicle-wuling-starlight.webp,/assets/used-cars/owner-presentation-v2/vehicle-wuling-starlight.webp,white,28,relative,webp,800
vehicle-wuling-starlight-s,brand-wuling,五菱,星光S,passenger_car,approved,true,owned_reviewed_asset,五菱,星光S,,passed,/assets/used-cars/owner-presentation-v2/vehicle-wuling-starlight-s.webp,/assets/used-cars/owner-presentation-v2/vehicle-wuling-starlight-s.webp,white,28,relative,webp,800
vehicle-wuling-starlight-730,brand-wuling,五菱,星光730,passenger_car,approved,true,owned_reviewed_asset,五菱,星光730,,passed,/assets/used-cars/owner-presentation-v2/vehicle-wuling-starlight-730.webp,/assets/used-cars/owner-presentation-v2/vehicle-wuling-starlight-730.webp,white,28,relative,webp,800
vehicle-wuling-xingchi,brand-wuling,五菱,星驰,passenger_car,approved,true,owned_reviewed_asset,五菱,星驰,,passed,/assets/used-cars/owner-presentation-v2/vehicle-wuling-xingchi.webp,/assets/used-cars/owner-presentation-v2/vehicle-wuling-xingchi.webp,white,28,relative,webp,800
vehicle-wuling-xingchen,brand-wuling,五菱,星辰,passenger_car,approved,true,owned_reviewed_asset,五菱,星辰,,passed,/assets/used-cars/owner-presentation-v2/vehicle-wuling-xingchen.webp,/assets/used-cars/owner-presentation-v2/vehicle-wuling-xingchen.webp,white,28,relative,webp,800
vehicle-wuling-xingyun,brand-wuling,五菱,星云,passenger_car,approved,true,owned_reviewed_asset,五菱,星云,,passed,/assets/used-cars/owner-presentation-v2/vehicle-wuling-xingyun.webp,/assets/used-cars/owner-presentation-v2/vehicle-wuling-xingyun.webp,white,28,relative,webp,800
vehicle-wuling-jiachen,brand-wuling,五菱,佳辰,passenger_car,approved,true,owned_reviewed_asset,五菱,佳辰,,passed,/assets/used-cars/owner-presentation-v2/vehicle-wuling-jiachen.webp,/assets/used-cars/owner-presentation-v2/vehicle-wuling-jiachen.webp,white,28,relative,webp,800
vehicle-wuling-kaijie,brand-wuling,五菱,凯捷,passenger_car,approved,true,owned_reviewed_asset,五菱,凯捷,,passed,/assets/used-cars/owner-presentation-v2/vehicle-wuling-kaijie.webp,/assets/used-cars/owner-presentation-v2/vehicle-wuling-kaijie.webp,white,28,relative,webp,800
vehicle-wuling-zhiguang,brand-wuling,五菱,之光,passenger_car,approved,true,owned_reviewed_asset,五菱,之光,,passed,/assets/used-cars/owner-presentation-v2/vehicle-wuling-zhiguang.webp,/assets/used-cars/owner-presentation-v2/vehicle-wuling-zhiguang.webp,white,28,relative,webp,800
vehicle-wuling-rongguang,brand-wuling,五菱,荣光,passenger_car,approved,true,owned_reviewed_asset,五菱,荣光,,passed,/assets/used-cars/owner-presentation-v2/vehicle-wuling-rongguang.webp,/assets/used-cars/owner-presentation-v2/vehicle-wuling-rongguang.webp,white,28,relative,webp,800
vehicle-wuling-rongguang-v,brand-wuling,五菱,荣光V,passenger_car,approved,true,owned_reviewed_asset,五菱,荣光V,,passed,/assets/used-cars/owner-presentation-v2/vehicle-wuling-rongguang-v.webp,/assets/used-cars/owner-presentation-v2/vehicle-wuling-rongguang-v.webp,white,28,relative,webp,800
vehicle-wuling-zhengcheng,brand-wuling,五菱,征程,passenger_car,approved,true,owned_reviewed_asset,五菱,征程,,passed,/assets/used-cars/owner-presentation-v2/vehicle-wuling-zhengcheng.webp,/assets/used-cars/owner-presentation-v2/vehicle-wuling-zhengcheng.webp,white,28,relative,webp,800
vehicle-wuling-zhengtu,brand-wuling,五菱,征途,passenger_car,approved,true,owned_reviewed_asset,五菱,征途,,passed,/assets/used-cars/owner-presentation-v2/vehicle-wuling-zhengtu.webp,/assets/used-cars/owner-presentation-v2/vehicle-wuling-zhengtu.webp,white,28,relative,webp,800
vehicle-wuling-air-ev,brand-wuling,五菱,Air ev晴空,passenger_car,approved,true,owned_reviewed_asset,五菱,Air ev晴空,,passed,/assets/used-cars/owner-presentation-v2/vehicle-wuling-air-ev.webp,/assets/used-cars/owner-presentation-v2/vehicle-wuling-air-ev.webp,white,28,relative,webp,800
vehicle-baojun-310,brand-baojun,宝骏,310,passenger_car,approved,true,owned_reviewed_asset,宝骏,310,,passed,/assets/used-cars/owner-presentation-v2/vehicle-baojun-310.webp,/assets/used-cars/owner-presentation-v2/vehicle-baojun-310.webp,white,28,relative,webp,800
vehicle-baojun-310w,brand-baojun,宝骏,310W,passenger_car,approved,true,owned_reviewed_asset,宝骏,310W,,passed,/assets/used-cars/owner-presentation-v2/vehicle-baojun-310w.webp,/assets/used-cars/owner-presentation-v2/vehicle-baojun-310w.webp,white,28,relative,webp,800
vehicle-baojun-510,brand-baojun,宝骏,510,passenger_car,approved,true,owned_reviewed_asset,宝骏,510,,passed,/assets/used-cars/owner-presentation-v2/vehicle-baojun-510.webp,/assets/used-cars/owner-presentation-v2/vehicle-baojun-510.webp,white,28,relative,webp,800
vehicle-baojun-530,brand-baojun,宝骏,530,passenger_car,approved,true,owned_reviewed_asset,宝骏,530,,passed,/assets/used-cars/owner-presentation-v2/vehicle-baojun-530.webp,/assets/used-cars/owner-presentation-v2/vehicle-baojun-530.webp,white,28,relative,webp,800
vehicle-baojun-560,brand-baojun,宝骏,560,passenger_car,approved,true,owned_reviewed_asset,宝骏,560,,passed,/assets/used-cars/owner-presentation-v2/vehicle-baojun-560.webp,/assets/used-cars/owner-presentation-v2/vehicle-baojun-560.webp,white,28,relative,webp,800
vehicle-baojun-610,brand-baojun,宝骏,610,passenger_car,approved,true,owned_reviewed_asset,宝骏,610,,passed,/assets/used-cars/owner-presentation-v2/vehicle-baojun-610.webp,/assets/used-cars/owner-presentation-v2/vehicle-baojun-610.webp,white,28,relative,webp,800
vehicle-baojun-630,brand-baojun,宝骏,630,passenger_car,approved,true,owned_reviewed_asset,宝骏,630,,passed,/assets/used-cars/owner-presentation-v2/vehicle-baojun-630.webp,/assets/used-cars/owner-presentation-v2/vehicle-baojun-630.webp,white,28,relative,webp,800
vehicle-baojun-730,brand-baojun,宝骏,730,passenger_car,approved,true,owned_reviewed_asset,宝骏,730,,passed,/assets/used-cars/owner-presentation-v2/vehicle-baojun-730.webp,/assets/used-cars/owner-presentation-v2/vehicle-baojun-730.webp,white,28,relative,webp,800
vehicle-baojun-rs3,brand-baojun,宝骏,RS-3,passenger_car,approved,true,owned_reviewed_asset,宝骏,RS-3,,passed,/assets/used-cars/owner-presentation-v2/vehicle-baojun-rs3.webp,/assets/used-cars/owner-presentation-v2/vehicle-baojun-rs3.webp,white,28,relative,webp,800
vehicle-baojun-rs5,brand-baojun,宝骏,RS-5,passenger_car,approved,true,owned_reviewed_asset,宝骏,RS-5,,passed,/assets/used-cars/owner-presentation-v2/vehicle-baojun-rs5.webp,/assets/used-cars/owner-presentation-v2/vehicle-baojun-rs5.webp,white,28,relative,webp,800
vehicle-baojun-rm5,brand-baojun,宝骏,RM-5,passenger_car,approved,true,owned_reviewed_asset,宝骏,RM-5,,passed,/assets/used-cars/owner-presentation-v2/vehicle-baojun-rm5.webp,/assets/used-cars/owner-presentation-v2/vehicle-baojun-rm5.webp,white,28,relative,webp,800
vehicle-baojun-rc5,brand-baojun,宝骏,RC-5,passenger_car,approved,true,owned_reviewed_asset,宝骏,RC-5,,passed,/assets/used-cars/owner-presentation-v2/vehicle-baojun-rc5.webp,/assets/used-cars/owner-presentation-v2/vehicle-baojun-rc5.webp,white,28,relative,webp,800
vehicle-baojun-rc6,brand-baojun,宝骏,RC-6,passenger_car,approved,true,owned_reviewed_asset,宝骏,RC-6,,passed,/assets/used-cars/owner-presentation-v2/vehicle-baojun-rc6.webp,/assets/used-cars/owner-presentation-v2/vehicle-baojun-rc6.webp,white,28,relative,webp,800
vehicle-baojun-e100,brand-baojun,宝骏,E100,passenger_car,approved,true,owned_reviewed_asset,宝骏,E100,,passed,/assets/used-cars/owner-presentation-v2/vehicle-baojun-e100.webp,/assets/used-cars/owner-presentation-v2/vehicle-baojun-e100.webp,white,28,relative,webp,800
vehicle-baojun-e200,brand-baojun,宝骏,E200,passenger_car,approved,true,owned_reviewed_asset,宝骏,E200,,passed,/assets/used-cars/owner-presentation-v2/vehicle-baojun-e200.webp,/assets/used-cars/owner-presentation-v2/vehicle-baojun-e200.webp,white,28,relative,webp,800
vehicle-baojun-e300,brand-baojun,宝骏,E300,passenger_car,approved,true,owned_reviewed_asset,宝骏,E300,,passed,/assets/used-cars/owner-presentation-v2/vehicle-baojun-e300.webp,/assets/used-cars/owner-presentation-v2/vehicle-baojun-e300.webp,white,28,relative,webp,800
vehicle-baojun-kiwi,brand-baojun,宝骏,KiWi EV,passenger_car,approved,true,owned_reviewed_asset,宝骏,KiWi EV,,passed,/assets/used-cars/owner-presentation-v2/vehicle-baojun-kiwi.webp,/assets/used-cars/owner-presentation-v2/vehicle-baojun-kiwi.webp,white,28,relative,webp,800
vehicle-baojun-yep,brand-baojun,宝骏,悦也,passenger_car,approved,true,owned_reviewed_asset,宝骏,悦也,,passed,/assets/used-cars/owner-presentation-v2/vehicle-baojun-yep.webp,/assets/used-cars/owner-presentation-v2/vehicle-baojun-yep.webp,white,28,relative,webp,800
vehicle-baojun-yep-plus,brand-baojun,宝骏,悦也Plus,passenger_car,approved,true,owned_reviewed_asset,宝骏,悦也Plus,,passed,/assets/used-cars/owner-presentation-v2/vehicle-baojun-yep-plus.webp,/assets/used-cars/owner-presentation-v2/vehicle-baojun-yep-plus.webp,white,28,relative,webp,800
vehicle-baojun-cloud,brand-baojun,宝骏,云朵,passenger_car,approved,true,owned_reviewed_asset,宝骏,云朵,,passed,/assets/used-cars/owner-presentation-v2/vehicle-baojun-cloud.webp,/assets/used-cars/owner-presentation-v2/vehicle-baojun-cloud.webp,white,28,relative,webp,800
vehicle-baojun-yunhai,brand-baojun,宝骏,云海,passenger_car,approved,true,owned_reviewed_asset,宝骏,云海,,passed,/assets/used-cars/owner-presentation-v2/vehicle-baojun-yunhai.webp,/assets/used-cars/owner-presentation-v2/vehicle-baojun-yunhai.webp,white,28,relative,webp,800
vehicle-baojun-xiangjing,brand-baojun,宝骏,享境,passenger_car,approved,true,owned_reviewed_asset,宝骏,享境,,passed,/assets/used-cars/owner-presentation-v2/vehicle-baojun-xiangjing.webp,/assets/used-cars/owner-presentation-v2/vehicle-baojun-xiangjing.webp,white,28,relative,webp,800
vehicle-hongqi-h5,brand-hongqi,红旗,H5,passenger_car,approved,true,owned_reviewed_asset,红旗,H5,,passed,/assets/used-cars/owner-presentation-v2/vehicle-hongqi-h5.webp,/assets/used-cars/owner-presentation-v2/vehicle-hongqi-h5.webp,white,28,relative,webp,800
vehicle-hongqi-h6,brand-hongqi,红旗,H6,passenger_car,approved,true,owned_reviewed_asset,红旗,H6,,passed,/assets/used-cars/owner-presentation-v2/vehicle-hongqi-h6.webp,/assets/used-cars/owner-presentation-v2/vehicle-hongqi-h6.webp,white,28,relative,webp,800
vehicle-hongqi-h7,brand-hongqi,红旗,H7,passenger_car,approved,true,owned_reviewed_asset,红旗,H7,,passed,/assets/used-cars/owner-presentation-v2/vehicle-hongqi-h7.webp,/assets/used-cars/owner-presentation-v2/vehicle-hongqi-h7.webp,white,28,relative,webp,800
vehicle-hongqi-h9,brand-hongqi,红旗,H9,passenger_car,approved,true,owned_reviewed_asset,红旗,H9,,passed,/assets/used-cars/owner-presentation-v2/vehicle-hongqi-h9.webp,/assets/used-cars/owner-presentation-v2/vehicle-hongqi-h9.webp,white,28,relative,webp,800
vehicle-hongqi-hs3,brand-hongqi,红旗,HS3,passenger_car,approved,true,owned_reviewed_asset,红旗,HS3,,passed,/assets/used-cars/owner-presentation-v2/vehicle-hongqi-hs3.webp,/assets/used-cars/owner-presentation-v2/vehicle-hongqi-hs3.webp,white,28,relative,webp,800
vehicle-hongqi-hs5,brand-hongqi,红旗,HS5,passenger_car,approved,true,owned_reviewed_asset,红旗,HS5,,passed,/assets/used-cars/owner-presentation-v2/vehicle-hongqi-hs5.webp,/assets/used-cars/owner-presentation-v2/vehicle-hongqi-hs5.webp,white,28,relative,webp,800
vehicle-hongqi-hs7,brand-hongqi,红旗,HS7,passenger_car,approved,true,owned_reviewed_asset,红旗,HS7,,passed,/assets/used-cars/owner-presentation-v2/vehicle-hongqi-hs7.webp,/assets/used-cars/owner-presentation-v2/vehicle-hongqi-hs7.webp,white,28,relative,webp,800
vehicle-hongqi-ehs3,brand-hongqi,红旗,E-HS3,passenger_car,approved,true,owned_reviewed_asset,红旗,E-HS3,,passed,/assets/used-cars/owner-presentation-v2/vehicle-hongqi-ehs3.webp,/assets/used-cars/owner-presentation-v2/vehicle-hongqi-ehs3.webp,white,28,relative,webp,800
vehicle-hongqi-ehs9,brand-hongqi,红旗,E-HS9,passenger_car,approved,true,owned_reviewed_asset,红旗,E-HS9,,passed,/assets/used-cars/owner-presentation-v2/vehicle-hongqi-ehs9.webp,/assets/used-cars/owner-presentation-v2/vehicle-hongqi-ehs9.webp,white,28,relative,webp,800
vehicle-hongqi-eqm5,brand-hongqi,红旗,E-QM5,passenger_car,approved,true,owned_reviewed_asset,红旗,E-QM5,,passed,/assets/used-cars/owner-presentation-v2/vehicle-hongqi-eqm5.webp,/assets/used-cars/owner-presentation-v2/vehicle-hongqi-eqm5.webp,white,28,relative,webp,800
vehicle-hongqi-eh7,brand-hongqi,红旗,EH7,passenger_car,approved,true,owned_reviewed_asset,红旗,EH7,,passed,/assets/used-cars/owner-presentation-v2/vehicle-hongqi-eh7.webp,/assets/used-cars/owner-presentation-v2/vehicle-hongqi-eh7.webp,white,28,relative,webp,800
vehicle-hongqi-ehs7,brand-hongqi,红旗,EHS7,passenger_car,approved,true,owned_reviewed_asset,红旗,EHS7,,passed,/assets/used-cars/owner-presentation-v2/vehicle-hongqi-ehs7.webp,/assets/used-cars/owner-presentation-v2/vehicle-hongqi-ehs7.webp,white,28,relative,webp,800
vehicle-hongqi-hq9,brand-hongqi,红旗,HQ9,passenger_car,approved,true,owned_reviewed_asset,红旗,HQ9,,passed,/assets/used-cars/owner-presentation-v2/vehicle-hongqi-hq9.webp,/assets/used-cars/owner-presentation-v2/vehicle-hongqi-hq9.webp,white,28,relative,webp,800
vehicle-hongqi-l5,brand-hongqi,红旗,L5,passenger_car,approved,true,owned_reviewed_asset,红旗,L5,,passed,/assets/used-cars/owner-presentation-v2/vehicle-hongqi-l5.webp,/assets/used-cars/owner-presentation-v2/vehicle-hongqi-l5.webp,white,28,relative,webp,800
vehicle-hongqi-guoya,brand-hongqi,红旗,国雅,passenger_car,approved,true,owned_reviewed_asset,红旗,国雅,,passed,/assets/used-cars/owner-presentation-v2/vehicle-hongqi-guoya.webp,/assets/used-cars/owner-presentation-v2/vehicle-hongqi-guoya.webp,white,28,relative,webp,800
vehicle-hongqi-tiangong05,brand-hongqi,红旗,天工05,passenger_car,approved,true,owned_reviewed_asset,红旗,天工05,,passed,/assets/used-cars/owner-presentation-v2/vehicle-hongqi-tiangong05.webp,/assets/used-cars/owner-presentation-v2/vehicle-hongqi-tiangong05.webp,white,28,relative,webp,800
vehicle-hongqi-tiangong08,brand-hongqi,红旗,天工08,passenger_car,approved,true,owned_reviewed_asset,红旗,天工08,,passed,/assets/used-cars/owner-presentation-v2/vehicle-hongqi-tiangong08.webp,/assets/used-cars/owner-presentation-v2/vehicle-hongqi-tiangong08.webp,white,28,relative,webp,800
vehicle-bestune-b30,brand-bestune,奔腾,B30,passenger_car,approved,true,owned_reviewed_asset,奔腾,B30,,passed,/assets/used-cars/owner-presentation-v2/vehicle-bestune-b30.webp,/assets/used-cars/owner-presentation-v2/vehicle-bestune-b30.webp,white,28,relative,webp,800
vehicle-bestune-b50,brand-bestune,奔腾,B50,passenger_car,approved,true,owned_reviewed_asset,奔腾,B50,,passed,/assets/used-cars/owner-presentation-v2/vehicle-bestune-b50.webp,/assets/used-cars/owner-presentation-v2/vehicle-bestune-b50.webp,white,28,relative,webp,800
vehicle-bestune-b70,brand-bestune,奔腾,B70,passenger_car,approved,true,owned_reviewed_asset,奔腾,B70,,passed,/assets/used-cars/owner-presentation-v2/vehicle-bestune-b70.webp,/assets/used-cars/owner-presentation-v2/vehicle-bestune-b70.webp,white,28,relative,webp,800
vehicle-bestune-b90,brand-bestune,奔腾,B90,passenger_car,approved,true,owned_reviewed_asset,奔腾,B90,,passed,/assets/used-cars/owner-presentation-v2/vehicle-bestune-b90.webp,/assets/used-cars/owner-presentation-v2/vehicle-bestune-b90.webp,white,28,relative,webp,800
vehicle-bestune-x40,brand-bestune,奔腾,X40,passenger_car,approved,true,owned_reviewed_asset,奔腾,X40,,passed,/assets/used-cars/owner-presentation-v2/vehicle-bestune-x40.webp,/assets/used-cars/owner-presentation-v2/vehicle-bestune-x40.webp,white,28,relative,webp,800
vehicle-bestune-x80,brand-bestune,奔腾,X80,passenger_car,approved,true,owned_reviewed_asset,奔腾,X80,,passed,/assets/used-cars/owner-presentation-v2/vehicle-bestune-x80.webp,/assets/used-cars/owner-presentation-v2/vehicle-bestune-x80.webp,white,28,relative,webp,800
vehicle-bestune-t33,brand-bestune,奔腾,T33,passenger_car,approved,true,owned_reviewed_asset,奔腾,T33,,passed,/assets/used-cars/owner-presentation-v2/vehicle-bestune-t33.webp,/assets/used-cars/owner-presentation-v2/vehicle-bestune-t33.webp,white,28,relative,webp,800
vehicle-bestune-t55,brand-bestune,奔腾,T55,passenger_car,approved,true,owned_reviewed_asset,奔腾,T55,,passed,/assets/used-cars/owner-presentation-v2/vehicle-bestune-t55.webp,/assets/used-cars/owner-presentation-v2/vehicle-bestune-t55.webp,white,28,relative,webp,800
vehicle-bestune-t77,brand-bestune,奔腾,T77,passenger_car,approved,true,owned_reviewed_asset,奔腾,T77,,passed,/assets/used-cars/owner-presentation-v2/vehicle-bestune-t77.webp,/assets/used-cars/owner-presentation-v2/vehicle-bestune-t77.webp,white,28,relative,webp,800
vehicle-bestune-t90,brand-bestune,奔腾,T90,passenger_car,approved,true,owned_reviewed_asset,奔腾,T90,,passed,/assets/used-cars/owner-presentation-v2/vehicle-bestune-t90.webp,/assets/used-cars/owner-presentation-v2/vehicle-bestune-t90.webp,white,28,relative,webp,800
vehicle-bestune-t99,brand-bestune,奔腾,T99,passenger_car,approved,true,owned_reviewed_asset,奔腾,T99,,passed,/assets/used-cars/owner-presentation-v2/vehicle-bestune-t99.webp,/assets/used-cars/owner-presentation-v2/vehicle-bestune-t99.webp,white,28,relative,webp,800
vehicle-bestune-m9,brand-bestune,奔腾,M9,passenger_car,approved,true,owned_reviewed_asset,奔腾,M9,,passed,/assets/used-cars/owner-presentation-v2/vehicle-bestune-m9.webp,/assets/used-cars/owner-presentation-v2/vehicle-bestune-m9.webp,white,28,relative,webp,800
vehicle-bestune-nat,brand-bestune,奔腾,NAT,passenger_car,approved,true,owned_reviewed_asset,奔腾,NAT,,passed,/assets/used-cars/owner-presentation-v2/vehicle-bestune-nat.webp,/assets/used-cars/owner-presentation-v2/vehicle-bestune-nat.webp,white,28,relative,webp,800
vehicle-bestune-xiaoma,brand-bestune,奔腾,小马,passenger_car,approved,true,owned_reviewed_asset,奔腾,小马,,passed,/assets/used-cars/owner-presentation-v2/vehicle-bestune-xiaoma.webp,/assets/used-cars/owner-presentation-v2/vehicle-bestune-xiaoma.webp,white,28,relative,webp,800
vehicle-bestune-yueyi03,brand-bestune,奔腾,悦意03,passenger_car,approved,true,owned_reviewed_asset,奔腾,悦意03,,passed,/assets/used-cars/owner-presentation-v2/vehicle-bestune-yueyi03.webp,/assets/used-cars/owner-presentation-v2/vehicle-bestune-yueyi03.webp,white,28,relative,webp,800
vehicle-xpeng-g3,brand-xpeng,小鹏,G3,passenger_car,approved,true,owned_reviewed_asset,小鹏,G3,,passed,/assets/used-cars/owner-presentation-v2/vehicle-xpeng-g3.webp,/assets/used-cars/owner-presentation-v2/vehicle-xpeng-g3.webp,white,28,relative,webp,800
vehicle-xpeng-g3i,brand-xpeng,小鹏,G3i,passenger_car,approved,true,owned_reviewed_asset,小鹏,G3i,,passed,/assets/used-cars/owner-presentation-v2/vehicle-xpeng-g3i.webp,/assets/used-cars/owner-presentation-v2/vehicle-xpeng-g3i.webp,white,28,relative,webp,800
vehicle-xpeng-p5,brand-xpeng,小鹏,P5,passenger_car,approved,true,owned_reviewed_asset,小鹏,P5,,passed,/assets/used-cars/owner-presentation-v2/vehicle-xpeng-p5.webp,/assets/used-cars/owner-presentation-v2/vehicle-xpeng-p5.webp,white,28,relative,webp,800
vehicle-xpeng-p7,brand-xpeng,小鹏,P7,passenger_car,approved,true,owned_reviewed_asset,小鹏,P7,,passed,/assets/used-cars/owner-presentation-v2/vehicle-xpeng-p7.webp,/assets/used-cars/owner-presentation-v2/vehicle-xpeng-p7.webp,white,28,relative,webp,800
vehicle-xpeng-p7i,brand-xpeng,小鹏,P7i,passenger_car,approved,true,owned_reviewed_asset,小鹏,P7i,,passed,/assets/used-cars/owner-presentation-v2/vehicle-xpeng-p7i.webp,/assets/used-cars/owner-presentation-v2/vehicle-xpeng-p7i.webp,white,28,relative,webp,800
vehicle-xpeng-p7plus,brand-xpeng,小鹏,P7+,passenger_car,approved,true,owned_reviewed_asset,小鹏,P7+,,passed,/assets/used-cars/owner-presentation-v2/vehicle-xpeng-p7plus.webp,/assets/used-cars/owner-presentation-v2/vehicle-xpeng-p7plus.webp,white,28,relative,webp,800
vehicle-xpeng-g6,brand-xpeng,小鹏,G6,passenger_car,approved,true,owned_reviewed_asset,小鹏,G6,,passed,/assets/used-cars/owner-presentation-v2/vehicle-xpeng-g6.webp,/assets/used-cars/owner-presentation-v2/vehicle-xpeng-g6.webp,white,28,relative,webp,800
vehicle-xpeng-g9,brand-xpeng,小鹏,G9,passenger_car,approved,true,owned_reviewed_asset,小鹏,G9,,passed,/assets/used-cars/owner-presentation-v2/vehicle-xpeng-g9.webp,/assets/used-cars/owner-presentation-v2/vehicle-xpeng-g9.webp,white,28,relative,webp,800
vehicle-xpeng-x9,brand-xpeng,小鹏,X9,passenger_car,approved,true,owned_reviewed_asset,小鹏,X9,,passed,/assets/used-cars/owner-presentation-v2/vehicle-xpeng-x9.webp,/assets/used-cars/owner-presentation-v2/vehicle-xpeng-x9.webp,white,28,relative,webp,800
vehicle-xpeng-mona-m03,brand-xpeng,小鹏,MONA M03,passenger_car,approved,true,owned_reviewed_asset,小鹏,MONA M03,,passed,/assets/used-cars/owner-presentation-v2/vehicle-xpeng-mona-m03.webp,/assets/used-cars/owner-presentation-v2/vehicle-xpeng-mona-m03.webp,white,28,relative,webp,800
vehicle-nio-es6,brand-nio,蔚来,ES6,passenger_car,approved,true,owned_reviewed_asset,蔚来,ES6,,passed,/assets/used-cars/owner-presentation-v2/vehicle-nio-es6.webp,/assets/used-cars/owner-presentation-v2/vehicle-nio-es6.webp,white,28,relative,webp,800
vehicle-nio-es7,brand-nio,蔚来,ES7,passenger_car,approved,true,owned_reviewed_asset,蔚来,ES7,,passed,/assets/used-cars/owner-presentation-v2/vehicle-nio-es7.webp,/assets/used-cars/owner-presentation-v2/vehicle-nio-es7.webp,white,28,relative,webp,800
vehicle-nio-es8,brand-nio,蔚来,ES8,passenger_car,approved,true,owned_reviewed_asset,蔚来,ES8,,passed,/assets/used-cars/owner-presentation-v2/vehicle-nio-es8.webp,/assets/used-cars/owner-presentation-v2/vehicle-nio-es8.webp,white,28,relative,webp,800
vehicle-nio-ec6,brand-nio,蔚来,EC6,passenger_car,approved,true,owned_reviewed_asset,蔚来,EC6,,passed,/assets/used-cars/owner-presentation-v2/vehicle-nio-ec6.webp,/assets/used-cars/owner-presentation-v2/vehicle-nio-ec6.webp,white,28,relative,webp,800
vehicle-nio-ec7,brand-nio,蔚来,EC7,passenger_car,approved,true,owned_reviewed_asset,蔚来,EC7,,passed,/assets/used-cars/owner-presentation-v2/vehicle-nio-ec7.webp,/assets/used-cars/owner-presentation-v2/vehicle-nio-ec7.webp,white,28,relative,webp,800
vehicle-nio-et5,brand-nio,蔚来,ET5,passenger_car,approved,true,owned_reviewed_asset,蔚来,ET5,,passed,/assets/used-cars/owner-presentation-v2/vehicle-nio-et5.webp,/assets/used-cars/owner-presentation-v2/vehicle-nio-et5.webp,white,28,relative,webp,800
vehicle-nio-et5t,brand-nio,蔚来,ET5T,passenger_car,approved,true,owned_reviewed_asset,蔚来,ET5T,,passed,/assets/used-cars/owner-presentation-v2/vehicle-nio-et5t.webp,/assets/used-cars/owner-presentation-v2/vehicle-nio-et5t.webp,white,28,relative,webp,800
vehicle-nio-et7,brand-nio,蔚来,ET7,passenger_car,approved,true,owned_reviewed_asset,蔚来,ET7,,passed,/assets/used-cars/owner-presentation-v2/vehicle-nio-et7.webp,/assets/used-cars/owner-presentation-v2/vehicle-nio-et7.webp,white,28,relative,webp,800
vehicle-nio-et9,brand-nio,蔚来,ET9,passenger_car,approved,true,owned_reviewed_asset,蔚来,ET9,,passed,/assets/used-cars/owner-presentation-v2/vehicle-nio-et9.webp,/assets/used-cars/owner-presentation-v2/vehicle-nio-et9.webp,white,28,relative,webp,800
vehicle-nio-ep9,brand-nio,蔚来,EP9,passenger_car,approved,true,owned_reviewed_asset,蔚来,EP9,,passed,/assets/used-cars/owner-presentation-v2/vehicle-nio-ep9.webp,/assets/used-cars/owner-presentation-v2/vehicle-nio-ep9.webp,white,28,relative,webp,800
vehicle-onvo-l60,brand-onvo,乐道,L60,passenger_car,approved,true,owned_reviewed_asset,乐道,L60,,passed,/assets/used-cars/owner-presentation-v2/vehicle-onvo-l60.webp,/assets/used-cars/owner-presentation-v2/vehicle-onvo-l60.webp,white,28,relative,webp,800
vehicle-onvo-l90,brand-onvo,乐道,L90,passenger_car,approved,true,owned_reviewed_asset,乐道,L90,,passed,/assets/used-cars/owner-presentation-v2/vehicle-onvo-l90.webp,/assets/used-cars/owner-presentation-v2/vehicle-onvo-l90.webp,white,28,relative,webp,800
vehicle-firefly-firefly,brand-firefly,萤火虫,firefly萤火虫,passenger_car,approved,true,owned_reviewed_asset,萤火虫,firefly萤火虫,,passed,/assets/used-cars/owner-presentation-v2/vehicle-firefly-firefly.webp,/assets/used-cars/owner-presentation-v2/vehicle-firefly-firefly.webp,white,28,relative,webp,800
vehicle-xiaomi-su7,brand-xiaomi,小米,SU7,passenger_car,approved,true,owned_reviewed_asset,小米,SU7,,passed,/assets/used-cars/owner-presentation-v2/vehicle-xiaomi-su7.webp,/assets/used-cars/owner-presentation-v2/vehicle-xiaomi-su7.webp,white,28,relative,webp,800
vehicle-xiaomi-su7-ultra,brand-xiaomi,小米,SU7 Ultra,passenger_car,approved,true,owned_reviewed_asset,小米,SU7 Ultra,,passed,/assets/used-cars/owner-presentation-v2/vehicle-xiaomi-su7-ultra.webp,/assets/used-cars/owner-presentation-v2/vehicle-xiaomi-su7-ultra.webp,white,28,relative,webp,800
vehicle-xiaomi-yu7,brand-xiaomi,小米,YU7,passenger_car,approved,true,owned_reviewed_asset,小米,YU7,,passed,/assets/used-cars/owner-presentation-v2/vehicle-xiaomi-yu7.webp,/assets/used-cars/owner-presentation-v2/vehicle-xiaomi-yu7.webp,white,28,relative,webp,800
vehicle-im-l6,brand-im,智己,L6,passenger_car,approved,true,owned_reviewed_asset,智己,L6,,passed,/assets/used-cars/owner-presentation-v2/vehicle-im-l6.webp,/assets/used-cars/owner-presentation-v2/vehicle-im-l6.webp,white,28,relative,webp,800
vehicle-im-l7,brand-im,智己,L7,passenger_car,approved,true,owned_reviewed_asset,智己,L7,,passed,/assets/used-cars/owner-presentation-v2/vehicle-im-l7.webp,/assets/used-cars/owner-presentation-v2/vehicle-im-l7.webp,white,28,relative,webp,800
vehicle-im-ls6,brand-im,智己,LS6,passenger_car,approved,true,owned_reviewed_asset,智己,LS6,,passed,/assets/used-cars/owner-presentation-v2/vehicle-im-ls6.webp,/assets/used-cars/owner-presentation-v2/vehicle-im-ls6.webp,white,28,relative,webp,800
vehicle-im-ls7,brand-im,智己,LS7,passenger_car,approved,true,owned_reviewed_asset,智己,LS7,,passed,/assets/used-cars/owner-presentation-v2/vehicle-im-ls7.webp,/assets/used-cars/owner-presentation-v2/vehicle-im-ls7.webp,white,28,relative,webp,800
vehicle-im-ls9,brand-im,智己,LS9,passenger_car,approved,true,owned_reviewed_asset,智己,LS9,,passed,/assets/used-cars/owner-presentation-v2/vehicle-im-ls9.webp,/assets/used-cars/owner-presentation-v2/vehicle-im-ls9.webp,white,28,relative,webp,800
vehicle-shangjie-h5,brand-shangjie,尚界,H5,passenger_car,approved,true,owned_reviewed_asset,尚界,H5,,passed,/assets/used-cars/owner-presentation-v2/vehicle-shangjie-h5.webp,/assets/used-cars/owner-presentation-v2/vehicle-shangjie-h5.webp,white,28,relative,webp,800
vehicle-mhero-917,brand-mhero,猛士,917,passenger_car,approved,true,owned_reviewed_asset,猛士,917,,passed,/assets/used-cars/owner-presentation-v2/vehicle-mhero-917.webp,/assets/used-cars/owner-presentation-v2/vehicle-mhero-917.webp,white,28,relative,webp,800
vehicle-mhero-m800,brand-mhero,猛士,M800,passenger_car,approved,true,owned_reviewed_asset,猛士,M800,,passed,/assets/used-cars/owner-presentation-v2/vehicle-mhero-m800.webp,/assets/used-cars/owner-presentation-v2/vehicle-mhero-m800.webp,white,28,relative,webp,800
vehicle-aito-m5,brand-aito,问界,M5,passenger_car,approved,true,owned_reviewed_asset,问界,M5,,passed,/assets/used-cars/owner-presentation-v2/vehicle-aito-m5.webp,/assets/used-cars/owner-presentation-v2/vehicle-aito-m5.webp,white,28,relative,webp,800
vehicle-aito-m7,brand-aito,问界,M7,passenger_car,approved,true,owned_reviewed_asset,问界,M7,,passed,/assets/used-cars/owner-presentation-v2/vehicle-aito-m7.webp,/assets/used-cars/owner-presentation-v2/vehicle-aito-m7.webp,white,28,relative,webp,800
vehicle-aito-m8,brand-aito,问界,M8,passenger_car,approved,true,owned_reviewed_asset,问界,M8,,passed,/assets/used-cars/owner-presentation-v2/vehicle-aito-m8.webp,/assets/used-cars/owner-presentation-v2/vehicle-aito-m8.webp,white,28,relative,webp,800
vehicle-aito-m9,brand-aito,问界,M9,passenger_car,approved,true,owned_reviewed_asset,问界,M9,,passed,/assets/used-cars/owner-presentation-v2/vehicle-aito-m9.webp,/assets/used-cars/owner-presentation-v2/vehicle-aito-m9.webp,white,28,relative,webp,800
vehicle-luxeed-s7,brand-luxeed,智界,S7,passenger_car,approved,true,owned_reviewed_asset,智界,S7,,passed,/assets/used-cars/owner-presentation-v2/vehicle-luxeed-s7.webp,/assets/used-cars/owner-presentation-v2/vehicle-luxeed-s7.webp,white,28,relative,webp,800
vehicle-luxeed-r7,brand-luxeed,智界,R7,passenger_car,approved,true,owned_reviewed_asset,智界,R7,,passed,/assets/used-cars/owner-presentation-v2/vehicle-luxeed-r7.webp,/assets/used-cars/owner-presentation-v2/vehicle-luxeed-r7.webp,white,28,relative,webp,800
vehicle-stelato-s9,brand-stelato,享界,S9,passenger_car,approved,true,owned_reviewed_asset,享界,S9,,passed,/assets/used-cars/owner-presentation-v2/vehicle-stelato-s9.webp,/assets/used-cars/owner-presentation-v2/vehicle-stelato-s9.webp,white,28,relative,webp,800
vehicle-stelato-s9t,brand-stelato,享界,S9T,passenger_car,approved,true,owned_reviewed_asset,享界,S9T,,passed,/assets/used-cars/owner-presentation-v2/vehicle-stelato-s9t.webp,/assets/used-cars/owner-presentation-v2/vehicle-stelato-s9t.webp,white,28,relative,webp,800
vehicle-maextro-s800,brand-maextro,尊界,S800,passenger_car,approved,true,owned_reviewed_asset,尊界,S800,,passed,/assets/used-cars/owner-presentation-v2/vehicle-maextro-s800.webp,/assets/used-cars/owner-presentation-v2/vehicle-maextro-s800.webp,white,28,relative,webp,800
vehicle-leapmotor-t03,brand-leapmotor,零跑,T03,passenger_car,approved,true,owned_reviewed_asset,零跑,T03,,passed,/assets/used-cars/owner-presentation-v2/vehicle-leapmotor-t03.webp,/assets/used-cars/owner-presentation-v2/vehicle-leapmotor-t03.webp,white,28,relative,webp,800
vehicle-leapmotor-s01,brand-leapmotor,零跑,S01,passenger_car,approved,true,owned_reviewed_asset,零跑,S01,,passed,/assets/used-cars/owner-presentation-v2/vehicle-leapmotor-s01.webp,/assets/used-cars/owner-presentation-v2/vehicle-leapmotor-s01.webp,white,28,relative,webp,800
vehicle-leapmotor-c01,brand-leapmotor,零跑,C01,passenger_car,approved,true,owned_reviewed_asset,零跑,C01,,passed,/assets/used-cars/owner-presentation-v2/vehicle-leapmotor-c01.webp,/assets/used-cars/owner-presentation-v2/vehicle-leapmotor-c01.webp,white,28,relative,webp,800
vehicle-leapmotor-c10,brand-leapmotor,零跑,C10,passenger_car,approved,true,owned_reviewed_asset,零跑,C10,,passed,/assets/used-cars/owner-presentation-v2/vehicle-leapmotor-c10.webp,/assets/used-cars/owner-presentation-v2/vehicle-leapmotor-c10.webp,white,28,relative,webp,800
vehicle-leapmotor-c11,brand-leapmotor,零跑,C11,passenger_car,approved,true,owned_reviewed_asset,零跑,C11,,passed,/assets/used-cars/owner-presentation-v2/vehicle-leapmotor-c11.webp,/assets/used-cars/owner-presentation-v2/vehicle-leapmotor-c11.webp,white,28,relative,webp,800
vehicle-leapmotor-c16,brand-leapmotor,零跑,C16,passenger_car,approved,true,owned_reviewed_asset,零跑,C16,,passed,/assets/used-cars/owner-presentation-v2/vehicle-leapmotor-c16.webp,/assets/used-cars/owner-presentation-v2/vehicle-leapmotor-c16.webp,white,28,relative,webp,800
vehicle-leapmotor-b01,brand-leapmotor,零跑,B01,passenger_car,approved,true,owned_reviewed_asset,零跑,B01,,passed,/assets/used-cars/owner-presentation-v2/vehicle-leapmotor-b01.webp,/assets/used-cars/owner-presentation-v2/vehicle-leapmotor-b01.webp,white,28,relative,webp,800
vehicle-leapmotor-b10,brand-leapmotor,零跑,B10,passenger_car,approved,true,owned_reviewed_asset,零跑,B10,,passed,/assets/used-cars/owner-presentation-v2/vehicle-leapmotor-b10.webp,/assets/used-cars/owner-presentation-v2/vehicle-leapmotor-b10.webp,white,28,relative,webp,800
vehicle-neta-n01,brand-neta,哪吒,N01,passenger_car,approved,true,owned_reviewed_asset,哪吒,N01,,passed,/assets/used-cars/owner-presentation-v2/vehicle-neta-n01.webp,/assets/used-cars/owner-presentation-v2/vehicle-neta-n01.webp,white,28,relative,webp,800
vehicle-neta-u,brand-neta,哪吒,U,passenger_car,approved,true,owned_reviewed_asset,哪吒,U,,passed,/assets/used-cars/owner-presentation-v2/vehicle-neta-u.webp,/assets/used-cars/owner-presentation-v2/vehicle-neta-u.webp,white,28,relative,webp,800
vehicle-neta-v,brand-neta,哪吒,V,passenger_car,approved,true,owned_reviewed_asset,哪吒,V,,passed,/assets/used-cars/owner-presentation-v2/vehicle-neta-v.webp,/assets/used-cars/owner-presentation-v2/vehicle-neta-v.webp,white,28,relative,webp,800
vehicle-neta-aya,brand-neta,哪吒,AYA,passenger_car,approved,true,owned_reviewed_asset,哪吒,AYA,,passed,/assets/used-cars/owner-presentation-v2/vehicle-neta-aya.webp,/assets/used-cars/owner-presentation-v2/vehicle-neta-aya.webp,white,28,relative,webp,800
vehicle-neta-x,brand-neta,哪吒,X,passenger_car,approved,true,owned_reviewed_asset,哪吒,X,,passed,/assets/used-cars/owner-presentation-v2/vehicle-neta-x.webp,/assets/used-cars/owner-presentation-v2/vehicle-neta-x.webp,white,28,relative,webp,800
vehicle-neta-s,brand-neta,哪吒,S,passenger_car,approved,true,owned_reviewed_asset,哪吒,S,,passed,/assets/used-cars/owner-presentation-v2/vehicle-neta-s.webp,/assets/used-cars/owner-presentation-v2/vehicle-neta-s.webp,white,28,relative,webp,800
vehicle-neta-s-hunting,brand-neta,哪吒,S猎装,passenger_car,approved,true,owned_reviewed_asset,哪吒,S猎装,,passed,/assets/used-cars/owner-presentation-v2/vehicle-neta-s-hunting.webp,/assets/used-cars/owner-presentation-v2/vehicle-neta-s-hunting.webp,white,28,relative,webp,800
vehicle-neta-gt,brand-neta,哪吒,GT,passenger_car,approved,true,owned_reviewed_asset,哪吒,GT,,passed,/assets/used-cars/owner-presentation-v2/vehicle-neta-gt.webp,/assets/used-cars/owner-presentation-v2/vehicle-neta-gt.webp,white,28,relative,webp,800
vehicle-neta-l,brand-neta,哪吒,L,passenger_car,approved,true,owned_reviewed_asset,哪吒,L,,passed,/assets/used-cars/owner-presentation-v2/vehicle-neta-l.webp,/assets/used-cars/owner-presentation-v2/vehicle-neta-l.webp,white,28,relative,webp,800
vehicle-voyah-free,brand-voyah,岚图,FREE,passenger_car,approved,true,owned_reviewed_asset,岚图,FREE,,passed,/assets/used-cars/owner-presentation-v2/vehicle-voyah-free.webp,/assets/used-cars/owner-presentation-v2/vehicle-voyah-free.webp,white,28,relative,webp,800
vehicle-voyah-dreamer,brand-voyah,岚图,梦想家,passenger_car,approved,true,owned_reviewed_asset,岚图,梦想家,,passed,/assets/used-cars/owner-presentation-v2/vehicle-voyah-dreamer.webp,/assets/used-cars/owner-presentation-v2/vehicle-voyah-dreamer.webp,white,28,relative,webp,800
vehicle-voyah-passion,brand-voyah,岚图,追光,passenger_car,approved,true,owned_reviewed_asset,岚图,追光,,passed,/assets/used-cars/owner-presentation-v2/vehicle-voyah-passion.webp,/assets/used-cars/owner-presentation-v2/vehicle-voyah-passion.webp,white,28,relative,webp,800
vehicle-voyah-courage,brand-voyah,岚图,知音,passenger_car,approved,true,owned_reviewed_asset,岚图,知音,,passed,/assets/used-cars/owner-presentation-v2/vehicle-voyah-courage.webp,/assets/used-cars/owner-presentation-v2/vehicle-voyah-courage.webp,white,28,relative,webp,800
vehicle-voyah-taishan,brand-voyah,岚图,泰山,passenger_car,approved,true,owned_reviewed_asset,岚图,泰山,,passed,/assets/used-cars/owner-presentation-v2/vehicle-voyah-taishan.webp,/assets/used-cars/owner-presentation-v2/vehicle-voyah-taishan.webp,white,28,relative,webp,800
vehicle-denza-d9,brand-denza,腾势,D9,passenger_car,approved,true,owned_reviewed_asset,腾势,D9,,passed,/assets/used-cars/owner-presentation-v2/vehicle-denza-d9.webp,/assets/used-cars/owner-presentation-v2/vehicle-denza-d9.webp,white,28,relative,webp,800
vehicle-denza-n7,brand-denza,腾势,N7,passenger_car,approved,true,owned_reviewed_asset,腾势,N7,,passed,/assets/used-cars/owner-presentation-v2/vehicle-denza-n7.webp,/assets/used-cars/owner-presentation-v2/vehicle-denza-n7.webp,white,28,relative,webp,800
vehicle-denza-n8,brand-denza,腾势,N8,passenger_car,approved,true,owned_reviewed_asset,腾势,N8,,passed,/assets/used-cars/owner-presentation-v2/vehicle-denza-n8.webp,/assets/used-cars/owner-presentation-v2/vehicle-denza-n8.webp,white,28,relative,webp,800
vehicle-denza-n9,brand-denza,腾势,N9,passenger_car,approved,true,owned_reviewed_asset,腾势,N9,,passed,/assets/used-cars/owner-presentation-v2/vehicle-denza-n9.webp,/assets/used-cars/owner-presentation-v2/vehicle-denza-n9.webp,white,28,relative,webp,800
vehicle-denza-n8l,brand-denza,腾势,N8L,passenger_car,approved,true,owned_reviewed_asset,腾势,N8L,,passed,/assets/used-cars/owner-presentation-v2/vehicle-denza-n8l.webp,/assets/used-cars/owner-presentation-v2/vehicle-denza-n8l.webp,white,28,relative,webp,800
vehicle-denza-z9,brand-denza,腾势,Z9,passenger_car,approved,true,owned_reviewed_asset,腾势,Z9,,passed,/assets/used-cars/owner-presentation-v2/vehicle-denza-z9.webp,/assets/used-cars/owner-presentation-v2/vehicle-denza-z9.webp,white,28,relative,webp,800
vehicle-denza-z9gt,brand-denza,腾势,Z9GT,passenger_car,approved,true,owned_reviewed_asset,腾势,Z9GT,,passed,/assets/used-cars/owner-presentation-v2/vehicle-denza-z9gt.webp,/assets/used-cars/owner-presentation-v2/vehicle-denza-z9gt.webp,white,28,relative,webp,800
vehicle-denza-500,brand-denza,腾势,腾势500,passenger_car,approved,true,owned_reviewed_asset,腾势,腾势500,,passed,/assets/used-cars/owner-presentation-v2/vehicle-denza-500.webp,/assets/used-cars/owner-presentation-v2/vehicle-denza-500.webp,white,28,relative,webp,800
vehicle-denza-x,brand-denza,腾势,腾势X,passenger_car,approved,true,owned_reviewed_asset,腾势,腾势X,,passed,/assets/used-cars/owner-presentation-v2/vehicle-denza-x.webp,/assets/used-cars/owner-presentation-v2/vehicle-denza-x.webp,white,28,relative,webp,800
vehicle-fangchengbao-bao5,brand-fangchengbao,方程豹,豹5,passenger_car,approved,true,owned_reviewed_asset,方程豹,豹5,,passed,/assets/used-cars/owner-presentation-v2/vehicle-fangchengbao-bao5.webp,/assets/used-cars/owner-presentation-v2/vehicle-fangchengbao-bao5.webp,white,28,relative,webp,800
vehicle-fangchengbao-bao8,brand-fangchengbao,方程豹,豹8,passenger_car,approved,true,owned_reviewed_asset,方程豹,豹8,,passed,/assets/used-cars/owner-presentation-v2/vehicle-fangchengbao-bao8.webp,/assets/used-cars/owner-presentation-v2/vehicle-fangchengbao-bao8.webp,white,28,relative,webp,800
vehicle-fangchengbao-tai3,brand-fangchengbao,方程豹,钛3,passenger_car,approved,true,owned_reviewed_asset,方程豹,钛3,,passed,/assets/used-cars/owner-presentation-v2/vehicle-fangchengbao-tai3.webp,/assets/used-cars/owner-presentation-v2/vehicle-fangchengbao-tai3.webp,white,28,relative,webp,800
vehicle-fangchengbao-tai7,brand-fangchengbao,方程豹,钛7,passenger_car,approved,true,owned_reviewed_asset,方程豹,钛7,,passed,/assets/used-cars/owner-presentation-v2/vehicle-fangchengbao-tai7.webp,/assets/used-cars/owner-presentation-v2/vehicle-fangchengbao-tai7.webp,white,28,relative,webp,800
vehicle-yangwang-u7,brand-yangwang,仰望,U7,passenger_car,approved,true,owned_reviewed_asset,仰望,U7,,passed,/assets/used-cars/owner-presentation-v2/vehicle-yangwang-u7.webp,/assets/used-cars/owner-presentation-v2/vehicle-yangwang-u7.webp,white,28,relative,webp,800
vehicle-yangwang-u8,brand-yangwang,仰望,U8,passenger_car,approved,true,owned_reviewed_asset,仰望,U8,,passed,/assets/used-cars/owner-presentation-v2/vehicle-yangwang-u8.webp,/assets/used-cars/owner-presentation-v2/vehicle-yangwang-u8.webp,white,28,relative,webp,800
vehicle-yangwang-u9,brand-yangwang,仰望,U9,passenger_car,approved,true,owned_reviewed_asset,仰望,U9,,passed,/assets/used-cars/owner-presentation-v2/vehicle-yangwang-u9.webp,/assets/used-cars/owner-presentation-v2/vehicle-yangwang-u9.webp,white,28,relative,webp,800
vehicle-arcfox-alpha-s,brand-arcfox,极狐,阿尔法S,passenger_car,approved,true,owned_reviewed_asset,极狐,阿尔法S,,passed,/assets/used-cars/owner-presentation-v2/vehicle-arcfox-alpha-s.webp,/assets/used-cars/owner-presentation-v2/vehicle-arcfox-alpha-s.webp,white,28,relative,webp,800
vehicle-arcfox-alpha-t,brand-arcfox,极狐,阿尔法T,passenger_car,approved,true,owned_reviewed_asset,极狐,阿尔法T,,passed,/assets/used-cars/owner-presentation-v2/vehicle-arcfox-alpha-t.webp,/assets/used-cars/owner-presentation-v2/vehicle-arcfox-alpha-t.webp,white,28,relative,webp,800
vehicle-arcfox-alpha-s5,brand-arcfox,极狐,阿尔法S5,passenger_car,approved,true,owned_reviewed_asset,极狐,阿尔法S5,,passed,/assets/used-cars/owner-presentation-v2/vehicle-arcfox-alpha-s5.webp,/assets/used-cars/owner-presentation-v2/vehicle-arcfox-alpha-s5.webp,white,28,relative,webp,800
vehicle-arcfox-alpha-t5,brand-arcfox,极狐,阿尔法T5,passenger_car,approved,true,owned_reviewed_asset,极狐,阿尔法T5,,passed,/assets/used-cars/owner-presentation-v2/vehicle-arcfox-alpha-t5.webp,/assets/used-cars/owner-presentation-v2/vehicle-arcfox-alpha-t5.webp,white,28,relative,webp,800
vehicle-arcfox-kaola,brand-arcfox,极狐,考拉,passenger_car,approved,true,owned_reviewed_asset,极狐,考拉,,passed,/assets/used-cars/owner-presentation-v2/vehicle-arcfox-kaola.webp,/assets/used-cars/owner-presentation-v2/vehicle-arcfox-kaola.webp,white,28,relative,webp,800
vehicle-arcfox-kaola-s,brand-arcfox,极狐,考拉S,passenger_car,approved,true,owned_reviewed_asset,极狐,考拉S,,passed,/assets/used-cars/owner-presentation-v2/vehicle-arcfox-kaola-s.webp,/assets/used-cars/owner-presentation-v2/vehicle-arcfox-kaola-s.webp,white,28,relative,webp,800
vehicle-beijing-bj20,brand-beijing,北京汽车,BJ20,passenger_car,approved,true,owned_reviewed_asset,北京汽车,BJ20,,passed,/assets/used-cars/owner-presentation-v2/vehicle-beijing-bj20.webp,/assets/used-cars/owner-presentation-v2/vehicle-beijing-bj20.webp,white,28,relative,webp,800
vehicle-beijing-bj30,brand-beijing,北京汽车,BJ30,passenger_car,approved,true,owned_reviewed_asset,北京汽车,BJ30,,passed,/assets/used-cars/owner-presentation-v2/vehicle-beijing-bj30.webp,/assets/used-cars/owner-presentation-v2/vehicle-beijing-bj30.webp,white,28,relative,webp,800
vehicle-beijing-bj40,brand-beijing,北京汽车,BJ40,passenger_car,approved,true,owned_reviewed_asset,北京汽车,BJ40,,passed,/assets/used-cars/owner-presentation-v2/vehicle-beijing-bj40.webp,/assets/used-cars/owner-presentation-v2/vehicle-beijing-bj40.webp,white,28,relative,webp,800
vehicle-beijing-bj60,brand-beijing,北京汽车,BJ60,passenger_car,approved,true,owned_reviewed_asset,北京汽车,BJ60,,passed,/assets/used-cars/owner-presentation-v2/vehicle-beijing-bj60.webp,/assets/used-cars/owner-presentation-v2/vehicle-beijing-bj60.webp,white,28,relative,webp,800
vehicle-beijing-bj80,brand-beijing,北京汽车,BJ80,passenger_car,approved,true,owned_reviewed_asset,北京汽车,BJ80,,passed,/assets/used-cars/owner-presentation-v2/vehicle-beijing-bj80.webp,/assets/used-cars/owner-presentation-v2/vehicle-beijing-bj80.webp,white,28,relative,webp,800
vehicle-beijing-bj90,brand-beijing,北京汽车,BJ90,passenger_car,approved,true,owned_reviewed_asset,北京汽车,BJ90,,passed,/assets/used-cars/owner-presentation-v2/vehicle-beijing-bj90.webp,/assets/used-cars/owner-presentation-v2/vehicle-beijing-bj90.webp,white,28,relative,webp,800
vehicle-beijing-x3,brand-beijing,北京汽车,X3,passenger_car,approved,true,owned_reviewed_asset,北京汽车,X3,,passed,/assets/used-cars/owner-presentation-v2/vehicle-beijing-x3.webp,/assets/used-cars/owner-presentation-v2/vehicle-beijing-x3.webp,white,28,relative,webp,800
vehicle-beijing-x5,brand-beijing,北京汽车,X5,passenger_car,approved,true,owned_reviewed_asset,北京汽车,X5,,passed,/assets/used-cars/owner-presentation-v2/vehicle-beijing-x5.webp,/assets/used-cars/owner-presentation-v2/vehicle-beijing-x5.webp,white,28,relative,webp,800
vehicle-beijing-x7,brand-beijing,北京汽车,X7,passenger_car,approved,true,owned_reviewed_asset,北京汽车,X7,,passed,/assets/used-cars/owner-presentation-v2/vehicle-beijing-x7.webp,/assets/used-cars/owner-presentation-v2/vehicle-beijing-x7.webp,white,28,relative,webp,800
vehicle-beijing-u5,brand-beijing,北京汽车,U5,passenger_car,approved,true,owned_reviewed_asset,北京汽车,U5,,passed,/assets/used-cars/owner-presentation-v2/vehicle-beijing-u5.webp,/assets/used-cars/owner-presentation-v2/vehicle-beijing-u5.webp,white,28,relative,webp,800
vehicle-beijing-u5plus,brand-beijing,北京汽车,U5 PLUS,passenger_car,approved,true,owned_reviewed_asset,北京汽车,U5 PLUS,,passed,/assets/used-cars/owner-presentation-v2/vehicle-beijing-u5plus.webp,/assets/used-cars/owner-presentation-v2/vehicle-beijing-u5plus.webp,white,28,relative,webp,800
vehicle-beijing-u7,brand-beijing,北京汽车,U7,passenger_car,approved,true,owned_reviewed_asset,北京汽车,U7,,passed,/assets/used-cars/owner-presentation-v2/vehicle-beijing-u7.webp,/assets/used-cars/owner-presentation-v2/vehicle-beijing-u7.webp,white,28,relative,webp,800
vehicle-beijing-eu5,brand-beijing,北京汽车,EU5,passenger_car,approved,true,owned_reviewed_asset,北京汽车,EU5,,passed,/assets/used-cars/owner-presentation-v2/vehicle-beijing-eu5.webp,/assets/used-cars/owner-presentation-v2/vehicle-beijing-eu5.webp,white,28,relative,webp,800
vehicle-beijing-eu5plus,brand-beijing,北京汽车,EU5 PLUS,passenger_car,approved,true,owned_reviewed_asset,北京汽车,EU5 PLUS,,passed,/assets/used-cars/owner-presentation-v2/vehicle-beijing-eu5plus.webp,/assets/used-cars/owner-presentation-v2/vehicle-beijing-eu5plus.webp,white,28,relative,webp,800
vehicle-beijing-eu7,brand-beijing,北京汽车,EU7,passenger_car,approved,true,owned_reviewed_asset,北京汽车,EU7,,passed,/assets/used-cars/owner-presentation-v2/vehicle-beijing-eu7.webp,/assets/used-cars/owner-presentation-v2/vehicle-beijing-eu7.webp,white,28,relative,webp,800
vehicle-beijing-ex3,brand-beijing,北京汽车,EX3,passenger_car,approved,true,owned_reviewed_asset,北京汽车,EX3,,passed,/assets/used-cars/owner-presentation-v2/vehicle-beijing-ex3.webp,/assets/used-cars/owner-presentation-v2/vehicle-beijing-ex3.webp,white,28,relative,webp,800
vehicle-beijing-ex5,brand-beijing,北京汽车,EX5,passenger_car,approved,true,owned_reviewed_asset,北京汽车,EX5,,passed,/assets/used-cars/owner-presentation-v2/vehicle-beijing-ex5.webp,/assets/used-cars/owner-presentation-v2/vehicle-beijing-ex5.webp,white,28,relative,webp,800
vehicle-beijing-ec3,brand-beijing,北京汽车,EC3,passenger_car,approved,true,owned_reviewed_asset,北京汽车,EC3,,passed,/assets/used-cars/owner-presentation-v2/vehicle-beijing-ec3.webp,/assets/used-cars/owner-presentation-v2/vehicle-beijing-ec3.webp,white,28,relative,webp,800
vehicle-beijing-ec5,brand-beijing,北京汽车,EC5,passenger_car,approved,true,owned_reviewed_asset,北京汽车,EC5,,passed,/assets/used-cars/owner-presentation-v2/vehicle-beijing-ec5.webp,/assets/used-cars/owner-presentation-v2/vehicle-beijing-ec5.webp,white,28,relative,webp,800
vehicle-beijing-ec180,brand-beijing,北京汽车,EC180,passenger_car,approved,true,owned_reviewed_asset,北京汽车,EC180,,passed,/assets/used-cars/owner-presentation-v2/vehicle-beijing-ec180.webp,/assets/used-cars/owner-presentation-v2/vehicle-beijing-ec180.webp,white,28,relative,webp,800
vehicle-beijing-ec200,brand-beijing,北京汽车,EC200,passenger_car,approved,true,owned_reviewed_asset,北京汽车,EC200,,passed,/assets/used-cars/owner-presentation-v2/vehicle-beijing-ec200.webp,/assets/used-cars/owner-presentation-v2/vehicle-beijing-ec200.webp,white,28,relative,webp,800
vehicle-beijing-senova-d50,brand-beijing,北京汽车,绅宝D50,passenger_car,approved,true,owned_reviewed_asset,北京汽车,绅宝D50,,passed,/assets/used-cars/owner-presentation-v2/vehicle-beijing-senova-d50.webp,/assets/used-cars/owner-presentation-v2/vehicle-beijing-senova-d50.webp,white,28,relative,webp,800
vehicle-beijing-senova-d70,brand-beijing,北京汽车,绅宝D70,passenger_car,approved,true,owned_reviewed_asset,北京汽车,绅宝D70,,passed,/assets/used-cars/owner-presentation-v2/vehicle-beijing-senova-d70.webp,/assets/used-cars/owner-presentation-v2/vehicle-beijing-senova-d70.webp,white,28,relative,webp,800
vehicle-beijing-senova-x25,brand-beijing,北京汽车,绅宝X25,passenger_car,approved,true,owned_reviewed_asset,北京汽车,绅宝X25,,passed,/assets/used-cars/owner-presentation-v2/vehicle-beijing-senova-x25.webp,/assets/used-cars/owner-presentation-v2/vehicle-beijing-senova-x25.webp,white,28,relative,webp,800
vehicle-beijing-senova-x35,brand-beijing,北京汽车,绅宝X35,passenger_car,approved,true,owned_reviewed_asset,北京汽车,绅宝X35,,passed,/assets/used-cars/owner-presentation-v2/vehicle-beijing-senova-x35.webp,/assets/used-cars/owner-presentation-v2/vehicle-beijing-senova-x35.webp,white,28,relative,webp,800
vehicle-beijing-senova-x55,brand-beijing,北京汽车,绅宝X55,passenger_car,approved,true,owned_reviewed_asset,北京汽车,绅宝X55,,passed,/assets/used-cars/owner-presentation-v2/vehicle-beijing-senova-x55.webp,/assets/used-cars/owner-presentation-v2/vehicle-beijing-senova-x55.webp,white,28,relative,webp,800
vehicle-dongfeng-fengshen-s30,brand-dongfeng-fengshen,东风风神,S30,passenger_car,approved,true,owned_reviewed_asset,东风风神,S30,,passed,/assets/used-cars/owner-presentation-v2/vehicle-dongfeng-fengshen-s30.webp,/assets/used-cars/owner-presentation-v2/vehicle-dongfeng-fengshen-s30.webp,white,28,relative,webp,800
vehicle-dongfeng-fengshen-h30,brand-dongfeng-fengshen,东风风神,H30,passenger_car,approved,true,owned_reviewed_asset,东风风神,H30,,passed,/assets/used-cars/owner-presentation-v2/vehicle-dongfeng-fengshen-h30.webp,/assets/used-cars/owner-presentation-v2/vehicle-dongfeng-fengshen-h30.webp,white,28,relative,webp,800
vehicle-dongfeng-fengshen-a60,brand-dongfeng-fengshen,东风风神,A60,passenger_car,approved,true,owned_reviewed_asset,东风风神,A60,,passed,/assets/used-cars/owner-presentation-v2/vehicle-dongfeng-fengshen-a60.webp,/assets/used-cars/owner-presentation-v2/vehicle-dongfeng-fengshen-a60.webp,white,28,relative,webp,800
vehicle-dongfeng-fengshen-a30,brand-dongfeng-fengshen,东风风神,A30,passenger_car,approved,true,owned_reviewed_asset,东风风神,A30,,passed,/assets/used-cars/owner-presentation-v2/vehicle-dongfeng-fengshen-a30.webp,/assets/used-cars/owner-presentation-v2/vehicle-dongfeng-fengshen-a30.webp,white,28,relative,webp,800
vehicle-dongfeng-fengshen-ax3,brand-dongfeng-fengshen,东风风神,AX3,passenger_car,approved,true,owned_reviewed_asset,东风风神,AX3,,passed,/assets/used-cars/owner-presentation-v2/vehicle-dongfeng-fengshen-ax3.webp,/assets/used-cars/owner-presentation-v2/vehicle-dongfeng-fengshen-ax3.webp,white,28,relative,webp,800
vehicle-dongfeng-fengshen-ax4,brand-dongfeng-fengshen,东风风神,AX4,passenger_car,approved,true,owned_reviewed_asset,东风风神,AX4,,passed,/assets/used-cars/owner-presentation-v2/vehicle-dongfeng-fengshen-ax4.webp,/assets/used-cars/owner-presentation-v2/vehicle-dongfeng-fengshen-ax4.webp,white,28,relative,webp,800
vehicle-dongfeng-fengshen-ax5,brand-dongfeng-fengshen,东风风神,AX5,passenger_car,approved,true,owned_reviewed_asset,东风风神,AX5,,passed,/assets/used-cars/owner-presentation-v2/vehicle-dongfeng-fengshen-ax5.webp,/assets/used-cars/owner-presentation-v2/vehicle-dongfeng-fengshen-ax5.webp,white,28,relative,webp,800
vehicle-dongfeng-fengshen-ax7,brand-dongfeng-fengshen,东风风神,AX7,passenger_car,approved,true,owned_reviewed_asset,东风风神,AX7,,passed,/assets/used-cars/owner-presentation-v2/vehicle-dongfeng-fengshen-ax7.webp,/assets/used-cars/owner-presentation-v2/vehicle-dongfeng-fengshen-ax7.webp,white,28,relative,webp,800
vehicle-dongfeng-fengshen-yixuan,brand-dongfeng-fengshen,东风风神,奕炫,passenger_car,approved,true,owned_reviewed_asset,东风风神,奕炫,,passed,/assets/used-cars/owner-presentation-v2/vehicle-dongfeng-fengshen-yixuan.webp,/assets/used-cars/owner-presentation-v2/vehicle-dongfeng-fengshen-yixuan.webp,white,28,relative,webp,800
vehicle-dongfeng-fengshen-yixuan-gs,brand-dongfeng-fengshen,东风风神,奕炫GS,passenger_car,approved,true,owned_reviewed_asset,东风风神,奕炫GS,,passed,/assets/used-cars/owner-presentation-v2/vehicle-dongfeng-fengshen-yixuan-gs.webp,/assets/used-cars/owner-presentation-v2/vehicle-dongfeng-fengshen-yixuan-gs.webp,white,28,relative,webp,800
vehicle-dongfeng-fengshen-yixuan-max,brand-dongfeng-fengshen,东风风神,奕炫MAX,passenger_car,approved,true,owned_reviewed_asset,东风风神,奕炫MAX,,passed,/assets/used-cars/owner-presentation-v2/vehicle-dongfeng-fengshen-yixuan-max.webp,/assets/used-cars/owner-presentation-v2/vehicle-dongfeng-fengshen-yixuan-max.webp,white,28,relative,webp,800
vehicle-dongfeng-fengshen-haoji,brand-dongfeng-fengshen,东风风神,皓极,passenger_car,approved,true,owned_reviewed_asset,东风风神,皓极,,passed,/assets/used-cars/owner-presentation-v2/vehicle-dongfeng-fengshen-haoji.webp,/assets/used-cars/owner-presentation-v2/vehicle-dongfeng-fengshen-haoji.webp,white,28,relative,webp,800
vehicle-dongfeng-fengshen-haohan,brand-dongfeng-fengshen,东风风神,皓瀚,passenger_car,approved,true,owned_reviewed_asset,东风风神,皓瀚,,passed,/assets/used-cars/owner-presentation-v2/vehicle-dongfeng-fengshen-haohan.webp,/assets/used-cars/owner-presentation-v2/vehicle-dongfeng-fengshen-haohan.webp,white,28,relative,webp,800
vehicle-dongfeng-fengshen-l7,brand-dongfeng-fengshen,东风风神,L7,passenger_car,approved,true,owned_reviewed_asset,东风风神,L7,,passed,/assets/used-cars/owner-presentation-v2/vehicle-dongfeng-fengshen-l7.webp,/assets/used-cars/owner-presentation-v2/vehicle-dongfeng-fengshen-l7.webp,white,28,relative,webp,800
vehicle-dongfeng-fengshen-sky-ev01,brand-dongfeng-fengshen,东风风神,SKY EV01,passenger_car,approved,true,owned_reviewed_asset,东风风神,SKY EV01,,passed,/assets/used-cars/owner-presentation-v2/vehicle-dongfeng-fengshen-sky-ev01.webp,/assets/used-cars/owner-presentation-v2/vehicle-dongfeng-fengshen-sky-ev01.webp,white,28,relative,webp,800
vehicle-dongfeng-fengxing-t5,brand-dongfeng-fengxing,东风风行,T5,passenger_car,approved,true,owned_reviewed_asset,东风风行,T5,,passed,/assets/used-cars/owner-presentation-v2/vehicle-dongfeng-fengxing-t5.webp,/assets/used-cars/owner-presentation-v2/vehicle-dongfeng-fengxing-t5.webp,white,28,relative,webp,800
vehicle-dongfeng-fengxing-t5evo,brand-dongfeng-fengxing,东风风行,T5 EVO,passenger_car,approved,true,owned_reviewed_asset,东风风行,T5 EVO,,passed,/assets/used-cars/owner-presentation-v2/vehicle-dongfeng-fengxing-t5evo.webp,/assets/used-cars/owner-presentation-v2/vehicle-dongfeng-fengxing-t5evo.webp,white,28,relative,webp,800
vehicle-dongfeng-fengxing-t5l,brand-dongfeng-fengxing,东风风行,T5L,passenger_car,approved,true,owned_reviewed_asset,东风风行,T5L,,passed,/assets/used-cars/owner-presentation-v2/vehicle-dongfeng-fengxing-t5l.webp,/assets/used-cars/owner-presentation-v2/vehicle-dongfeng-fengxing-t5l.webp,white,28,relative,webp,800
vehicle-dongfeng-fengxing-sx6,brand-dongfeng-fengxing,东风风行,SX6,passenger_car,approved,true,owned_reviewed_asset,东风风行,SX6,,passed,/assets/used-cars/owner-presentation-v2/vehicle-dongfeng-fengxing-sx6.webp,/assets/used-cars/owner-presentation-v2/vehicle-dongfeng-fengxing-sx6.webp,white,28,relative,webp,800
vehicle-dongfeng-fengxing-s50,brand-dongfeng-fengxing,东风风行,景逸S50,passenger_car,approved,true,owned_reviewed_asset,东风风行,景逸S50,,passed,/assets/used-cars/owner-presentation-v2/vehicle-dongfeng-fengxing-s50.webp,/assets/used-cars/owner-presentation-v2/vehicle-dongfeng-fengxing-s50.webp,white,28,relative,webp,800
vehicle-dongfeng-fengxing-x3,brand-dongfeng-fengxing,东风风行,景逸X3,passenger_car,approved,true,owned_reviewed_asset,东风风行,景逸X3,,passed,/assets/used-cars/owner-presentation-v2/vehicle-dongfeng-fengxing-x3.webp,/assets/used-cars/owner-presentation-v2/vehicle-dongfeng-fengxing-x3.webp,white,28,relative,webp,800
vehicle-dongfeng-fengxing-x5,brand-dongfeng-fengxing,东风风行,景逸X5,passenger_car,approved,true,owned_reviewed_asset,东风风行,景逸X5,,passed,/assets/used-cars/owner-presentation-v2/vehicle-dongfeng-fengxing-x5.webp,/assets/used-cars/owner-presentation-v2/vehicle-dongfeng-fengxing-x5.webp,white,28,relative,webp,800
vehicle-dongfeng-fengxing-x6,brand-dongfeng-fengxing,东风风行,景逸X6,passenger_car,approved,true,owned_reviewed_asset,东风风行,景逸X6,,passed,/assets/used-cars/owner-presentation-v2/vehicle-dongfeng-fengxing-x6.webp,/assets/used-cars/owner-presentation-v2/vehicle-dongfeng-fengxing-x6.webp,white,28,relative,webp,800
vehicle-dongfeng-fengxing-lingzhi,brand-dongfeng-fengxing,东风风行,菱智,passenger_car,approved,true,owned_reviewed_asset,东风风行,菱智,,passed,/assets/used-cars/owner-presentation-v2/vehicle-dongfeng-fengxing-lingzhi.webp,/assets/used-cars/owner-presentation-v2/vehicle-dongfeng-fengxing-lingzhi.webp,white,28,relative,webp,800
vehicle-dongfeng-fengxing-yacht,brand-dongfeng-fengxing,东风风行,游艇,passenger_car,approved,true,owned_reviewed_asset,东风风行,游艇,,passed,/assets/used-cars/owner-presentation-v2/vehicle-dongfeng-fengxing-yacht.webp,/assets/used-cars/owner-presentation-v2/vehicle-dongfeng-fengxing-yacht.webp,white,28,relative,webp,800
vehicle-dongfeng-fengxing-thunder,brand-dongfeng-fengxing,东风风行,雷霆,passenger_car,approved,true,owned_reviewed_asset,东风风行,雷霆,,passed,/assets/used-cars/owner-presentation-v2/vehicle-dongfeng-fengxing-thunder.webp,/assets/used-cars/owner-presentation-v2/vehicle-dongfeng-fengxing-thunder.webp,white,28,relative,webp,800
vehicle-dongfeng-fengxing-xinghai-v9,brand-dongfeng-fengxing,东风风行,星海V9,passenger_car,approved,true,owned_reviewed_asset,东风风行,星海V9,,passed,/assets/used-cars/owner-presentation-v2/vehicle-dongfeng-fengxing-xinghai-v9.webp,/assets/used-cars/owner-presentation-v2/vehicle-dongfeng-fengxing-xinghai-v9.webp,white,28,relative,webp,800
vehicle-dongfeng-fengxing-xinghai-s7,brand-dongfeng-fengxing,东风风行,星海S7,passenger_car,approved,true,owned_reviewed_asset,东风风行,星海S7,,passed,/assets/used-cars/owner-presentation-v2/vehicle-dongfeng-fengxing-xinghai-s7.webp,/assets/used-cars/owner-presentation-v2/vehicle-dongfeng-fengxing-xinghai-s7.webp,white,28,relative,webp,800
vehicle-dongfeng-nammi-01,brand-dongfeng-nammi,东风纳米,纳米01,passenger_car,approved,true,owned_reviewed_asset,东风纳米,纳米01,,passed,/assets/used-cars/owner-presentation-v2/vehicle-dongfeng-nammi-01.webp,/assets/used-cars/owner-presentation-v2/vehicle-dongfeng-nammi-01.webp,white,28,relative,webp,800
vehicle-dongfeng-nammi-06,brand-dongfeng-nammi,东风纳米,纳米06,passenger_car,approved,true,owned_reviewed_asset,东风纳米,纳米06,,passed,/assets/used-cars/owner-presentation-v2/vehicle-dongfeng-nammi-06.webp,/assets/used-cars/owner-presentation-v2/vehicle-dongfeng-nammi-06.webp,white,28,relative,webp,800
vehicle-dongfeng-nammi-box,brand-dongfeng-nammi,东风纳米,纳米BOX,passenger_car,approved,true,owned_reviewed_asset,东风纳米,纳米BOX,,passed,/assets/used-cars/owner-presentation-v2/vehicle-dongfeng-nammi-box.webp,/assets/used-cars/owner-presentation-v2/vehicle-dongfeng-nammi-box.webp,white,28,relative,webp,800
vehicle-dongfeng-epi-007,brand-dongfeng-epi,东风奕派,eπ007,passenger_car,approved,true,owned_reviewed_asset,东风奕派,eπ007,,passed,/assets/used-cars/owner-presentation-v2/vehicle-dongfeng-epi-007.webp,/assets/used-cars/owner-presentation-v2/vehicle-dongfeng-epi-007.webp,white,28,relative,webp,800
vehicle-dongfeng-epi-008,brand-dongfeng-epi,东风奕派,eπ008,passenger_car,approved,true,owned_reviewed_asset,东风奕派,eπ008,,passed,/assets/used-cars/owner-presentation-v2/vehicle-dongfeng-epi-008.webp,/assets/used-cars/owner-presentation-v2/vehicle-dongfeng-epi-008.webp,white,28,relative,webp,800
vehicle-venucia-d50,brand-venucia,启辰,D50,passenger_car,approved,true,owned_reviewed_asset,启辰,D50,,passed,/assets/used-cars/owner-presentation-v2/vehicle-venucia-d50.webp,/assets/used-cars/owner-presentation-v2/vehicle-venucia-d50.webp,white,28,relative,webp,800
vehicle-venucia-r50,brand-venucia,启辰,R50,passenger_car,approved,true,owned_reviewed_asset,启辰,R50,,passed,/assets/used-cars/owner-presentation-v2/vehicle-venucia-r50.webp,/assets/used-cars/owner-presentation-v2/vehicle-venucia-r50.webp,white,28,relative,webp,800
vehicle-venucia-r50x,brand-venucia,启辰,R50X,passenger_car,approved,true,owned_reviewed_asset,启辰,R50X,,passed,/assets/used-cars/owner-presentation-v2/vehicle-venucia-r50x.webp,/assets/used-cars/owner-presentation-v2/vehicle-venucia-r50x.webp,white,28,relative,webp,800
vehicle-venucia-d60,brand-venucia,启辰,D60,passenger_car,approved,true,owned_reviewed_asset,启辰,D60,,passed,/assets/used-cars/owner-presentation-v2/vehicle-venucia-d60.webp,/assets/used-cars/owner-presentation-v2/vehicle-venucia-d60.webp,white,28,relative,webp,800
vehicle-venucia-d60ev,brand-venucia,启辰,D60 EV,passenger_car,approved,true,owned_reviewed_asset,启辰,D60 EV,,passed,/assets/used-cars/owner-presentation-v2/vehicle-venucia-d60ev.webp,/assets/used-cars/owner-presentation-v2/vehicle-venucia-d60ev.webp,white,28,relative,webp,800
vehicle-venucia-t60,brand-venucia,启辰,T60,passenger_car,approved,true,owned_reviewed_asset,启辰,T60,,passed,/assets/used-cars/owner-presentation-v2/vehicle-venucia-t60.webp,/assets/used-cars/owner-presentation-v2/vehicle-venucia-t60.webp,white,28,relative,webp,800
vehicle-venucia-t70,brand-venucia,启辰,T70,passenger_car,approved,true,owned_reviewed_asset,启辰,T70,,passed,/assets/used-cars/owner-presentation-v2/vehicle-venucia-t70.webp,/assets/used-cars/owner-presentation-v2/vehicle-venucia-t70.webp,white,28,relative,webp,800
vehicle-venucia-t90,brand-venucia,启辰,T90,passenger_car,approved,true,owned_reviewed_asset,启辰,T90,,passed,/assets/used-cars/owner-presentation-v2/vehicle-venucia-t90.webp,/assets/used-cars/owner-presentation-v2/vehicle-venucia-t90.webp,white,28,relative,webp,800
vehicle-venucia-m50v,brand-venucia,启辰,M50V,passenger_car,approved,true,owned_reviewed_asset,启辰,M50V,,passed,/assets/used-cars/owner-presentation-v2/vehicle-venucia-m50v.webp,/assets/used-cars/owner-presentation-v2/vehicle-venucia-m50v.webp,white,28,relative,webp,800
vehicle-venucia-star,brand-venucia,启辰,星,passenger_car,approved,true,owned_reviewed_asset,启辰,星,,passed,/assets/used-cars/owner-presentation-v2/vehicle-venucia-star.webp,/assets/used-cars/owner-presentation-v2/vehicle-venucia-star.webp,white,28,relative,webp,800
vehicle-venucia-v,brand-venucia,启辰,大V,passenger_car,approved,true,owned_reviewed_asset,启辰,大V,,passed,/assets/used-cars/owner-presentation-v2/vehicle-venucia-v.webp,/assets/used-cars/owner-presentation-v2/vehicle-venucia-v.webp,white,28,relative,webp,800
vehicle-venucia-vx6,brand-venucia,启辰,VX6,passenger_car,approved,true,owned_reviewed_asset,启辰,VX6,,passed,/assets/used-cars/owner-presentation-v2/vehicle-venucia-vx6.webp,/assets/used-cars/owner-presentation-v2/vehicle-venucia-vx6.webp,white,28,relative,webp,800
vehicle-venucia-r30,brand-venucia,启辰,R30,passenger_car,approved,true,owned_reviewed_asset,启辰,R30,,passed,/assets/used-cars/owner-presentation-v2/vehicle-venucia-r30.webp,/assets/used-cars/owner-presentation-v2/vehicle-venucia-r30.webp,white,28,relative,webp,800
vehicle-venucia-e30,brand-venucia,启辰,e30,passenger_car,approved,true,owned_reviewed_asset,启辰,e30,,passed,/assets/used-cars/owner-presentation-v2/vehicle-venucia-e30.webp,/assets/used-cars/owner-presentation-v2/vehicle-venucia-e30.webp,white,28,relative,webp,800
vehicle-seres-sf5,brand-seres,赛力斯,SF5,passenger_car,approved,true,owned_reviewed_asset,赛力斯,SF5,,passed,/assets/used-cars/owner-presentation-v2/vehicle-seres-sf5.webp,/assets/used-cars/owner-presentation-v2/vehicle-seres-sf5.webp,white,28,relative,webp,800
vehicle-seres-3,brand-seres,赛力斯,赛力斯3,passenger_car,approved,true,owned_reviewed_asset,赛力斯,赛力斯3,,passed,/assets/used-cars/owner-presentation-v2/vehicle-seres-3.webp,/assets/used-cars/owner-presentation-v2/vehicle-seres-3.webp,white,28,relative,webp,800
vehicle-seres-5,brand-seres,赛力斯,赛力斯5,passenger_car,approved,true,owned_reviewed_asset,赛力斯,赛力斯5,,passed,/assets/used-cars/owner-presentation-v2/vehicle-seres-5.webp,/assets/used-cars/owner-presentation-v2/vehicle-seres-5.webp,white,28,relative,webp,800
vehicle-fengon-330,brand-fengon,东风风光,330,passenger_car,approved,true,owned_reviewed_asset,东风风光,330,,passed,/assets/used-cars/owner-presentation-v2/vehicle-fengon-330.webp,/assets/used-cars/owner-presentation-v2/vehicle-fengon-330.webp,white,28,relative,webp,800
vehicle-fengon-370,brand-fengon,东风风光,370,passenger_car,approved,true,owned_reviewed_asset,东风风光,370,,passed,/assets/used-cars/owner-presentation-v2/vehicle-fengon-370.webp,/assets/used-cars/owner-presentation-v2/vehicle-fengon-370.webp,white,28,relative,webp,800
vehicle-fengon-500,brand-fengon,东风风光,500,passenger_car,approved,true,owned_reviewed_asset,东风风光,500,,passed,/assets/used-cars/owner-presentation-v2/vehicle-fengon-500.webp,/assets/used-cars/owner-presentation-v2/vehicle-fengon-500.webp,white,28,relative,webp,800
vehicle-fengon-580,brand-fengon,东风风光,580,passenger_car,approved,true,owned_reviewed_asset,东风风光,580,,passed,/assets/used-cars/owner-presentation-v2/vehicle-fengon-580.webp,/assets/used-cars/owner-presentation-v2/vehicle-fengon-580.webp,white,28,relative,webp,800
vehicle-fengon-ix5,brand-fengon,东风风光,ix5,passenger_car,approved,true,owned_reviewed_asset,东风风光,ix5,,passed,/assets/used-cars/owner-presentation-v2/vehicle-fengon-ix5.webp,/assets/used-cars/owner-presentation-v2/vehicle-fengon-ix5.webp,white,28,relative,webp,800
vehicle-fengon-ix7,brand-fengon,东风风光,ix7,passenger_car,approved,true,owned_reviewed_asset,东风风光,ix7,,passed,/assets/used-cars/owner-presentation-v2/vehicle-fengon-ix7.webp,/assets/used-cars/owner-presentation-v2/vehicle-fengon-ix7.webp,white,28,relative,webp,800
vehicle-fengon-s560,brand-fengon,东风风光,S560,passenger_car,approved,true,owned_reviewed_asset,东风风光,S560,,passed,/assets/used-cars/owner-presentation-v2/vehicle-fengon-s560.webp,/assets/used-cars/owner-presentation-v2/vehicle-fengon-s560.webp,white,28,relative,webp,800
vehicle-fengon-mini,brand-fengon,东风风光,MINIEV,passenger_car,approved,true,owned_reviewed_asset,东风风光,MINIEV,,passed,/assets/used-cars/owner-presentation-v2/vehicle-fengon-mini.webp,/assets/used-cars/owner-presentation-v2/vehicle-fengon-mini.webp,white,28,relative,webp,800
vehicle-fengon-e1,brand-fengon,东风风光,E1,passenger_car,approved,true,owned_reviewed_asset,东风风光,E1,,passed,/assets/used-cars/owner-presentation-v2/vehicle-fengon-e1.webp,/assets/used-cars/owner-presentation-v2/vehicle-fengon-e1.webp,white,28,relative,webp,800
vehicle-fengon-e3,brand-fengon,东风风光,E3,passenger_car,approved,true,owned_reviewed_asset,东风风光,E3,,passed,/assets/used-cars/owner-presentation-v2/vehicle-fengon-e3.webp,/assets/used-cars/owner-presentation-v2/vehicle-fengon-e3.webp,white,28,relative,webp,800
vehicle-fengon-e5,brand-fengon,东风风光,E5,passenger_car,approved,true,owned_reviewed_asset,东风风光,E5,,passed,/assets/used-cars/owner-presentation-v2/vehicle-fengon-e5.webp,/assets/used-cars/owner-presentation-v2/vehicle-fengon-e5.webp,white,28,relative,webp,800
vehicle-jac-a5,brand-jac,江淮,A5,passenger_car,approved,true,owned_reviewed_asset,江淮,A5,,passed,/assets/used-cars/owner-presentation-v2/vehicle-jac-a5.webp,/assets/used-cars/owner-presentation-v2/vehicle-jac-a5.webp,white,28,relative,webp,800
vehicle-jac-j7,brand-jac,江淮,嘉悦A5,passenger_car,approved,true,owned_reviewed_asset,江淮,嘉悦A5,,passed,/assets/used-cars/owner-presentation-v2/vehicle-jac-j7.webp,/assets/used-cars/owner-presentation-v2/vehicle-jac-j7.webp,white,28,relative,webp,800
vehicle-jac-s2,brand-jac,江淮,瑞风S2,passenger_car,approved,true,owned_reviewed_asset,江淮,瑞风S2,,passed,/assets/used-cars/owner-presentation-v2/vehicle-jac-s2.webp,/assets/used-cars/owner-presentation-v2/vehicle-jac-s2.webp,white,28,relative,webp,800
vehicle-jac-s3,brand-jac,江淮,瑞风S3,passenger_car,approved,true,owned_reviewed_asset,江淮,瑞风S3,,passed,/assets/used-cars/owner-presentation-v2/vehicle-jac-s3.webp,/assets/used-cars/owner-presentation-v2/vehicle-jac-s3.webp,white,28,relative,webp,800
vehicle-jac-s4,brand-jac,江淮,瑞风S4,passenger_car,approved,true,owned_reviewed_asset,江淮,瑞风S4,,passed,/assets/used-cars/owner-presentation-v2/vehicle-jac-s4.webp,/assets/used-cars/owner-presentation-v2/vehicle-jac-s4.webp,white,28,relative,webp,800
vehicle-jac-s5,brand-jac,江淮,瑞风S5,passenger_car,approved,true,owned_reviewed_asset,江淮,瑞风S5,,passed,/assets/used-cars/owner-presentation-v2/vehicle-jac-s5.webp,/assets/used-cars/owner-presentation-v2/vehicle-jac-s5.webp,white,28,relative,webp,800
vehicle-jac-s7,brand-jac,江淮,瑞风S7,passenger_car,approved,true,owned_reviewed_asset,江淮,瑞风S7,,passed,/assets/used-cars/owner-presentation-v2/vehicle-jac-s7.webp,/assets/used-cars/owner-presentation-v2/vehicle-jac-s7.webp,white,28,relative,webp,800
vehicle-jac-m3,brand-jac,江淮,瑞风M3,passenger_car,approved,true,owned_reviewed_asset,江淮,瑞风M3,,passed,/assets/used-cars/owner-presentation-v2/vehicle-jac-m3.webp,/assets/used-cars/owner-presentation-v2/vehicle-jac-m3.webp,white,28,relative,webp,800
vehicle-jac-m4,brand-jac,江淮,瑞风M4,passenger_car,approved,true,owned_reviewed_asset,江淮,瑞风M4,,passed,/assets/used-cars/owner-presentation-v2/vehicle-jac-m4.webp,/assets/used-cars/owner-presentation-v2/vehicle-jac-m4.webp,white,28,relative,webp,800
vehicle-jac-m5,brand-jac,江淮,瑞风M5,passenger_car,approved,true,owned_reviewed_asset,江淮,瑞风M5,,passed,/assets/used-cars/owner-presentation-v2/vehicle-jac-m5.webp,/assets/used-cars/owner-presentation-v2/vehicle-jac-m5.webp,white,28,relative,webp,800
vehicle-jac-m6,brand-jac,江淮,瑞风M6,passenger_car,approved,true,owned_reviewed_asset,江淮,瑞风M6,,passed,/assets/used-cars/owner-presentation-v2/vehicle-jac-m6.webp,/assets/used-cars/owner-presentation-v2/vehicle-jac-m6.webp,white,28,relative,webp,800
vehicle-jac-l6max,brand-jac,江淮,瑞风L6 MAX,passenger_car,approved,true,owned_reviewed_asset,江淮,瑞风L6 MAX,,passed,/assets/used-cars/owner-presentation-v2/vehicle-jac-l6max.webp,/assets/used-cars/owner-presentation-v2/vehicle-jac-l6max.webp,white,28,relative,webp,800
vehicle-jac-rf8,brand-jac,江淮,瑞风RF8,passenger_car,approved,true,owned_reviewed_asset,江淮,瑞风RF8,,passed,/assets/used-cars/owner-presentation-v2/vehicle-jac-rf8.webp,/assets/used-cars/owner-presentation-v2/vehicle-jac-rf8.webp,white,28,relative,webp,800
vehicle-jac-refine,brand-jac,江淮,瑞风,passenger_car,approved,true,owned_reviewed_asset,江淮,瑞风,,passed,/assets/used-cars/owner-presentation-v2/vehicle-jac-refine.webp,/assets/used-cars/owner-presentation-v2/vehicle-jac-refine.webp,white,28,relative,webp,800
vehicle-jac-heyue,brand-jac,江淮,和悦,passenger_car,approved,true,owned_reviewed_asset,江淮,和悦,,passed,/assets/used-cars/owner-presentation-v2/vehicle-jac-heyue.webp,/assets/used-cars/owner-presentation-v2/vehicle-jac-heyue.webp,white,28,relative,webp,800
vehicle-jac-tongyue,brand-jac,江淮,同悦,passenger_car,approved,true,owned_reviewed_asset,江淮,同悦,,passed,/assets/used-cars/owner-presentation-v2/vehicle-jac-tongyue.webp,/assets/used-cars/owner-presentation-v2/vehicle-jac-tongyue.webp,white,28,relative,webp,800
vehicle-jac-iev6e,brand-jac,江淮,iEV6E,passenger_car,approved,true,owned_reviewed_asset,江淮,iEV6E,,passed,/assets/used-cars/owner-presentation-v2/vehicle-jac-iev6e.webp,/assets/used-cars/owner-presentation-v2/vehicle-jac-iev6e.webp,white,28,relative,webp,800
vehicle-jac-iev7,brand-jac,江淮,iEV7,passenger_car,approved,true,owned_reviewed_asset,江淮,iEV7,,passed,/assets/used-cars/owner-presentation-v2/vehicle-jac-iev7.webp,/assets/used-cars/owner-presentation-v2/vehicle-jac-iev7.webp,white,28,relative,webp,800
vehicle-jac-iev7s,brand-jac,江淮,iEV7S,passenger_car,approved,true,owned_reviewed_asset,江淮,iEV7S,,passed,/assets/used-cars/owner-presentation-v2/vehicle-jac-iev7s.webp,/assets/used-cars/owner-presentation-v2/vehicle-jac-iev7s.webp,white,28,relative,webp,800
vehicle-jac-ievs4,brand-jac,江淮,iEVS4,passenger_car,approved,true,owned_reviewed_asset,江淮,iEVS4,,passed,/assets/used-cars/owner-presentation-v2/vehicle-jac-ievs4.webp,/assets/used-cars/owner-presentation-v2/vehicle-jac-ievs4.webp,white,28,relative,webp,800
vehicle-jac-t6,brand-jac,江淮,帅铃T6,passenger_car,approved,true,owned_reviewed_asset,江淮,帅铃T6,,passed,/assets/used-cars/owner-presentation-v2/vehicle-jac-t6.webp,/assets/used-cars/owner-presentation-v2/vehicle-jac-t6.webp,white,28,relative,webp,800
vehicle-jac-t8,brand-jac,江淮,帅铃T8,passenger_car,approved,true,owned_reviewed_asset,江淮,帅铃T8,,passed,/assets/used-cars/owner-presentation-v2/vehicle-jac-t8.webp,/assets/used-cars/owner-presentation-v2/vehicle-jac-t8.webp,white,28,relative,webp,800
vehicle-jac-t9,brand-jac,江淮,悍途,passenger_car,approved,true,owned_reviewed_asset,江淮,悍途,,passed,/assets/used-cars/owner-presentation-v2/vehicle-jac-t9.webp,/assets/used-cars/owner-presentation-v2/vehicle-jac-t9.webp,white,28,relative,webp,800
vehicle-jac-yiwei-3,brand-jac-yiwei,江淮钇为,钇为3,passenger_car,approved,true,owned_reviewed_asset,江淮钇为,钇为3,,passed,/assets/used-cars/owner-presentation-v2/vehicle-jac-yiwei-3.webp,/assets/used-cars/owner-presentation-v2/vehicle-jac-yiwei-3.webp,white,28,relative,webp,800
vehicle-jac-yiwei-zhiai,brand-jac-yiwei,江淮钇为,挚爱,passenger_car,approved,true,owned_reviewed_asset,江淮钇为,挚爱,,passed,/assets/used-cars/owner-presentation-v2/vehicle-jac-yiwei-zhiai.webp,/assets/used-cars/owner-presentation-v2/vehicle-jac-yiwei-zhiai.webp,white,28,relative,webp,800
vehicle-sehol-e10x,brand-sehol,思皓,E10X,passenger_car,approved,true,owned_reviewed_asset,思皓,E10X,,passed,/assets/used-cars/owner-presentation-v2/vehicle-sehol-e10x.webp,/assets/used-cars/owner-presentation-v2/vehicle-sehol-e10x.webp,white,28,relative,webp,800
vehicle-sehol-e20x,brand-sehol,思皓,E20X,passenger_car,approved,true,owned_reviewed_asset,思皓,E20X,,passed,/assets/used-cars/owner-presentation-v2/vehicle-sehol-e20x.webp,/assets/used-cars/owner-presentation-v2/vehicle-sehol-e20x.webp,white,28,relative,webp,800
vehicle-sehol-e40x,brand-sehol,思皓,E40X,passenger_car,approved,true,owned_reviewed_asset,思皓,E40X,,passed,/assets/used-cars/owner-presentation-v2/vehicle-sehol-e40x.webp,/assets/used-cars/owner-presentation-v2/vehicle-sehol-e40x.webp,white,28,relative,webp,800
vehicle-sehol-e50a,brand-sehol,思皓,E50A,passenger_car,approved,true,owned_reviewed_asset,思皓,E50A,,passed,/assets/used-cars/owner-presentation-v2/vehicle-sehol-e50a.webp,/assets/used-cars/owner-presentation-v2/vehicle-sehol-e50a.webp,white,28,relative,webp,800
vehicle-sehol-a5,brand-sehol,思皓,A5,passenger_car,approved,true,owned_reviewed_asset,思皓,A5,,passed,/assets/used-cars/owner-presentation-v2/vehicle-sehol-a5.webp,/assets/used-cars/owner-presentation-v2/vehicle-sehol-a5.webp,white,28,relative,webp,800
vehicle-sehol-x4,brand-sehol,思皓,X4,passenger_car,approved,true,owned_reviewed_asset,思皓,X4,,passed,/assets/used-cars/owner-presentation-v2/vehicle-sehol-x4.webp,/assets/used-cars/owner-presentation-v2/vehicle-sehol-x4.webp,white,28,relative,webp,800
vehicle-sehol-x6,brand-sehol,思皓,X6,passenger_car,approved,true,owned_reviewed_asset,思皓,X6,,passed,/assets/used-cars/owner-presentation-v2/vehicle-sehol-x6.webp,/assets/used-cars/owner-presentation-v2/vehicle-sehol-x6.webp,white,28,relative,webp,800
vehicle-sehol-x8,brand-sehol,思皓,X8,passenger_car,approved,true,owned_reviewed_asset,思皓,X8,,passed,/assets/used-cars/owner-presentation-v2/vehicle-sehol-x8.webp,/assets/used-cars/owner-presentation-v2/vehicle-sehol-x8.webp,white,28,relative,webp,800
vehicle-sehol-x8plus,brand-sehol,思皓,X8 PLUS,passenger_car,approved,true,owned_reviewed_asset,思皓,X8 PLUS,,passed,/assets/used-cars/owner-presentation-v2/vehicle-sehol-x8plus.webp,/assets/used-cars/owner-presentation-v2/vehicle-sehol-x8plus.webp,white,28,relative,webp,800
vehicle-sehol-qx,brand-sehol,思皓,QX,passenger_car,approved,true,owned_reviewed_asset,思皓,QX,,passed,/assets/used-cars/owner-presentation-v2/vehicle-sehol-qx.webp,/assets/used-cars/owner-presentation-v2/vehicle-sehol-qx.webp,white,28,relative,webp,800
vehicle-sehol-yao,brand-sehol,思皓,曜,passenger_car,approved,true,owned_reviewed_asset,思皓,曜,,passed,/assets/used-cars/owner-presentation-v2/vehicle-sehol-yao.webp,/assets/used-cars/owner-presentation-v2/vehicle-sehol-yao.webp,white,28,relative,webp,800
vehicle-sehol-love,brand-sehol,思皓,爱跑,passenger_car,approved,true,owned_reviewed_asset,思皓,爱跑,,passed,/assets/used-cars/owner-presentation-v2/vehicle-sehol-love.webp,/assets/used-cars/owner-presentation-v2/vehicle-sehol-love.webp,white,28,relative,webp,800
vehicle-maxus-g10,brand-maxus,上汽大通,G10,passenger_car,approved,true,owned_reviewed_asset,上汽大通,G10,,passed,/assets/used-cars/owner-presentation-v2/vehicle-maxus-g10.webp,/assets/used-cars/owner-presentation-v2/vehicle-maxus-g10.webp,white,28,relative,webp,800
vehicle-maxus-g20,brand-maxus,上汽大通,G20,passenger_car,approved,true,owned_reviewed_asset,上汽大通,G20,,passed,/assets/used-cars/owner-presentation-v2/vehicle-maxus-g20.webp,/assets/used-cars/owner-presentation-v2/vehicle-maxus-g20.webp,white,28,relative,webp,800
vehicle-maxus-g50,brand-maxus,上汽大通,G50,passenger_car,approved,true,owned_reviewed_asset,上汽大通,G50,,passed,/assets/used-cars/owner-presentation-v2/vehicle-maxus-g50.webp,/assets/used-cars/owner-presentation-v2/vehicle-maxus-g50.webp,white,28,relative,webp,800
vehicle-maxus-g90,brand-maxus,上汽大通,G90,passenger_car,approved,true,owned_reviewed_asset,上汽大通,G90,,passed,/assets/used-cars/owner-presentation-v2/vehicle-maxus-g90.webp,/assets/used-cars/owner-presentation-v2/vehicle-maxus-g90.webp,white,28,relative,webp,800
vehicle-maxus-mifa5,brand-maxus,上汽大通,大家5,passenger_car,approved,true,owned_reviewed_asset,上汽大通,大家5,,passed,/assets/used-cars/owner-presentation-v2/vehicle-maxus-mifa5.webp,/assets/used-cars/owner-presentation-v2/vehicle-maxus-mifa5.webp,white,28,relative,webp,800
vehicle-maxus-mifa7,brand-maxus,上汽大通,大家7,passenger_car,approved,true,owned_reviewed_asset,上汽大通,大家7,,passed,/assets/used-cars/owner-presentation-v2/vehicle-maxus-mifa7.webp,/assets/used-cars/owner-presentation-v2/vehicle-maxus-mifa7.webp,white,28,relative,webp,800
vehicle-maxus-mifa9,brand-maxus,上汽大通,大家9,passenger_car,approved,true,owned_reviewed_asset,上汽大通,大家9,,passed,/assets/used-cars/owner-presentation-v2/vehicle-maxus-mifa9.webp,/assets/used-cars/owner-presentation-v2/vehicle-maxus-mifa9.webp,white,28,relative,webp,800
vehicle-maxus-d60,brand-maxus,上汽大通,D60,passenger_car,approved,true,owned_reviewed_asset,上汽大通,D60,,passed,/assets/used-cars/owner-presentation-v2/vehicle-maxus-d60.webp,/assets/used-cars/owner-presentation-v2/vehicle-maxus-d60.webp,white,28,relative,webp,800
vehicle-maxus-d90,brand-maxus,上汽大通,D90,passenger_car,approved,true,owned_reviewed_asset,上汽大通,D90,,passed,/assets/used-cars/owner-presentation-v2/vehicle-maxus-d90.webp,/assets/used-cars/owner-presentation-v2/vehicle-maxus-d90.webp,white,28,relative,webp,800
vehicle-maxus-d90pro,brand-maxus,上汽大通,D90 Pro,passenger_car,approved,true,owned_reviewed_asset,上汽大通,D90 Pro,,passed,/assets/used-cars/owner-presentation-v2/vehicle-maxus-d90pro.webp,/assets/used-cars/owner-presentation-v2/vehicle-maxus-d90pro.webp,white,28,relative,webp,800
vehicle-maxus-v70,brand-maxus,上汽大通,V70,passenger_car,approved,true,owned_reviewed_asset,上汽大通,V70,,passed,/assets/used-cars/owner-presentation-v2/vehicle-maxus-v70.webp,/assets/used-cars/owner-presentation-v2/vehicle-maxus-v70.webp,white,28,relative,webp,800
vehicle-maxus-v80,brand-maxus,上汽大通,V80,passenger_car,approved,true,owned_reviewed_asset,上汽大通,V80,,passed,/assets/used-cars/owner-presentation-v2/vehicle-maxus-v80.webp,/assets/used-cars/owner-presentation-v2/vehicle-maxus-v80.webp,white,28,relative,webp,800
vehicle-maxus-v90,brand-maxus,上汽大通,V90,passenger_car,approved,true,owned_reviewed_asset,上汽大通,V90,,passed,/assets/used-cars/owner-presentation-v2/vehicle-maxus-v90.webp,/assets/used-cars/owner-presentation-v2/vehicle-maxus-v90.webp,white,28,relative,webp,800
vehicle-maxus-t60,brand-maxus,上汽大通,T60,passenger_car,approved,true,owned_reviewed_asset,上汽大通,T60,,passed,/assets/used-cars/owner-presentation-v2/vehicle-maxus-t60.webp,/assets/used-cars/owner-presentation-v2/vehicle-maxus-t60.webp,white,28,relative,webp,800
vehicle-maxus-t70,brand-maxus,上汽大通,T70,passenger_car,approved,true,owned_reviewed_asset,上汽大通,T70,,passed,/assets/used-cars/owner-presentation-v2/vehicle-maxus-t70.webp,/assets/used-cars/owner-presentation-v2/vehicle-maxus-t70.webp,white,28,relative,webp,800
vehicle-maxus-t90,brand-maxus,上汽大通,T90,passenger_car,approved,true,owned_reviewed_asset,上汽大通,T90,,passed,/assets/used-cars/owner-presentation-v2/vehicle-maxus-t90.webp,/assets/used-cars/owner-presentation-v2/vehicle-maxus-t90.webp,white,28,relative,webp,800
vehicle-maxus-terron9,brand-maxus,上汽大通,星际,passenger_car,approved,true,owned_reviewed_asset,上汽大通,星际,,passed,/assets/used-cars/owner-presentation-v2/vehicle-maxus-terron9.webp,/assets/used-cars/owner-presentation-v2/vehicle-maxus-terron9.webp,white,28,relative,webp,800
vehicle-maxus-ev30,brand-maxus,上汽大通,EV30,passenger_car,approved,true,owned_reviewed_asset,上汽大通,EV30,,passed,/assets/used-cars/owner-presentation-v2/vehicle-maxus-ev30.webp,/assets/used-cars/owner-presentation-v2/vehicle-maxus-ev30.webp,white,28,relative,webp,800
vehicle-jmc-yuhu3,brand-jmc,江铃,域虎3,passenger_car,approved,true,owned_reviewed_asset,江铃,域虎3,,passed,/assets/used-cars/owner-presentation-v2/vehicle-jmc-yuhu3.webp,/assets/used-cars/owner-presentation-v2/vehicle-jmc-yuhu3.webp,white,28,relative,webp,800
vehicle-jmc-yuhu5,brand-jmc,江铃,域虎5,passenger_car,approved,true,owned_reviewed_asset,江铃,域虎5,,passed,/assets/used-cars/owner-presentation-v2/vehicle-jmc-yuhu5.webp,/assets/used-cars/owner-presentation-v2/vehicle-jmc-yuhu5.webp,white,28,relative,webp,800
vehicle-jmc-yuhu7,brand-jmc,江铃,域虎7,passenger_car,approved,true,owned_reviewed_asset,江铃,域虎7,,passed,/assets/used-cars/owner-presentation-v2/vehicle-jmc-yuhu7.webp,/assets/used-cars/owner-presentation-v2/vehicle-jmc-yuhu7.webp,white,28,relative,webp,800
vehicle-jmc-yuhu9,brand-jmc,江铃,域虎9,passenger_car,approved,true,owned_reviewed_asset,江铃,域虎9,,passed,/assets/used-cars/owner-presentation-v2/vehicle-jmc-yuhu9.webp,/assets/used-cars/owner-presentation-v2/vehicle-jmc-yuhu9.webp,white,28,relative,webp,800
vehicle-jmc-baodian,brand-jmc,江铃,宝典,passenger_car,approved,true,owned_reviewed_asset,江铃,宝典,,passed,/assets/used-cars/owner-presentation-v2/vehicle-jmc-baodian.webp,/assets/used-cars/owner-presentation-v2/vehicle-jmc-baodian.webp,white,28,relative,webp,800
vehicle-jmc-dadao,brand-jmc,江铃,大道,passenger_car,approved,true,owned_reviewed_asset,江铃,大道,,passed,/assets/used-cars/owner-presentation-v2/vehicle-jmc-dadao.webp,/assets/used-cars/owner-presentation-v2/vehicle-jmc-dadao.webp,white,28,relative,webp,800
vehicle-jmc-e100,brand-jmc,江铃,E100,passenger_car,approved,true,owned_reviewed_asset,江铃,E100,,passed,/assets/used-cars/owner-presentation-v2/vehicle-jmc-e100.webp,/assets/used-cars/owner-presentation-v2/vehicle-jmc-e100.webp,white,28,relative,webp,800
vehicle-jmc-e200,brand-jmc,江铃,E200,passenger_car,approved,true,owned_reviewed_asset,江铃,E200,,passed,/assets/used-cars/owner-presentation-v2/vehicle-jmc-e200.webp,/assets/used-cars/owner-presentation-v2/vehicle-jmc-e200.webp,white,28,relative,webp,800
vehicle-jmc-e300,brand-jmc,江铃,E300,passenger_car,approved,true,owned_reviewed_asset,江铃,E300,,passed,/assets/used-cars/owner-presentation-v2/vehicle-jmc-e300.webp,/assets/used-cars/owner-presentation-v2/vehicle-jmc-e300.webp,white,28,relative,webp,800
vehicle-jmev-ev3,brand-jmev,江铃集团新能源,易至EV3,passenger_car,approved,true,owned_reviewed_asset,江铃集团新能源,易至EV3,,passed,/assets/used-cars/owner-presentation-v2/vehicle-jmev-ev3.webp,/assets/used-cars/owner-presentation-v2/vehicle-jmev-ev3.webp,white,28,relative,webp,800
vehicle-jmev-ev2,brand-jmev,江铃集团新能源,易至EV2,passenger_car,approved,true,owned_reviewed_asset,江铃集团新能源,易至EV2,,passed,/assets/used-cars/owner-presentation-v2/vehicle-jmev-ev2.webp,/assets/used-cars/owner-presentation-v2/vehicle-jmev-ev2.webp,white,28,relative,webp,800
vehicle-jmev-gse,brand-jmev,江铃集团新能源,羿,passenger_car,approved,true,owned_reviewed_asset,江铃集团新能源,羿,,passed,/assets/used-cars/owner-presentation-v2/vehicle-jmev-gse.webp,/assets/used-cars/owner-presentation-v2/vehicle-jmev-gse.webp,white,28,relative,webp,800
vehicle-haima-family,brand-haima,海马,福美来,passenger_car,approved,true,owned_reviewed_asset,海马,福美来,,passed,/assets/used-cars/owner-presentation-v2/vehicle-haima-family.webp,/assets/used-cars/owner-presentation-v2/vehicle-haima-family.webp,white,28,relative,webp,800
vehicle-haima-s5,brand-haima,海马,S5,passenger_car,approved,true,owned_reviewed_asset,海马,S5,,passed,/assets/used-cars/owner-presentation-v2/vehicle-haima-s5.webp,/assets/used-cars/owner-presentation-v2/vehicle-haima-s5.webp,white,28,relative,webp,800
vehicle-haima-s7,brand-haima,海马,S7,passenger_car,approved,true,owned_reviewed_asset,海马,S7,,passed,/assets/used-cars/owner-presentation-v2/vehicle-haima-s7.webp,/assets/used-cars/owner-presentation-v2/vehicle-haima-s7.webp,white,28,relative,webp,800
vehicle-haima-m3,brand-haima,海马,M3,passenger_car,approved,true,owned_reviewed_asset,海马,M3,,passed,/assets/used-cars/owner-presentation-v2/vehicle-haima-m3.webp,/assets/used-cars/owner-presentation-v2/vehicle-haima-m3.webp,white,28,relative,webp,800
vehicle-haima-m5,brand-haima,海马,M5,passenger_car,approved,true,owned_reviewed_asset,海马,M5,,passed,/assets/used-cars/owner-presentation-v2/vehicle-haima-m5.webp,/assets/used-cars/owner-presentation-v2/vehicle-haima-m5.webp,white,28,relative,webp,800
vehicle-haima-m6,brand-haima,海马,M6,passenger_car,approved,true,owned_reviewed_asset,海马,M6,,passed,/assets/used-cars/owner-presentation-v2/vehicle-haima-m6.webp,/assets/used-cars/owner-presentation-v2/vehicle-haima-m6.webp,white,28,relative,webp,800
vehicle-haima-m8,brand-haima,海马,M8,passenger_car,approved,true,owned_reviewed_asset,海马,M8,,passed,/assets/used-cars/owner-presentation-v2/vehicle-haima-m8.webp,/assets/used-cars/owner-presentation-v2/vehicle-haima-m8.webp,white,28,relative,webp,800
vehicle-haima-7x,brand-haima,海马,7X,passenger_car,approved,true,owned_reviewed_asset,海马,7X,,passed,/assets/used-cars/owner-presentation-v2/vehicle-haima-7x.webp,/assets/used-cars/owner-presentation-v2/vehicle-haima-7x.webp,white,28,relative,webp,800
vehicle-haima-8s,brand-haima,海马,8S,passenger_car,approved,true,owned_reviewed_asset,海马,8S,,passed,/assets/used-cars/owner-presentation-v2/vehicle-haima-8s.webp,/assets/used-cars/owner-presentation-v2/vehicle-haima-8s.webp,white,28,relative,webp,800
vehicle-haima-s5young,brand-haima,海马,S5青春版,passenger_car,approved,true,owned_reviewed_asset,海马,S5青春版,,passed,/assets/used-cars/owner-presentation-v2/vehicle-haima-s5young.webp,/assets/used-cars/owner-presentation-v2/vehicle-haima-s5young.webp,white,28,relative,webp,800
vehicle-haima-cupid,brand-haima,海马,丘比特,passenger_car,approved,true,owned_reviewed_asset,海马,丘比特,,passed,/assets/used-cars/owner-presentation-v2/vehicle-haima-cupid.webp,/assets/used-cars/owner-presentation-v2/vehicle-haima-cupid.webp,white,28,relative,webp,800
vehicle-haima-prima,brand-haima,海马,普力马,passenger_car,approved,true,owned_reviewed_asset,海马,普力马,,passed,/assets/used-cars/owner-presentation-v2/vehicle-haima-prima.webp,/assets/used-cars/owner-presentation-v2/vehicle-haima-prima.webp,white,28,relative,webp,800
vehicle-haima-fstar,brand-haima,海马,福仕达,passenger_car,approved,true,owned_reviewed_asset,海马,福仕达,,passed,/assets/used-cars/owner-presentation-v2/vehicle-haima-fstar.webp,/assets/used-cars/owner-presentation-v2/vehicle-haima-fstar.webp,white,28,relative,webp,800
vehicle-haima-3,brand-haima,海马,海马3,passenger_car,approved,true,owned_reviewed_asset,海马,海马3,,passed,/assets/used-cars/owner-presentation-v2/vehicle-haima-3.webp,/assets/used-cars/owner-presentation-v2/vehicle-haima-3.webp,white,28,relative,webp,800
vehicle-soueast-v3,brand-soueast,东南,V3菱悦,passenger_car,approved,true,owned_reviewed_asset,东南,V3菱悦,,passed,/assets/used-cars/owner-presentation-v2/vehicle-soueast-v3.webp,/assets/used-cars/owner-presentation-v2/vehicle-soueast-v3.webp,white,28,relative,webp,800
vehicle-soueast-v5,brand-soueast,东南,V5菱致,passenger_car,approved,true,owned_reviewed_asset,东南,V5菱致,,passed,/assets/used-cars/owner-presentation-v2/vehicle-soueast-v5.webp,/assets/used-cars/owner-presentation-v2/vehicle-soueast-v5.webp,white,28,relative,webp,800
vehicle-soueast-v6,brand-soueast,东南,V6菱仕,passenger_car,approved,true,owned_reviewed_asset,东南,V6菱仕,,passed,/assets/used-cars/owner-presentation-v2/vehicle-soueast-v6.webp,/assets/used-cars/owner-presentation-v2/vehicle-soueast-v6.webp,white,28,relative,webp,800
vehicle-soueast-dx3,brand-soueast,东南,DX3,passenger_car,approved,true,owned_reviewed_asset,东南,DX3,,passed,/assets/used-cars/owner-presentation-v2/vehicle-soueast-dx3.webp,/assets/used-cars/owner-presentation-v2/vehicle-soueast-dx3.webp,white,28,relative,webp,800
vehicle-soueast-dx5,brand-soueast,东南,DX5,passenger_car,approved,true,owned_reviewed_asset,东南,DX5,,passed,/assets/used-cars/owner-presentation-v2/vehicle-soueast-dx5.webp,/assets/used-cars/owner-presentation-v2/vehicle-soueast-dx5.webp,white,28,relative,webp,800
vehicle-soueast-dx7,brand-soueast,东南,DX7,passenger_car,approved,true,owned_reviewed_asset,东南,DX7,,passed,/assets/used-cars/owner-presentation-v2/vehicle-soueast-dx7.webp,/assets/used-cars/owner-presentation-v2/vehicle-soueast-dx7.webp,white,28,relative,webp,800
vehicle-soueast-dx8,brand-soueast,东南,DX8,passenger_car,approved,true,owned_reviewed_asset,东南,DX8,,passed,/assets/used-cars/owner-presentation-v2/vehicle-soueast-dx8.webp,/assets/used-cars/owner-presentation-v2/vehicle-soueast-dx8.webp,white,28,relative,webp,800
vehicle-soueast-dx9,brand-soueast,东南,DX9,passenger_car,approved,true,owned_reviewed_asset,东南,DX9,,passed,/assets/used-cars/owner-presentation-v2/vehicle-soueast-dx9.webp,/assets/used-cars/owner-presentation-v2/vehicle-soueast-dx9.webp,white,28,relative,webp,800
vehicle-soueast-sovan,brand-soueast,东南,菱绅,passenger_car,approved,true,owned_reviewed_asset,东南,菱绅,,passed,/assets/used-cars/owner-presentation-v2/vehicle-soueast-sovan.webp,/assets/used-cars/owner-presentation-v2/vehicle-soueast-sovan.webp,white,28,relative,webp,800
vehicle-soueast-lioncel,brand-soueast,东南,菱帅,passenger_car,approved,true,owned_reviewed_asset,东南,菱帅,,passed,/assets/used-cars/owner-presentation-v2/vehicle-soueast-lioncel.webp,/assets/used-cars/owner-presentation-v2/vehicle-soueast-lioncel.webp,white,28,relative,webp,800
vehicle-soueast-delica,brand-soueast,东南,得利卡,passenger_car,approved,true,owned_reviewed_asset,东南,得利卡,,passed,/assets/used-cars/owner-presentation-v2/vehicle-soueast-delica.webp,/assets/used-cars/owner-presentation-v2/vehicle-soueast-delica.webp,white,28,relative,webp,800
vehicle-kaiyi-c3,brand-kaiyi,凯翼,C3,passenger_car,approved,true,owned_reviewed_asset,凯翼,C3,,passed,/assets/used-cars/owner-presentation-v2/vehicle-kaiyi-c3.webp,/assets/used-cars/owner-presentation-v2/vehicle-kaiyi-c3.webp,white,28,relative,webp,800
vehicle-kaiyi-c3r,brand-kaiyi,凯翼,C3R,passenger_car,approved,true,owned_reviewed_asset,凯翼,C3R,,passed,/assets/used-cars/owner-presentation-v2/vehicle-kaiyi-c3r.webp,/assets/used-cars/owner-presentation-v2/vehicle-kaiyi-c3r.webp,white,28,relative,webp,800
vehicle-kaiyi-x3,brand-kaiyi,凯翼,X3,passenger_car,approved,true,owned_reviewed_asset,凯翼,X3,,passed,/assets/used-cars/owner-presentation-v2/vehicle-kaiyi-x3.webp,/assets/used-cars/owner-presentation-v2/vehicle-kaiyi-x3.webp,white,28,relative,webp,800
vehicle-kaiyi-x5,brand-kaiyi,凯翼,X5,passenger_car,approved,true,owned_reviewed_asset,凯翼,X5,,passed,/assets/used-cars/owner-presentation-v2/vehicle-kaiyi-x5.webp,/assets/used-cars/owner-presentation-v2/vehicle-kaiyi-x5.webp,white,28,relative,webp,800
vehicle-kaiyi-xuanjie,brand-kaiyi,凯翼,炫界,passenger_car,approved,true,owned_reviewed_asset,凯翼,炫界,,passed,/assets/used-cars/owner-presentation-v2/vehicle-kaiyi-xuanjie.webp,/assets/used-cars/owner-presentation-v2/vehicle-kaiyi-xuanjie.webp,white,28,relative,webp,800
vehicle-kaiyi-xuanjie-pro,brand-kaiyi,凯翼,炫界Pro,passenger_car,approved,true,owned_reviewed_asset,凯翼,炫界Pro,,passed,/assets/used-cars/owner-presentation-v2/vehicle-kaiyi-xuanjie-pro.webp,/assets/used-cars/owner-presentation-v2/vehicle-kaiyi-xuanjie-pro.webp,white,28,relative,webp,800
vehicle-kaiyi-xuandu,brand-kaiyi,凯翼,轩度,passenger_car,approved,true,owned_reviewed_asset,凯翼,轩度,,passed,/assets/used-cars/owner-presentation-v2/vehicle-kaiyi-xuandu.webp,/assets/used-cars/owner-presentation-v2/vehicle-kaiyi-xuandu.webp,white,28,relative,webp,800
vehicle-kaiyi-kunlun,brand-kaiyi,凯翼,昆仑,passenger_car,approved,true,owned_reviewed_asset,凯翼,昆仑,,passed,/assets/used-cars/owner-presentation-v2/vehicle-kaiyi-kunlun.webp,/assets/used-cars/owner-presentation-v2/vehicle-kaiyi-kunlun.webp,white,28,relative,webp,800
vehicle-kaiyi-shiyue,brand-kaiyi,凯翼,拾月,passenger_car,approved,true,owned_reviewed_asset,凯翼,拾月,,passed,/assets/used-cars/owner-presentation-v2/vehicle-kaiyi-shiyue.webp,/assets/used-cars/owner-presentation-v2/vehicle-kaiyi-shiyue.webp,white,28,relative,webp,800
vehicle-qoros-3,brand-qoros,观致,观致3,passenger_car,approved,true,owned_reviewed_asset,观致,观致3,,passed,/assets/used-cars/owner-presentation-v2/vehicle-qoros-3.webp,/assets/used-cars/owner-presentation-v2/vehicle-qoros-3.webp,white,28,relative,webp,800
vehicle-qoros-5,brand-qoros,观致,观致5,passenger_car,approved,true,owned_reviewed_asset,观致,观致5,,passed,/assets/used-cars/owner-presentation-v2/vehicle-qoros-5.webp,/assets/used-cars/owner-presentation-v2/vehicle-qoros-5.webp,white,28,relative,webp,800
vehicle-qoros-7,brand-qoros,观致,观致7,passenger_car,approved,true,owned_reviewed_asset,观致,观致7,,passed,/assets/used-cars/owner-presentation-v2/vehicle-qoros-7.webp,/assets/used-cars/owner-presentation-v2/vehicle-qoros-7.webp,white,28,relative,webp,800
vehicle-zotye-t200,brand-zotye,众泰,T200,passenger_car,approved,true,owned_reviewed_asset,众泰,T200,,passed,/assets/used-cars/owner-presentation-v2/vehicle-zotye-t200.webp,/assets/used-cars/owner-presentation-v2/vehicle-zotye-t200.webp,white,28,relative,webp,800
vehicle-zotye-t300,brand-zotye,众泰,T300,passenger_car,approved,true,owned_reviewed_asset,众泰,T300,,passed,/assets/used-cars/owner-presentation-v2/vehicle-zotye-t300.webp,/assets/used-cars/owner-presentation-v2/vehicle-zotye-t300.webp,white,28,relative,webp,800
vehicle-zotye-t500,brand-zotye,众泰,T500,passenger_car,approved,true,owned_reviewed_asset,众泰,T500,,passed,/assets/used-cars/owner-presentation-v2/vehicle-zotye-t500.webp,/assets/used-cars/owner-presentation-v2/vehicle-zotye-t500.webp,white,28,relative,webp,800
vehicle-zotye-t600,brand-zotye,众泰,T600,passenger_car,approved,true,owned_reviewed_asset,众泰,T600,,passed,/assets/used-cars/owner-presentation-v2/vehicle-zotye-t600.webp,/assets/used-cars/owner-presentation-v2/vehicle-zotye-t600.webp,white,28,relative,webp,800
vehicle-zotye-t700,brand-zotye,众泰,T700,passenger_car,approved,true,owned_reviewed_asset,众泰,T700,,passed,/assets/used-cars/owner-presentation-v2/vehicle-zotye-t700.webp,/assets/used-cars/owner-presentation-v2/vehicle-zotye-t700.webp,white,28,relative,webp,800
vehicle-zotye-t800,brand-zotye,众泰,T800,passenger_car,approved,true,owned_reviewed_asset,众泰,T800,,passed,/assets/used-cars/owner-presentation-v2/vehicle-zotye-t800.webp,/assets/used-cars/owner-presentation-v2/vehicle-zotye-t800.webp,white,28,relative,webp,800
vehicle-zotye-z100,brand-zotye,众泰,Z100,passenger_car,approved,true,owned_reviewed_asset,众泰,Z100,,passed,/assets/used-cars/owner-presentation-v2/vehicle-zotye-z100.webp,/assets/used-cars/owner-presentation-v2/vehicle-zotye-z100.webp,white,28,relative,webp,800
vehicle-zotye-z200,brand-zotye,众泰,Z200,passenger_car,approved,true,owned_reviewed_asset,众泰,Z200,,passed,/assets/used-cars/owner-presentation-v2/vehicle-zotye-z200.webp,/assets/used-cars/owner-presentation-v2/vehicle-zotye-z200.webp,white,28,relative,webp,800
vehicle-zotye-z300,brand-zotye,众泰,Z300,passenger_car,approved,true,owned_reviewed_asset,众泰,Z300,,passed,/assets/used-cars/owner-presentation-v2/vehicle-zotye-z300.webp,/assets/used-cars/owner-presentation-v2/vehicle-zotye-z300.webp,white,28,relative,webp,800
vehicle-zotye-z500,brand-zotye,众泰,Z500,passenger_car,approved,true,owned_reviewed_asset,众泰,Z500,,passed,/assets/used-cars/owner-presentation-v2/vehicle-zotye-z500.webp,/assets/used-cars/owner-presentation-v2/vehicle-zotye-z500.webp,white,28,relative,webp,800
vehicle-zotye-z700,brand-zotye,众泰,Z700,passenger_car,approved,true,owned_reviewed_asset,众泰,Z700,,passed,/assets/used-cars/owner-presentation-v2/vehicle-zotye-z700.webp,/assets/used-cars/owner-presentation-v2/vehicle-zotye-z700.webp,white,28,relative,webp,800
vehicle-zotye-sr7,brand-zotye,众泰,SR7,passenger_car,approved,true,owned_reviewed_asset,众泰,SR7,,passed,/assets/used-cars/owner-presentation-v2/vehicle-zotye-sr7.webp,/assets/used-cars/owner-presentation-v2/vehicle-zotye-sr7.webp,white,28,relative,webp,800
vehicle-zotye-sr9,brand-zotye,众泰,SR9,passenger_car,approved,true,owned_reviewed_asset,众泰,SR9,,passed,/assets/used-cars/owner-presentation-v2/vehicle-zotye-sr9.webp,/assets/used-cars/owner-presentation-v2/vehicle-zotye-sr9.webp,white,28,relative,webp,800
vehicle-zotye-e200,brand-zotye,众泰,E200,passenger_car,approved,true,owned_reviewed_asset,众泰,E200,,passed,/assets/used-cars/owner-presentation-v2/vehicle-zotye-e200.webp,/assets/used-cars/owner-presentation-v2/vehicle-zotye-e200.webp,white,28,relative,webp,800
vehicle-zotye-yun100,brand-zotye,众泰,云100,passenger_car,approved,true,owned_reviewed_asset,众泰,云100,,passed,/assets/used-cars/owner-presentation-v2/vehicle-zotye-yun100.webp,/assets/used-cars/owner-presentation-v2/vehicle-zotye-yun100.webp,white,28,relative,webp,800
vehicle-zotye-damai-x5,brand-zotye,众泰,大迈X5,passenger_car,approved,true,owned_reviewed_asset,众泰,大迈X5,,passed,/assets/used-cars/owner-presentation-v2/vehicle-zotye-damai-x5.webp,/assets/used-cars/owner-presentation-v2/vehicle-zotye-damai-x5.webp,white,28,relative,webp,800
vehicle-zotye-damai-x7,brand-zotye,众泰,大迈X7,passenger_car,approved,true,owned_reviewed_asset,众泰,大迈X7,,passed,/assets/used-cars/owner-presentation-v2/vehicle-zotye-damai-x7.webp,/assets/used-cars/owner-presentation-v2/vehicle-zotye-damai-x7.webp,white,28,relative,webp,800
vehicle-lifan-320,brand-lifan,力帆,320,passenger_car,approved,true,owned_reviewed_asset,力帆,320,,passed,/assets/used-cars/owner-presentation-v2/vehicle-lifan-320.webp,/assets/used-cars/owner-presentation-v2/vehicle-lifan-320.webp,white,28,relative,webp,800
vehicle-lifan-330,brand-lifan,力帆,330,passenger_car,approved,true,owned_reviewed_asset,力帆,330,,passed,/assets/used-cars/owner-presentation-v2/vehicle-lifan-330.webp,/assets/used-cars/owner-presentation-v2/vehicle-lifan-330.webp,white,28,relative,webp,800
vehicle-lifan-520,brand-lifan,力帆,520,passenger_car,approved,true,owned_reviewed_asset,力帆,520,,passed,/assets/used-cars/owner-presentation-v2/vehicle-lifan-520.webp,/assets/used-cars/owner-presentation-v2/vehicle-lifan-520.webp,white,28,relative,webp,800
vehicle-lifan-530,brand-lifan,力帆,530,passenger_car,approved,true,owned_reviewed_asset,力帆,530,,passed,/assets/used-cars/owner-presentation-v2/vehicle-lifan-530.webp,/assets/used-cars/owner-presentation-v2/vehicle-lifan-530.webp,white,28,relative,webp,800
vehicle-lifan-620,brand-lifan,力帆,620,passenger_car,approved,true,owned_reviewed_asset,力帆,620,,passed,/assets/used-cars/owner-presentation-v2/vehicle-lifan-620.webp,/assets/used-cars/owner-presentation-v2/vehicle-lifan-620.webp,white,28,relative,webp,800
vehicle-lifan-630,brand-lifan,力帆,630,passenger_car,approved,true,owned_reviewed_asset,力帆,630,,passed,/assets/used-cars/owner-presentation-v2/vehicle-lifan-630.webp,/assets/used-cars/owner-presentation-v2/vehicle-lifan-630.webp,white,28,relative,webp,800
vehicle-lifan-650,brand-lifan,力帆,650,passenger_car,approved,true,owned_reviewed_asset,力帆,650,,passed,/assets/used-cars/owner-presentation-v2/vehicle-lifan-650.webp,/assets/used-cars/owner-presentation-v2/vehicle-lifan-650.webp,white,28,relative,webp,800
vehicle-lifan-720,brand-lifan,力帆,720,passenger_car,approved,true,owned_reviewed_asset,力帆,720,,passed,/assets/used-cars/owner-presentation-v2/vehicle-lifan-720.webp,/assets/used-cars/owner-presentation-v2/vehicle-lifan-720.webp,white,28,relative,webp,800
vehicle-lifan-820,brand-lifan,力帆,820,passenger_car,approved,true,owned_reviewed_asset,力帆,820,,passed,/assets/used-cars/owner-presentation-v2/vehicle-lifan-820.webp,/assets/used-cars/owner-presentation-v2/vehicle-lifan-820.webp,white,28,relative,webp,800
vehicle-lifan-x50,brand-lifan,力帆,X50,passenger_car,approved,true,owned_reviewed_asset,力帆,X50,,passed,/assets/used-cars/owner-presentation-v2/vehicle-lifan-x50.webp,/assets/used-cars/owner-presentation-v2/vehicle-lifan-x50.webp,white,28,relative,webp,800
vehicle-lifan-x60,brand-lifan,力帆,X60,passenger_car,approved,true,owned_reviewed_asset,力帆,X60,,passed,/assets/used-cars/owner-presentation-v2/vehicle-lifan-x60.webp,/assets/used-cars/owner-presentation-v2/vehicle-lifan-x60.webp,white,28,relative,webp,800
vehicle-lifan-x70,brand-lifan,力帆,X70,passenger_car,approved,true,owned_reviewed_asset,力帆,X70,,passed,/assets/used-cars/owner-presentation-v2/vehicle-lifan-x70.webp,/assets/used-cars/owner-presentation-v2/vehicle-lifan-x70.webp,white,28,relative,webp,800
vehicle-lifan-maiwei,brand-lifan,力帆,迈威,passenger_car,approved,true,owned_reviewed_asset,力帆,迈威,,passed,/assets/used-cars/owner-presentation-v2/vehicle-lifan-maiwei.webp,/assets/used-cars/owner-presentation-v2/vehicle-lifan-maiwei.webp,white,28,relative,webp,800
vehicle-lifan-xuanlang,brand-lifan,力帆,轩朗,passenger_car,approved,true,owned_reviewed_asset,力帆,轩朗,,passed,/assets/used-cars/owner-presentation-v2/vehicle-lifan-xuanlang.webp,/assets/used-cars/owner-presentation-v2/vehicle-lifan-xuanlang.webp,white,28,relative,webp,800
vehicle-lifan-letu,brand-lifan,力帆,乐途,passenger_car,approved,true,owned_reviewed_asset,力帆,乐途,,passed,/assets/used-cars/owner-presentation-v2/vehicle-lifan-letu.webp,/assets/used-cars/owner-presentation-v2/vehicle-lifan-letu.webp,white,28,relative,webp,800
vehicle-brilliance-h220,brand-brilliance,中华,H220,passenger_car,approved,true,owned_reviewed_asset,中华,H220,,passed,/assets/used-cars/owner-presentation-v2/vehicle-brilliance-h220.webp,/assets/used-cars/owner-presentation-v2/vehicle-brilliance-h220.webp,white,28,relative,webp,800
vehicle-brilliance-h230,brand-brilliance,中华,H230,passenger_car,approved,true,owned_reviewed_asset,中华,H230,,passed,/assets/used-cars/owner-presentation-v2/vehicle-brilliance-h230.webp,/assets/used-cars/owner-presentation-v2/vehicle-brilliance-h230.webp,white,28,relative,webp,800
vehicle-brilliance-h320,brand-brilliance,中华,H320,passenger_car,approved,true,owned_reviewed_asset,中华,H320,,passed,/assets/used-cars/owner-presentation-v2/vehicle-brilliance-h320.webp,/assets/used-cars/owner-presentation-v2/vehicle-brilliance-h320.webp,white,28,relative,webp,800
vehicle-brilliance-h330,brand-brilliance,中华,H330,passenger_car,approved,true,owned_reviewed_asset,中华,H330,,passed,/assets/used-cars/owner-presentation-v2/vehicle-brilliance-h330.webp,/assets/used-cars/owner-presentation-v2/vehicle-brilliance-h330.webp,white,28,relative,webp,800
vehicle-brilliance-h530,brand-brilliance,中华,H530,passenger_car,approved,true,owned_reviewed_asset,中华,H530,,passed,/assets/used-cars/owner-presentation-v2/vehicle-brilliance-h530.webp,/assets/used-cars/owner-presentation-v2/vehicle-brilliance-h530.webp,white,28,relative,webp,800
vehicle-brilliance-v3,brand-brilliance,中华,V3,passenger_car,approved,true,owned_reviewed_asset,中华,V3,,passed,/assets/used-cars/owner-presentation-v2/vehicle-brilliance-v3.webp,/assets/used-cars/owner-presentation-v2/vehicle-brilliance-v3.webp,white,28,relative,webp,800
vehicle-brilliance-v5,brand-brilliance,中华,V5,passenger_car,approved,true,owned_reviewed_asset,中华,V5,,passed,/assets/used-cars/owner-presentation-v2/vehicle-brilliance-v5.webp,/assets/used-cars/owner-presentation-v2/vehicle-brilliance-v5.webp,white,28,relative,webp,800
vehicle-brilliance-v6,brand-brilliance,中华,V6,passenger_car,approved,true,owned_reviewed_asset,中华,V6,,passed,/assets/used-cars/owner-presentation-v2/vehicle-brilliance-v6.webp,/assets/used-cars/owner-presentation-v2/vehicle-brilliance-v6.webp,white,28,relative,webp,800
vehicle-brilliance-v7,brand-brilliance,中华,V7,passenger_car,approved,true,owned_reviewed_asset,中华,V7,,passed,/assets/used-cars/owner-presentation-v2/vehicle-brilliance-v7.webp,/assets/used-cars/owner-presentation-v2/vehicle-brilliance-v7.webp,white,28,relative,webp,800
vehicle-brilliance-junjie,brand-brilliance,中华,骏捷,passenger_car,approved,true,owned_reviewed_asset,中华,骏捷,,passed,/assets/used-cars/owner-presentation-v2/vehicle-brilliance-junjie.webp,/assets/used-cars/owner-presentation-v2/vehicle-brilliance-junjie.webp,white,28,relative,webp,800
vehicle-brilliance-zunchi,brand-brilliance,中华,尊驰,passenger_car,approved,true,owned_reviewed_asset,中华,尊驰,,passed,/assets/used-cars/owner-presentation-v2/vehicle-brilliance-zunchi.webp,/assets/used-cars/owner-presentation-v2/vehicle-brilliance-zunchi.webp,white,28,relative,webp,800
vehicle-brilliance-kubao,brand-brilliance,中华,酷宝,passenger_car,approved,true,owned_reviewed_asset,中华,酷宝,,passed,/assets/used-cars/owner-presentation-v2/vehicle-brilliance-kubao.webp,/assets/used-cars/owner-presentation-v2/vehicle-brilliance-kubao.webp,white,28,relative,webp,800
vehicle-swm-x3,brand-swm,斯威,X3,passenger_car,approved,true,owned_reviewed_asset,斯威,X3,,passed,/assets/used-cars/owner-presentation-v2/vehicle-swm-x3.webp,/assets/used-cars/owner-presentation-v2/vehicle-swm-x3.webp,white,28,relative,webp,800
vehicle-swm-x7,brand-swm,斯威,X7,passenger_car,approved,true,owned_reviewed_asset,斯威,X7,,passed,/assets/used-cars/owner-presentation-v2/vehicle-swm-x7.webp,/assets/used-cars/owner-presentation-v2/vehicle-swm-x7.webp,white,28,relative,webp,800
vehicle-swm-g01,brand-swm,斯威,G01,passenger_car,approved,true,owned_reviewed_asset,斯威,G01,,passed,/assets/used-cars/owner-presentation-v2/vehicle-swm-g01.webp,/assets/used-cars/owner-presentation-v2/vehicle-swm-g01.webp,white,28,relative,webp,800
vehicle-swm-g05,brand-swm,斯威,G05,passenger_car,approved,true,owned_reviewed_asset,斯威,G05,,passed,/assets/used-cars/owner-presentation-v2/vehicle-swm-g05.webp,/assets/used-cars/owner-presentation-v2/vehicle-swm-g05.webp,white,28,relative,webp,800
vehicle-swm-g01f,brand-swm,斯威,G01 F,passenger_car,approved,true,owned_reviewed_asset,斯威,G01 F,,passed,/assets/used-cars/owner-presentation-v2/vehicle-swm-g01f.webp,/assets/used-cars/owner-presentation-v2/vehicle-swm-g01f.webp,white,28,relative,webp,800
vehicle-swm-dahu,brand-swm,斯威,大虎,passenger_car,approved,true,owned_reviewed_asset,斯威,大虎,,passed,/assets/used-cars/owner-presentation-v2/vehicle-swm-dahu.webp,/assets/used-cars/owner-presentation-v2/vehicle-swm-dahu.webp,white,28,relative,webp,800
vehicle-jinbei-haise,brand-jinbei,金杯,海狮,passenger_car,approved,true,owned_reviewed_asset,金杯,海狮,,passed,/assets/used-cars/owner-presentation-v2/vehicle-jinbei-haise.webp,/assets/used-cars/owner-presentation-v2/vehicle-jinbei-haise.webp,white,28,relative,webp,800
vehicle-jinbei-haise-x30,brand-jinbei,金杯,小海狮X30,passenger_car,approved,true,owned_reviewed_asset,金杯,小海狮X30,,passed,/assets/used-cars/owner-presentation-v2/vehicle-jinbei-haise-x30.webp,/assets/used-cars/owner-presentation-v2/vehicle-jinbei-haise-x30.webp,white,28,relative,webp,800
vehicle-jinbei-haise-x30l,brand-jinbei,金杯,海狮X30L,passenger_car,approved,true,owned_reviewed_asset,金杯,海狮X30L,,passed,/assets/used-cars/owner-presentation-v2/vehicle-jinbei-haise-x30l.webp,/assets/used-cars/owner-presentation-v2/vehicle-jinbei-haise-x30l.webp,white,28,relative,webp,800
vehicle-jinbei-haise-king,brand-jinbei,金杯,海狮王,passenger_car,approved,true,owned_reviewed_asset,金杯,海狮王,,passed,/assets/used-cars/owner-presentation-v2/vehicle-jinbei-haise-king.webp,/assets/used-cars/owner-presentation-v2/vehicle-jinbei-haise-king.webp,white,28,relative,webp,800
vehicle-jinbei-750,brand-jinbei,金杯,金杯750,passenger_car,approved,true,owned_reviewed_asset,金杯,金杯750,,passed,/assets/used-cars/owner-presentation-v2/vehicle-jinbei-750.webp,/assets/used-cars/owner-presentation-v2/vehicle-jinbei-750.webp,white,28,relative,webp,800
vehicle-foton-tunland,brand-foton,福田,拓陆者,passenger_car,approved,true,owned_reviewed_asset,福田,拓陆者,,passed,/assets/used-cars/owner-presentation-v2/vehicle-foton-tunland.webp,/assets/used-cars/owner-presentation-v2/vehicle-foton-tunland.webp,white,28,relative,webp,800
vehicle-foton-general,brand-foton,福田,大将军,passenger_car,approved,true,owned_reviewed_asset,福田,大将军,,passed,/assets/used-cars/owner-presentation-v2/vehicle-foton-general.webp,/assets/used-cars/owner-presentation-v2/vehicle-foton-general.webp,white,28,relative,webp,800
vehicle-foton-mars7,brand-foton,福田,火星7,passenger_car,approved,true,owned_reviewed_asset,福田,火星7,,passed,/assets/used-cars/owner-presentation-v2/vehicle-foton-mars7.webp,/assets/used-cars/owner-presentation-v2/vehicle-foton-mars7.webp,white,28,relative,webp,800
vehicle-foton-mars9,brand-foton,福田,火星9,passenger_car,approved,true,owned_reviewed_asset,福田,火星9,,passed,/assets/used-cars/owner-presentation-v2/vehicle-foton-mars9.webp,/assets/used-cars/owner-presentation-v2/vehicle-foton-mars9.webp,white,28,relative,webp,800
vehicle-foton-view,brand-foton,福田,风景,passenger_car,approved,true,owned_reviewed_asset,福田,风景,,passed,/assets/used-cars/owner-presentation-v2/vehicle-foton-view.webp,/assets/used-cars/owner-presentation-v2/vehicle-foton-view.webp,white,28,relative,webp,800
vehicle-foton-view-g7,brand-foton,福田,风景G7,passenger_car,approved,true,owned_reviewed_asset,福田,风景G7,,passed,/assets/used-cars/owner-presentation-v2/vehicle-foton-view-g7.webp,/assets/used-cars/owner-presentation-v2/vehicle-foton-view-g7.webp,white,28,relative,webp,800
vehicle-foton-view-g9,brand-foton,福田,风景G9,passenger_car,approved,true,owned_reviewed_asset,福田,风景G9,,passed,/assets/used-cars/owner-presentation-v2/vehicle-foton-view-g9.webp,/assets/used-cars/owner-presentation-v2/vehicle-foton-view-g9.webp,white,28,relative,webp,800
vehicle-foton-toano,brand-foton,福田,图雅诺,passenger_car,approved,true,owned_reviewed_asset,福田,图雅诺,,passed,/assets/used-cars/owner-presentation-v2/vehicle-foton-toano.webp,/assets/used-cars/owner-presentation-v2/vehicle-foton-toano.webp,white,28,relative,webp,800
vehicle-foton-sauvana,brand-foton,福田,萨瓦纳,passenger_car,approved,true,owned_reviewed_asset,福田,萨瓦纳,,passed,/assets/used-cars/owner-presentation-v2/vehicle-foton-sauvana.webp,/assets/used-cars/owner-presentation-v2/vehicle-foton-sauvana.webp,white,28,relative,webp,800
vehicle-foton-midi,brand-foton,福田,迷迪,passenger_car,approved,true,owned_reviewed_asset,福田,迷迪,,passed,/assets/used-cars/owner-presentation-v2/vehicle-foton-midi.webp,/assets/used-cars/owner-presentation-v2/vehicle-foton-midi.webp,white,28,relative,webp,800
vehicle-leopard-cs6,brand-leopard,猎豹,CS6,passenger_car,approved,true,owned_reviewed_asset,猎豹,CS6,,passed,/assets/used-cars/owner-presentation-v2/vehicle-leopard-cs6.webp,/assets/used-cars/owner-presentation-v2/vehicle-leopard-cs6.webp,white,28,relative,webp,800
vehicle-leopard-cs7,brand-leopard,猎豹,CS7,passenger_car,approved,true,owned_reviewed_asset,猎豹,CS7,,passed,/assets/used-cars/owner-presentation-v2/vehicle-leopard-cs7.webp,/assets/used-cars/owner-presentation-v2/vehicle-leopard-cs7.webp,white,28,relative,webp,800
vehicle-leopard-cs9,brand-leopard,猎豹,CS9,passenger_car,approved,true,owned_reviewed_asset,猎豹,CS9,,passed,/assets/used-cars/owner-presentation-v2/vehicle-leopard-cs9.webp,/assets/used-cars/owner-presentation-v2/vehicle-leopard-cs9.webp,white,28,relative,webp,800
vehicle-leopard-cs10,brand-leopard,猎豹,CS10,passenger_car,approved,true,owned_reviewed_asset,猎豹,CS10,,passed,/assets/used-cars/owner-presentation-v2/vehicle-leopard-cs10.webp,/assets/used-cars/owner-presentation-v2/vehicle-leopard-cs10.webp,white,28,relative,webp,800
vehicle-leopard-q6,brand-leopard,猎豹,Q6,passenger_car,approved,true,owned_reviewed_asset,猎豹,Q6,,passed,/assets/used-cars/owner-presentation-v2/vehicle-leopard-q6.webp,/assets/used-cars/owner-presentation-v2/vehicle-leopard-q6.webp,white,28,relative,webp,800
vehicle-leopard-mattu,brand-leopard,猎豹,迈途,passenger_car,approved,true,owned_reviewed_asset,猎豹,迈途,,passed,/assets/used-cars/owner-presentation-v2/vehicle-leopard-mattu.webp,/assets/used-cars/owner-presentation-v2/vehicle-leopard-mattu.webp,white,28,relative,webp,800
vehicle-leopard-blackking,brand-leopard,猎豹,黑金刚,passenger_car,approved,true,owned_reviewed_asset,猎豹,黑金刚,,passed,/assets/used-cars/owner-presentation-v2/vehicle-leopard-blackking.webp,/assets/used-cars/owner-presentation-v2/vehicle-leopard-blackking.webp,white,28,relative,webp,800
vehicle-leopard-flying,brand-leopard,猎豹,飞腾,passenger_car,approved,true,owned_reviewed_asset,猎豹,飞腾,,passed,/assets/used-cars/owner-presentation-v2/vehicle-leopard-flying.webp,/assets/used-cars/owner-presentation-v2/vehicle-leopard-flying.webp,white,28,relative,webp,800
vehicle-ds-3,brand-ds,DS,DS 3,passenger_car,approved,true,owned_reviewed_asset,DS,DS 3,,passed,/assets/used-cars/owner-presentation-v2/vehicle-ds-3.webp,/assets/used-cars/owner-presentation-v2/vehicle-ds-3.webp,white,28,relative,webp,800
vehicle-ds-4,brand-ds,DS,DS 4,passenger_car,approved,true,owned_reviewed_asset,DS,DS 4,,passed,/assets/used-cars/owner-presentation-v2/vehicle-ds-4.webp,/assets/used-cars/owner-presentation-v2/vehicle-ds-4.webp,white,28,relative,webp,800
vehicle-ds-4s,brand-ds,DS,DS 4S,passenger_car,approved,true,owned_reviewed_asset,DS,DS 4S,,passed,/assets/used-cars/owner-presentation-v2/vehicle-ds-4s.webp,/assets/used-cars/owner-presentation-v2/vehicle-ds-4s.webp,white,28,relative,webp,800
vehicle-ds-5,brand-ds,DS,DS 5,passenger_car,approved,true,owned_reviewed_asset,DS,DS 5,,passed,/assets/used-cars/owner-presentation-v2/vehicle-ds-5.webp,/assets/used-cars/owner-presentation-v2/vehicle-ds-5.webp,white,28,relative,webp,800
vehicle-ds-5ls,brand-ds,DS,DS 5LS,passenger_car,approved,true,owned_reviewed_asset,DS,DS 5LS,,passed,/assets/used-cars/owner-presentation-v2/vehicle-ds-5ls.webp,/assets/used-cars/owner-presentation-v2/vehicle-ds-5ls.webp,white,28,relative,webp,800
vehicle-ds-6,brand-ds,DS,DS 6,passenger_car,approved,true,owned_reviewed_asset,DS,DS 6,,passed,/assets/used-cars/owner-presentation-v2/vehicle-ds-6.webp,/assets/used-cars/owner-presentation-v2/vehicle-ds-6.webp,white,28,relative,webp,800
vehicle-ds-7,brand-ds,DS,DS 7,passenger_car,approved,true,owned_reviewed_asset,DS,DS 7,,passed,/assets/used-cars/owner-presentation-v2/vehicle-ds-7.webp,/assets/used-cars/owner-presentation-v2/vehicle-ds-7.webp,white,28,relative,webp,800
vehicle-ds-9,brand-ds,DS,DS 9,passenger_car,approved,true,owned_reviewed_asset,DS,DS 9,,passed,/assets/used-cars/owner-presentation-v2/vehicle-ds-9.webp,/assets/used-cars/owner-presentation-v2/vehicle-ds-9.webp,white,28,relative,webp,800
vehicle-genesis-g70,brand-genesis,捷尼赛思,G70,passenger_car,approved,true,owned_reviewed_asset,捷尼赛思,G70,,passed,/assets/used-cars/owner-presentation-v2/vehicle-genesis-g70.webp,/assets/used-cars/owner-presentation-v2/vehicle-genesis-g70.webp,white,28,relative,webp,800
vehicle-genesis-g80,brand-genesis,捷尼赛思,G80,passenger_car,approved,true,owned_reviewed_asset,捷尼赛思,G80,,passed,/assets/used-cars/owner-presentation-v2/vehicle-genesis-g80.webp,/assets/used-cars/owner-presentation-v2/vehicle-genesis-g80.webp,white,28,relative,webp,800
vehicle-genesis-g90,brand-genesis,捷尼赛思,G90,passenger_car,approved,true,owned_reviewed_asset,捷尼赛思,G90,,passed,/assets/used-cars/owner-presentation-v2/vehicle-genesis-g90.webp,/assets/used-cars/owner-presentation-v2/vehicle-genesis-g90.webp,white,28,relative,webp,800
vehicle-genesis-gv60,brand-genesis,捷尼赛思,GV60,passenger_car,approved,true,owned_reviewed_asset,捷尼赛思,GV60,,passed,/assets/used-cars/owner-presentation-v2/vehicle-genesis-gv60.webp,/assets/used-cars/owner-presentation-v2/vehicle-genesis-gv60.webp,white,28,relative,webp,800
vehicle-genesis-gv70,brand-genesis,捷尼赛思,GV70,passenger_car,approved,true,owned_reviewed_asset,捷尼赛思,GV70,,passed,/assets/used-cars/owner-presentation-v2/vehicle-genesis-gv70.webp,/assets/used-cars/owner-presentation-v2/vehicle-genesis-gv70.webp,white,28,relative,webp,800
vehicle-genesis-gv80,brand-genesis,捷尼赛思,GV80,passenger_car,approved,true,owned_reviewed_asset,捷尼赛思,GV80,,passed,/assets/used-cars/owner-presentation-v2/vehicle-genesis-gv80.webp,/assets/used-cars/owner-presentation-v2/vehicle-genesis-gv80.webp,white,28,relative,webp,800
vehicle-polestar-1,brand-polestar,极星,Polestar 1,passenger_car,approved,true,owned_reviewed_asset,极星,Polestar 1,,passed,/assets/used-cars/owner-presentation-v2/vehicle-polestar-1.webp,/assets/used-cars/owner-presentation-v2/vehicle-polestar-1.webp,white,28,relative,webp,800
vehicle-polestar-2,brand-polestar,极星,Polestar 2,passenger_car,approved,true,owned_reviewed_asset,极星,Polestar 2,,passed,/assets/used-cars/owner-presentation-v2/vehicle-polestar-2.webp,/assets/used-cars/owner-presentation-v2/vehicle-polestar-2.webp,white,28,relative,webp,800
vehicle-polestar-3,brand-polestar,极星,Polestar 3,passenger_car,approved,true,owned_reviewed_asset,极星,Polestar 3,,passed,/assets/used-cars/owner-presentation-v2/vehicle-polestar-3.webp,/assets/used-cars/owner-presentation-v2/vehicle-polestar-3.webp,white,28,relative,webp,800
vehicle-polestar-4,brand-polestar,极星,Polestar 4,passenger_car,approved,true,owned_reviewed_asset,极星,Polestar 4,,passed,/assets/used-cars/owner-presentation-v2/vehicle-polestar-4.webp,/assets/used-cars/owner-presentation-v2/vehicle-polestar-4.webp,white,28,relative,webp,800
vehicle-lotus-eletre,brand-lotus,路特斯,ELETRE,passenger_car,approved,true,owned_reviewed_asset,路特斯,ELETRE,,passed,/assets/used-cars/owner-presentation-v2/vehicle-lotus-eletre.webp,/assets/used-cars/owner-presentation-v2/vehicle-lotus-eletre.webp,white,28,relative,webp,800
vehicle-lotus-emeya,brand-lotus,路特斯,EMEYA,passenger_car,approved,true,owned_reviewed_asset,路特斯,EMEYA,,passed,/assets/used-cars/owner-presentation-v2/vehicle-lotus-emeya.webp,/assets/used-cars/owner-presentation-v2/vehicle-lotus-emeya.webp,white,28,relative,webp,800
vehicle-lotus-emira,brand-lotus,路特斯,EMIRA,passenger_car,approved,true,owned_reviewed_asset,路特斯,EMIRA,,passed,/assets/used-cars/owner-presentation-v2/vehicle-lotus-emira.webp,/assets/used-cars/owner-presentation-v2/vehicle-lotus-emira.webp,white,28,relative,webp,800
vehicle-lotus-evora,brand-lotus,路特斯,Evora,passenger_car,approved,true,owned_reviewed_asset,路特斯,Evora,,passed,/assets/used-cars/owner-presentation-v2/vehicle-lotus-evora.webp,/assets/used-cars/owner-presentation-v2/vehicle-lotus-evora.webp,white,28,relative,webp,800
vehicle-lotus-elise,brand-lotus,路特斯,Elise,passenger_car,approved,true,owned_reviewed_asset,路特斯,Elise,,passed,/assets/used-cars/owner-presentation-v2/vehicle-lotus-elise.webp,/assets/used-cars/owner-presentation-v2/vehicle-lotus-elise.webp,white,28,relative,webp,800
vehicle-lotus-exige,brand-lotus,路特斯,Exige,passenger_car,approved,true,owned_reviewed_asset,路特斯,Exige,,passed,/assets/used-cars/owner-presentation-v2/vehicle-lotus-exige.webp,/assets/used-cars/owner-presentation-v2/vehicle-lotus-exige.webp,white,28,relative,webp,800
vehicle-maserati-ghibli,brand-maserati,玛莎拉蒂,Ghibli,passenger_car,approved,true,owned_reviewed_asset,玛莎拉蒂,Ghibli,,passed,/assets/used-cars/owner-presentation-v2/vehicle-maserati-ghibli.webp,/assets/used-cars/owner-presentation-v2/vehicle-maserati-ghibli.webp,white,28,relative,webp,800
vehicle-maserati-quattroporte,brand-maserati,玛莎拉蒂,总裁,passenger_car,approved,true,owned_reviewed_asset,玛莎拉蒂,总裁,,passed,/assets/used-cars/owner-presentation-v2/vehicle-maserati-quattroporte.webp,/assets/used-cars/owner-presentation-v2/vehicle-maserati-quattroporte.webp,white,28,relative,webp,800
vehicle-maserati-levante,brand-maserati,玛莎拉蒂,Levante,passenger_car,approved,true,owned_reviewed_asset,玛莎拉蒂,Levante,,passed,/assets/used-cars/owner-presentation-v2/vehicle-maserati-levante.webp,/assets/used-cars/owner-presentation-v2/vehicle-maserati-levante.webp,white,28,relative,webp,800
vehicle-maserati-grecale,brand-maserati,玛莎拉蒂,Grecale,passenger_car,approved,true,owned_reviewed_asset,玛莎拉蒂,Grecale,,passed,/assets/used-cars/owner-presentation-v2/vehicle-maserati-grecale.webp,/assets/used-cars/owner-presentation-v2/vehicle-maserati-grecale.webp,white,28,relative,webp,800
vehicle-maserati-granturismo,brand-maserati,玛莎拉蒂,GranTurismo,passenger_car,approved,true,owned_reviewed_asset,玛莎拉蒂,GranTurismo,,passed,/assets/used-cars/owner-presentation-v2/vehicle-maserati-granturismo.webp,/assets/used-cars/owner-presentation-v2/vehicle-maserati-granturismo.webp,white,28,relative,webp,800
vehicle-maserati-grancabrio,brand-maserati,玛莎拉蒂,GranCabrio,passenger_car,approved,true,owned_reviewed_asset,玛莎拉蒂,GranCabrio,,passed,/assets/used-cars/owner-presentation-v2/vehicle-maserati-grancabrio.webp,/assets/used-cars/owner-presentation-v2/vehicle-maserati-grancabrio.webp,white,28,relative,webp,800
vehicle-maserati-mc20,brand-maserati,玛莎拉蒂,MC20,passenger_car,approved,true,owned_reviewed_asset,玛莎拉蒂,MC20,,passed,/assets/used-cars/owner-presentation-v2/vehicle-maserati-mc20.webp,/assets/used-cars/owner-presentation-v2/vehicle-maserati-mc20.webp,white,28,relative,webp,800
vehicle-bentley-continental,brand-bentley,宾利,欧陆,passenger_car,approved,true,owned_reviewed_asset,宾利,欧陆,,passed,/assets/used-cars/owner-presentation-v2/vehicle-bentley-continental.webp,/assets/used-cars/owner-presentation-v2/vehicle-bentley-continental.webp,white,28,relative,webp,800
vehicle-bentley-flying-spur,brand-bentley,宾利,飞驰,passenger_car,approved,true,owned_reviewed_asset,宾利,飞驰,,passed,/assets/used-cars/owner-presentation-v2/vehicle-bentley-flying-spur.webp,/assets/used-cars/owner-presentation-v2/vehicle-bentley-flying-spur.webp,white,28,relative,webp,800
vehicle-bentley-bentayga,brand-bentley,宾利,添越,passenger_car,approved,true,owned_reviewed_asset,宾利,添越,,passed,/assets/used-cars/owner-presentation-v2/vehicle-bentley-bentayga.webp,/assets/used-cars/owner-presentation-v2/vehicle-bentley-bentayga.webp,white,28,relative,webp,800
vehicle-bentley-mulsanne,brand-bentley,宾利,慕尚,passenger_car,approved,true,owned_reviewed_asset,宾利,慕尚,,passed,/assets/used-cars/owner-presentation-v2/vehicle-bentley-mulsanne.webp,/assets/used-cars/owner-presentation-v2/vehicle-bentley-mulsanne.webp,white,28,relative,webp,800
vehicle-bentley-arnage,brand-bentley,宾利,雅致,passenger_car,approved,true,owned_reviewed_asset,宾利,雅致,,passed,/assets/used-cars/owner-presentation-v2/vehicle-bentley-arnage.webp,/assets/used-cars/owner-presentation-v2/vehicle-bentley-arnage.webp,white,28,relative,webp,800
vehicle-rolls-royce-phantom,brand-rolls-royce,劳斯莱斯,幻影,passenger_car,approved,true,owned_reviewed_asset,劳斯莱斯,幻影,,passed,/assets/used-cars/owner-presentation-v2/vehicle-rolls-royce-phantom.webp,/assets/used-cars/owner-presentation-v2/vehicle-rolls-royce-phantom.webp,white,28,relative,webp,800
vehicle-rolls-royce-ghost,brand-rolls-royce,劳斯莱斯,古思特,passenger_car,approved,true,owned_reviewed_asset,劳斯莱斯,古思特,,passed,/assets/used-cars/owner-presentation-v2/vehicle-rolls-royce-ghost.webp,/assets/used-cars/owner-presentation-v2/vehicle-rolls-royce-ghost.webp,white,28,relative,webp,800
vehicle-rolls-royce-wraith,brand-rolls-royce,劳斯莱斯,魅影,passenger_car,approved,true,owned_reviewed_asset,劳斯莱斯,魅影,,passed,/assets/used-cars/owner-presentation-v2/vehicle-rolls-royce-wraith.webp,/assets/used-cars/owner-presentation-v2/vehicle-rolls-royce-wraith.webp,white,28,relative,webp,800
vehicle-rolls-royce-dawn,brand-rolls-royce,劳斯莱斯,曜影,passenger_car,approved,true,owned_reviewed_asset,劳斯莱斯,曜影,,passed,/assets/used-cars/owner-presentation-v2/vehicle-rolls-royce-dawn.webp,/assets/used-cars/owner-presentation-v2/vehicle-rolls-royce-dawn.webp,white,28,relative,webp,800
vehicle-rolls-royce-cullinan,brand-rolls-royce,劳斯莱斯,库里南,passenger_car,approved,true,owned_reviewed_asset,劳斯莱斯,库里南,,passed,/assets/used-cars/owner-presentation-v2/vehicle-rolls-royce-cullinan.webp,/assets/used-cars/owner-presentation-v2/vehicle-rolls-royce-cullinan.webp,white,28,relative,webp,800
vehicle-rolls-royce-spectre,brand-rolls-royce,劳斯莱斯,闪灵,passenger_car,approved,true,owned_reviewed_asset,劳斯莱斯,闪灵,,passed,/assets/used-cars/owner-presentation-v2/vehicle-rolls-royce-spectre.webp,/assets/used-cars/owner-presentation-v2/vehicle-rolls-royce-spectre.webp,white,28,relative,webp,800
vehicle-ferrari-458,brand-ferrari,法拉利,458,passenger_car,approved,true,owned_reviewed_asset,法拉利,458,,passed,/assets/used-cars/owner-presentation-v2/vehicle-ferrari-458.webp,/assets/used-cars/owner-presentation-v2/vehicle-ferrari-458.webp,white,28,relative,webp,800
vehicle-ferrari-488,brand-ferrari,法拉利,488,passenger_car,approved,true,owned_reviewed_asset,法拉利,488,,passed,/assets/used-cars/owner-presentation-v2/vehicle-ferrari-488.webp,/assets/used-cars/owner-presentation-v2/vehicle-ferrari-488.webp,white,28,relative,webp,800
vehicle-ferrari-f8,brand-ferrari,法拉利,F8,passenger_car,approved,true,owned_reviewed_asset,法拉利,F8,,passed,/assets/used-cars/owner-presentation-v2/vehicle-ferrari-f8.webp,/assets/used-cars/owner-presentation-v2/vehicle-ferrari-f8.webp,white,28,relative,webp,800
vehicle-ferrari-296,brand-ferrari,法拉利,296,passenger_car,approved,true,owned_reviewed_asset,法拉利,296,,passed,/assets/used-cars/owner-presentation-v2/vehicle-ferrari-296.webp,/assets/used-cars/owner-presentation-v2/vehicle-ferrari-296.webp,white,28,relative,webp,800
vehicle-ferrari-812,brand-ferrari,法拉利,812,passenger_car,approved,true,owned_reviewed_asset,法拉利,812,,passed,/assets/used-cars/owner-presentation-v2/vehicle-ferrari-812.webp,/assets/used-cars/owner-presentation-v2/vehicle-ferrari-812.webp,white,28,relative,webp,800
vehicle-ferrari-sf90,brand-ferrari,法拉利,SF90,passenger_car,approved,true,owned_reviewed_asset,法拉利,SF90,,passed,/assets/used-cars/owner-presentation-v2/vehicle-ferrari-sf90.webp,/assets/used-cars/owner-presentation-v2/vehicle-ferrari-sf90.webp,white,28,relative,webp,800
vehicle-ferrari-roma,brand-ferrari,法拉利,ROMA,passenger_car,approved,true,owned_reviewed_asset,法拉利,ROMA,,passed,/assets/used-cars/owner-presentation-v2/vehicle-ferrari-roma.webp,/assets/used-cars/owner-presentation-v2/vehicle-ferrari-roma.webp,white,28,relative,webp,800
vehicle-ferrari-portofino,brand-ferrari,法拉利,Portofino,passenger_car,approved,true,owned_reviewed_asset,法拉利,Portofino,,passed,/assets/used-cars/owner-presentation-v2/vehicle-ferrari-portofino.webp,/assets/used-cars/owner-presentation-v2/vehicle-ferrari-portofino.webp,white,28,relative,webp,800
vehicle-ferrari-california,brand-ferrari,法拉利,California,passenger_car,approved,true,owned_reviewed_asset,法拉利,California,,passed,/assets/used-cars/owner-presentation-v2/vehicle-ferrari-california.webp,/assets/used-cars/owner-presentation-v2/vehicle-ferrari-california.webp,white,28,relative,webp,800
vehicle-ferrari-f12,brand-ferrari,法拉利,F12berlinetta,passenger_car,approved,true,owned_reviewed_asset,法拉利,F12berlinetta,,passed,/assets/used-cars/owner-presentation-v2/vehicle-ferrari-f12.webp,/assets/used-cars/owner-presentation-v2/vehicle-ferrari-f12.webp,white,28,relative,webp,800
vehicle-ferrari-ff,brand-ferrari,法拉利,FF,passenger_car,approved,true,owned_reviewed_asset,法拉利,FF,,passed,/assets/used-cars/owner-presentation-v2/vehicle-ferrari-ff.webp,/assets/used-cars/owner-presentation-v2/vehicle-ferrari-ff.webp,white,28,relative,webp,800
vehicle-ferrari-gtc4,brand-ferrari,法拉利,GTC4Lusso,passenger_car,approved,true,owned_reviewed_asset,法拉利,GTC4Lusso,,passed,/assets/used-cars/owner-presentation-v2/vehicle-ferrari-gtc4.webp,/assets/used-cars/owner-presentation-v2/vehicle-ferrari-gtc4.webp,white,28,relative,webp,800
vehicle-ferrari-purosangue,brand-ferrari,法拉利,Purosangue,passenger_car,approved,true,owned_reviewed_asset,法拉利,Purosangue,,passed,/assets/used-cars/owner-presentation-v2/vehicle-ferrari-purosangue.webp,/assets/used-cars/owner-presentation-v2/vehicle-ferrari-purosangue.webp,white,28,relative,webp,800
vehicle-lamborghini-urus,brand-lamborghini,兰博基尼,Urus,passenger_car,approved,true,owned_reviewed_asset,兰博基尼,Urus,,passed,/assets/used-cars/owner-presentation-v2/vehicle-lamborghini-urus.webp,/assets/used-cars/owner-presentation-v2/vehicle-lamborghini-urus.webp,white,28,relative,webp,800
vehicle-lamborghini-huracan,brand-lamborghini,兰博基尼,Huracán,passenger_car,approved,true,owned_reviewed_asset,兰博基尼,Huracán,,passed,/assets/used-cars/owner-presentation-v2/vehicle-lamborghini-huracan.webp,/assets/used-cars/owner-presentation-v2/vehicle-lamborghini-huracan.webp,white,28,relative,webp,800
vehicle-lamborghini-aventador,brand-lamborghini,兰博基尼,Aventador,passenger_car,approved,true,owned_reviewed_asset,兰博基尼,Aventador,,passed,/assets/used-cars/owner-presentation-v2/vehicle-lamborghini-aventador.webp,/assets/used-cars/owner-presentation-v2/vehicle-lamborghini-aventador.webp,white,28,relative,webp,800
vehicle-lamborghini-gallardo,brand-lamborghini,兰博基尼,Gallardo,passenger_car,approved,true,owned_reviewed_asset,兰博基尼,Gallardo,,passed,/assets/used-cars/owner-presentation-v2/vehicle-lamborghini-gallardo.webp,/assets/used-cars/owner-presentation-v2/vehicle-lamborghini-gallardo.webp,white,28,relative,webp,800
vehicle-lamborghini-revuelto,brand-lamborghini,兰博基尼,Revuelto,passenger_car,approved,true,owned_reviewed_asset,兰博基尼,Revuelto,,passed,/assets/used-cars/owner-presentation-v2/vehicle-lamborghini-revuelto.webp,/assets/used-cars/owner-presentation-v2/vehicle-lamborghini-revuelto.webp,white,28,relative,webp,800
vehicle-lamborghini-temerario,brand-lamborghini,兰博基尼,Temerario,passenger_car,approved,true,owned_reviewed_asset,兰博基尼,Temerario,,passed,/assets/used-cars/owner-presentation-v2/vehicle-lamborghini-temerario.webp,/assets/used-cars/owner-presentation-v2/vehicle-lamborghini-temerario.webp,white,28,relative,webp,800
vehicle-aston-martin-db9,brand-aston-martin,阿斯顿·马丁,DB9,passenger_car,approved,true,owned_reviewed_asset,阿斯顿·马丁,DB9,,passed,/assets/used-cars/owner-presentation-v2/vehicle-aston-martin-db9.webp,/assets/used-cars/owner-presentation-v2/vehicle-aston-martin-db9.webp,white,28,relative,webp,800
vehicle-aston-martin-db11,brand-aston-martin,阿斯顿·马丁,DB11,passenger_car,approved,true,owned_reviewed_asset,阿斯顿·马丁,DB11,,passed,/assets/used-cars/owner-presentation-v2/vehicle-aston-martin-db11.webp,/assets/used-cars/owner-presentation-v2/vehicle-aston-martin-db11.webp,white,28,relative,webp,800
vehicle-aston-martin-db12,brand-aston-martin,阿斯顿·马丁,DB12,passenger_car,approved,true,owned_reviewed_asset,阿斯顿·马丁,DB12,,passed,/assets/used-cars/owner-presentation-v2/vehicle-aston-martin-db12.webp,/assets/used-cars/owner-presentation-v2/vehicle-aston-martin-db12.webp,white,28,relative,webp,800
vehicle-aston-martin-dbs,brand-aston-martin,阿斯顿·马丁,DBS,passenger_car,approved,true,owned_reviewed_asset,阿斯顿·马丁,DBS,,passed,/assets/used-cars/owner-presentation-v2/vehicle-aston-martin-dbs.webp,/assets/used-cars/owner-presentation-v2/vehicle-aston-martin-dbs.webp,white,28,relative,webp,800
vehicle-aston-martin-dbx,brand-aston-martin,阿斯顿·马丁,DBX,passenger_car,approved,true,owned_reviewed_asset,阿斯顿·马丁,DBX,,passed,/assets/used-cars/owner-presentation-v2/vehicle-aston-martin-dbx.webp,/assets/used-cars/owner-presentation-v2/vehicle-aston-martin-dbx.webp,white,28,relative,webp,800
vehicle-aston-martin-vantage,brand-aston-martin,阿斯顿·马丁,Vantage,passenger_car,approved,true,owned_reviewed_asset,阿斯顿·马丁,Vantage,,passed,/assets/used-cars/owner-presentation-v2/vehicle-aston-martin-vantage.webp,/assets/used-cars/owner-presentation-v2/vehicle-aston-martin-vantage.webp,white,28,relative,webp,800
vehicle-aston-martin-rapide,brand-aston-martin,阿斯顿·马丁,Rapide,passenger_car,approved,true,owned_reviewed_asset,阿斯顿·马丁,Rapide,,passed,/assets/used-cars/owner-presentation-v2/vehicle-aston-martin-rapide.webp,/assets/used-cars/owner-presentation-v2/vehicle-aston-martin-rapide.webp,white,28,relative,webp,800
vehicle-aston-martin-vanquish,brand-aston-martin,阿斯顿·马丁,Vanquish,passenger_car,approved,true,owned_reviewed_asset,阿斯顿·马丁,Vanquish,,passed,/assets/used-cars/owner-presentation-v2/vehicle-aston-martin-vanquish.webp,/assets/used-cars/owner-presentation-v2/vehicle-aston-martin-vanquish.webp,white,28,relative,webp,800
vehicle-mclaren-540c,brand-mclaren,迈凯伦,540C,passenger_car,approved,true,owned_reviewed_asset,迈凯伦,540C,,passed,/assets/used-cars/owner-presentation-v2/vehicle-mclaren-540c.webp,/assets/used-cars/owner-presentation-v2/vehicle-mclaren-540c.webp,white,28,relative,webp,800
vehicle-mclaren-570s,brand-mclaren,迈凯伦,570S,passenger_car,approved,true,owned_reviewed_asset,迈凯伦,570S,,passed,/assets/used-cars/owner-presentation-v2/vehicle-mclaren-570s.webp,/assets/used-cars/owner-presentation-v2/vehicle-mclaren-570s.webp,white,28,relative,webp,800
vehicle-mclaren-600lt,brand-mclaren,迈凯伦,600LT,passenger_car,approved,true,owned_reviewed_asset,迈凯伦,600LT,,passed,/assets/used-cars/owner-presentation-v2/vehicle-mclaren-600lt.webp,/assets/used-cars/owner-presentation-v2/vehicle-mclaren-600lt.webp,white,28,relative,webp,800
vehicle-mclaren-650s,brand-mclaren,迈凯伦,650S,passenger_car,approved,true,owned_reviewed_asset,迈凯伦,650S,,passed,/assets/used-cars/owner-presentation-v2/vehicle-mclaren-650s.webp,/assets/used-cars/owner-presentation-v2/vehicle-mclaren-650s.webp,white,28,relative,webp,800
vehicle-mclaren-675lt,brand-mclaren,迈凯伦,675LT,passenger_car,approved,true,owned_reviewed_asset,迈凯伦,675LT,,passed,/assets/used-cars/owner-presentation-v2/vehicle-mclaren-675lt.webp,/assets/used-cars/owner-presentation-v2/vehicle-mclaren-675lt.webp,white,28,relative,webp,800
vehicle-mclaren-720s,brand-mclaren,迈凯伦,720S,passenger_car,approved,true,owned_reviewed_asset,迈凯伦,720S,,passed,/assets/used-cars/owner-presentation-v2/vehicle-mclaren-720s.webp,/assets/used-cars/owner-presentation-v2/vehicle-mclaren-720s.webp,white,28,relative,webp,800
vehicle-mclaren-750s,brand-mclaren,迈凯伦,750S,passenger_car,approved,true,owned_reviewed_asset,迈凯伦,750S,,passed,/assets/used-cars/owner-presentation-v2/vehicle-mclaren-750s.webp,/assets/used-cars/owner-presentation-v2/vehicle-mclaren-750s.webp,white,28,relative,webp,800
vehicle-mclaren-gt,brand-mclaren,迈凯伦,GT,passenger_car,approved,true,owned_reviewed_asset,迈凯伦,GT,,passed,/assets/used-cars/owner-presentation-v2/vehicle-mclaren-gt.webp,/assets/used-cars/owner-presentation-v2/vehicle-mclaren-gt.webp,white,28,relative,webp,800
vehicle-mclaren-gts,brand-mclaren,迈凯伦,GTS,passenger_car,approved,true,owned_reviewed_asset,迈凯伦,GTS,,passed,/assets/used-cars/owner-presentation-v2/vehicle-mclaren-gts.webp,/assets/used-cars/owner-presentation-v2/vehicle-mclaren-gts.webp,white,28,relative,webp,800
vehicle-mclaren-artura,brand-mclaren,迈凯伦,Artura,passenger_car,approved,true,owned_reviewed_asset,迈凯伦,Artura,,passed,/assets/used-cars/owner-presentation-v2/vehicle-mclaren-artura.webp,/assets/used-cars/owner-presentation-v2/vehicle-mclaren-artura.webp,white,28,relative,webp,800
vehicle-chrysler-300c,brand-chrysler,克莱斯勒,300C,passenger_car,approved,true,owned_reviewed_asset,克莱斯勒,300C,,passed,/assets/used-cars/owner-presentation-v2/vehicle-chrysler-300c.webp,/assets/used-cars/owner-presentation-v2/vehicle-chrysler-300c.webp,white,28,relative,webp,800
vehicle-chrysler-grand-voyager,brand-chrysler,克莱斯勒,大捷龙,passenger_car,approved,true,owned_reviewed_asset,克莱斯勒,大捷龙,,passed,/assets/used-cars/owner-presentation-v2/vehicle-chrysler-grand-voyager.webp,/assets/used-cars/owner-presentation-v2/vehicle-chrysler-grand-voyager.webp,white,28,relative,webp,800
vehicle-chrysler-sebring,brand-chrysler,克莱斯勒,铂锐,passenger_car,approved,true,owned_reviewed_asset,克莱斯勒,铂锐,,passed,/assets/used-cars/owner-presentation-v2/vehicle-chrysler-sebring.webp,/assets/used-cars/owner-presentation-v2/vehicle-chrysler-sebring.webp,white,28,relative,webp,800
vehicle-chrysler-pt-cruiser,brand-chrysler,克莱斯勒,PT漫步者,passenger_car,approved,true,owned_reviewed_asset,克莱斯勒,PT漫步者,,passed,/assets/used-cars/owner-presentation-v2/vehicle-chrysler-pt-cruiser.webp,/assets/used-cars/owner-presentation-v2/vehicle-chrysler-pt-cruiser.webp,white,28,relative,webp,800
vehicle-dodge-journey,brand-dodge,道奇,酷威,passenger_car,approved,true,owned_reviewed_asset,道奇,酷威,,passed,/assets/used-cars/owner-presentation-v2/vehicle-dodge-journey.webp,/assets/used-cars/owner-presentation-v2/vehicle-dodge-journey.webp,white,28,relative,webp,800
vehicle-dodge-caliber,brand-dodge,道奇,酷搏,passenger_car,approved,true,owned_reviewed_asset,道奇,酷搏,,passed,/assets/used-cars/owner-presentation-v2/vehicle-dodge-caliber.webp,/assets/used-cars/owner-presentation-v2/vehicle-dodge-caliber.webp,white,28,relative,webp,800
vehicle-dodge-challenger,brand-dodge,道奇,挑战者,passenger_car,approved,true,owned_reviewed_asset,道奇,挑战者,,passed,/assets/used-cars/owner-presentation-v2/vehicle-dodge-challenger.webp,/assets/used-cars/owner-presentation-v2/vehicle-dodge-challenger.webp,white,28,relative,webp,800
vehicle-dodge-charger,brand-dodge,道奇,Charger,passenger_car,approved,true,owned_reviewed_asset,道奇,Charger,,passed,/assets/used-cars/owner-presentation-v2/vehicle-dodge-charger.webp,/assets/used-cars/owner-presentation-v2/vehicle-dodge-charger.webp,white,28,relative,webp,800
vehicle-dodge-durango,brand-dodge,道奇,Durango,passenger_car,approved,true,owned_reviewed_asset,道奇,Durango,,passed,/assets/used-cars/owner-presentation-v2/vehicle-dodge-durango.webp,/assets/used-cars/owner-presentation-v2/vehicle-dodge-durango.webp,white,28,relative,webp,800
vehicle-dodge-caravan,brand-dodge,道奇,凯领,passenger_car,approved,true,owned_reviewed_asset,道奇,凯领,,passed,/assets/used-cars/owner-presentation-v2/vehicle-dodge-caravan.webp,/assets/used-cars/owner-presentation-v2/vehicle-dodge-caravan.webp,white,28,relative,webp,800
vehicle-fiat-viaggio,brand-fiat,菲亚特,菲翔,passenger_car,approved,true,owned_reviewed_asset,菲亚特,菲翔,,passed,/assets/used-cars/owner-presentation-v2/vehicle-fiat-viaggio.webp,/assets/used-cars/owner-presentation-v2/vehicle-fiat-viaggio.webp,white,28,relative,webp,800
vehicle-fiat-ottimo,brand-fiat,菲亚特,致悦,passenger_car,approved,true,owned_reviewed_asset,菲亚特,致悦,,passed,/assets/used-cars/owner-presentation-v2/vehicle-fiat-ottimo.webp,/assets/used-cars/owner-presentation-v2/vehicle-fiat-ottimo.webp,white,28,relative,webp,800
vehicle-fiat-500,brand-fiat,菲亚特,500,passenger_car,approved,true,owned_reviewed_asset,菲亚特,500,,passed,/assets/used-cars/owner-presentation-v2/vehicle-fiat-500.webp,/assets/used-cars/owner-presentation-v2/vehicle-fiat-500.webp,white,28,relative,webp,800
vehicle-fiat-bravo,brand-fiat,菲亚特,博悦,passenger_car,approved,true,owned_reviewed_asset,菲亚特,博悦,,passed,/assets/used-cars/owner-presentation-v2/vehicle-fiat-bravo.webp,/assets/used-cars/owner-presentation-v2/vehicle-fiat-bravo.webp,white,28,relative,webp,800
vehicle-fiat-freemont,brand-fiat,菲亚特,菲跃,passenger_car,approved,true,owned_reviewed_asset,菲亚特,菲跃,,passed,/assets/used-cars/owner-presentation-v2/vehicle-fiat-freemont.webp,/assets/used-cars/owner-presentation-v2/vehicle-fiat-freemont.webp,white,28,relative,webp,800
vehicle-fiat-palio,brand-fiat,菲亚特,派力奥,passenger_car,approved,true,owned_reviewed_asset,菲亚特,派力奥,,passed,/assets/used-cars/owner-presentation-v2/vehicle-fiat-palio.webp,/assets/used-cars/owner-presentation-v2/vehicle-fiat-palio.webp,white,28,relative,webp,800
vehicle-fiat-siena,brand-fiat,菲亚特,西耶那,passenger_car,approved,true,owned_reviewed_asset,菲亚特,西耶那,,passed,/assets/used-cars/owner-presentation-v2/vehicle-fiat-siena.webp,/assets/used-cars/owner-presentation-v2/vehicle-fiat-siena.webp,white,28,relative,webp,800
vehicle-fiat-weekend,brand-fiat,菲亚特,周末风,passenger_car,approved,true,owned_reviewed_asset,菲亚特,周末风,,passed,/assets/used-cars/owner-presentation-v2/vehicle-fiat-weekend.webp,/assets/used-cars/owner-presentation-v2/vehicle-fiat-weekend.webp,white,28,relative,webp,800
vehicle-fiat-punto,brand-fiat,菲亚特,朋多,passenger_car,approved,true,owned_reviewed_asset,菲亚特,朋多,,passed,/assets/used-cars/owner-presentation-v2/vehicle-fiat-punto.webp,/assets/used-cars/owner-presentation-v2/vehicle-fiat-punto.webp,white,28,relative,webp,800
vehicle-alfa-romeo-giulia,brand-alfa-romeo,阿尔法·罗密欧,Giulia,passenger_car,approved,true,owned_reviewed_asset,阿尔法·罗密欧,Giulia,,passed,/assets/used-cars/owner-presentation-v2/vehicle-alfa-romeo-giulia.webp,/assets/used-cars/owner-presentation-v2/vehicle-alfa-romeo-giulia.webp,white,28,relative,webp,800
vehicle-alfa-romeo-stelvio,brand-alfa-romeo,阿尔法·罗密欧,Stelvio,passenger_car,approved,true,owned_reviewed_asset,阿尔法·罗密欧,Stelvio,,passed,/assets/used-cars/owner-presentation-v2/vehicle-alfa-romeo-stelvio.webp,/assets/used-cars/owner-presentation-v2/vehicle-alfa-romeo-stelvio.webp,white,28,relative,webp,800
vehicle-alfa-romeo-tonale,brand-alfa-romeo,阿尔法·罗密欧,Tonale,passenger_car,approved,true,owned_reviewed_asset,阿尔法·罗密欧,Tonale,,passed,/assets/used-cars/owner-presentation-v2/vehicle-alfa-romeo-tonale.webp,/assets/used-cars/owner-presentation-v2/vehicle-alfa-romeo-tonale.webp,white,28,relative,webp,800
vehicle-alfa-romeo-4c,brand-alfa-romeo,阿尔法·罗密欧,4C,passenger_car,approved,true,owned_reviewed_asset,阿尔法·罗密欧,4C,,passed,/assets/used-cars/owner-presentation-v2/vehicle-alfa-romeo-4c.webp,/assets/used-cars/owner-presentation-v2/vehicle-alfa-romeo-4c.webp,white,28,relative,webp,800
vehicle-wm-ex5,brand-wm,威马,EX5,passenger_car,approved,true,owned_reviewed_asset,威马,EX5,,passed,/assets/used-cars/owner-presentation-v2/vehicle-wm-ex5.webp,/assets/used-cars/owner-presentation-v2/vehicle-wm-ex5.webp,white,28,relative,webp,800
vehicle-wm-ex6,brand-wm,威马,EX6,passenger_car,approved,true,owned_reviewed_asset,威马,EX6,,passed,/assets/used-cars/owner-presentation-v2/vehicle-wm-ex6.webp,/assets/used-cars/owner-presentation-v2/vehicle-wm-ex6.webp,white,28,relative,webp,800
vehicle-wm-w6,brand-wm,威马,W6,passenger_car,approved,true,owned_reviewed_asset,威马,W6,,passed,/assets/used-cars/owner-presentation-v2/vehicle-wm-w6.webp,/assets/used-cars/owner-presentation-v2/vehicle-wm-w6.webp,white,28,relative,webp,800
vehicle-wm-e5,brand-wm,威马,E.5,passenger_car,approved,true,owned_reviewed_asset,威马,E.5,,passed,/assets/used-cars/owner-presentation-v2/vehicle-wm-e5.webp,/assets/used-cars/owner-presentation-v2/vehicle-wm-e5.webp,white,28,relative,webp,800
vehicle-aiways-u5,brand-aiways,爱驰,U5,passenger_car,approved,true,owned_reviewed_asset,爱驰,U5,,passed,/assets/used-cars/owner-presentation-v2/vehicle-aiways-u5.webp,/assets/used-cars/owner-presentation-v2/vehicle-aiways-u5.webp,white,28,relative,webp,800
vehicle-aiways-u6,brand-aiways,爱驰,U6,passenger_car,approved,true,owned_reviewed_asset,爱驰,U6,,passed,/assets/used-cars/owner-presentation-v2/vehicle-aiways-u6.webp,/assets/used-cars/owner-presentation-v2/vehicle-aiways-u6.webp,white,28,relative,webp,800
vehicle-hiphi-x,brand-hiphi,高合,HiPhi X,passenger_car,approved,true,owned_reviewed_asset,高合,HiPhi X,,passed,/assets/used-cars/owner-presentation-v2/vehicle-hiphi-x.webp,/assets/used-cars/owner-presentation-v2/vehicle-hiphi-x.webp,white,28,relative,webp,800
vehicle-hiphi-y,brand-hiphi,高合,HiPhi Y,passenger_car,approved,true,owned_reviewed_asset,高合,HiPhi Y,,passed,/assets/used-cars/owner-presentation-v2/vehicle-hiphi-y.webp,/assets/used-cars/owner-presentation-v2/vehicle-hiphi-y.webp,white,28,relative,webp,800
vehicle-hiphi-z,brand-hiphi,高合,HiPhi Z,passenger_car,approved,true,owned_reviewed_asset,高合,HiPhi Z,,passed,/assets/used-cars/owner-presentation-v2/vehicle-hiphi-z.webp,/assets/used-cars/owner-presentation-v2/vehicle-hiphi-z.webp,white,28,relative,webp,800
vehicle-jiyue-01,brand-jiyue,极越,01,passenger_car,approved,true,owned_reviewed_asset,极越,01,,passed,/assets/used-cars/owner-presentation-v2/vehicle-jiyue-01.webp,/assets/used-cars/owner-presentation-v2/vehicle-jiyue-01.webp,white,28,relative,webp,800
vehicle-jiyue-07,brand-jiyue,极越,07,passenger_car,approved,true,owned_reviewed_asset,极越,07,,passed,/assets/used-cars/owner-presentation-v2/vehicle-jiyue-07.webp,/assets/used-cars/owner-presentation-v2/vehicle-jiyue-07.webp,white,28,relative,webp,800
vehicle-enovate-me5,brand-enovate,天际,ME5,passenger_car,approved,true,owned_reviewed_asset,天际,ME5,,passed,/assets/used-cars/owner-presentation-v2/vehicle-enovate-me5.webp,/assets/used-cars/owner-presentation-v2/vehicle-enovate-me5.webp,white,28,relative,webp,800
vehicle-enovate-me7,brand-enovate,天际,ME7,passenger_car,approved,true,owned_reviewed_asset,天际,ME7,,passed,/assets/used-cars/owner-presentation-v2/vehicle-enovate-me7.webp,/assets/used-cars/owner-presentation-v2/vehicle-enovate-me7.webp,white,28,relative,webp,800
vehicle-skywell-ev6,brand-skywell,创维,EV6,passenger_car,approved,true,owned_reviewed_asset,创维,EV6,,passed,/assets/used-cars/owner-presentation-v2/vehicle-skywell-ev6.webp,/assets/used-cars/owner-presentation-v2/vehicle-skywell-ev6.webp,white,28,relative,webp,800
vehicle-skywell-ht-i,brand-skywell,创维,HT-i,passenger_car,approved,true,owned_reviewed_asset,创维,HT-i,,passed,/assets/used-cars/owner-presentation-v2/vehicle-skywell-ht-i.webp,/assets/used-cars/owner-presentation-v2/vehicle-skywell-ht-i.webp,white,28,relative,webp,800
vehicle-skywell-et5,brand-skywell,创维,天美ET5,passenger_car,approved,true,owned_reviewed_asset,创维,天美ET5,,passed,/assets/used-cars/owner-presentation-v2/vehicle-skywell-et5.webp,/assets/used-cars/owner-presentation-v2/vehicle-skywell-et5.webp,white,28,relative,webp,800
vehicle-rising-r7,brand-rising,飞凡,R7,passenger_car,approved,true,owned_reviewed_asset,飞凡,R7,,passed,/assets/used-cars/owner-presentation-v2/vehicle-rising-r7.webp,/assets/used-cars/owner-presentation-v2/vehicle-rising-r7.webp,white,28,relative,webp,800
vehicle-rising-f7,brand-rising,飞凡,F7,passenger_car,approved,true,owned_reviewed_asset,飞凡,F7,,passed,/assets/used-cars/owner-presentation-v2/vehicle-rising-f7.webp,/assets/used-cars/owner-presentation-v2/vehicle-rising-f7.webp,white,28,relative,webp,800
vehicle-rising-er6,brand-rising,飞凡,ER6,passenger_car,approved,true,owned_reviewed_asset,飞凡,ER6,,passed,/assets/used-cars/owner-presentation-v2/vehicle-rising-er6.webp,/assets/used-cars/owner-presentation-v2/vehicle-rising-er6.webp,white,28,relative,webp,800
vehicle-rising-marvel-r,brand-rising,飞凡,MARVEL R,passenger_car,approved,true,owned_reviewed_asset,飞凡,MARVEL R,,passed,/assets/used-cars/owner-presentation-v2/vehicle-rising-marvel-r.webp,/assets/used-cars/owner-presentation-v2/vehicle-rising-marvel-r.webp,white,28,relative,webp,800
vehicle-geometry-a,brand-geometry,几何,几何A,passenger_car,approved,true,owned_reviewed_asset,几何,几何A,,passed,/assets/used-cars/owner-presentation-v2/vehicle-geometry-a.webp,/assets/used-cars/owner-presentation-v2/vehicle-geometry-a.webp,white,28,relative,webp,800
vehicle-geometry-c,brand-geometry,几何,几何C,passenger_car,approved,true,owned_reviewed_asset,几何,几何C,,passed,/assets/used-cars/owner-presentation-v2/vehicle-geometry-c.webp,/assets/used-cars/owner-presentation-v2/vehicle-geometry-c.webp,white,28,relative,webp,800
vehicle-geometry-e,brand-geometry,几何,几何E,passenger_car,approved,true,owned_reviewed_asset,几何,几何E,,passed,/assets/used-cars/owner-presentation-v2/vehicle-geometry-e.webp,/assets/used-cars/owner-presentation-v2/vehicle-geometry-e.webp,white,28,relative,webp,800
vehicle-geometry-g6,brand-geometry,几何,G6,passenger_car,approved,true,owned_reviewed_asset,几何,G6,,passed,/assets/used-cars/owner-presentation-v2/vehicle-geometry-g6.webp,/assets/used-cars/owner-presentation-v2/vehicle-geometry-g6.webp,white,28,relative,webp,800
vehicle-geometry-m6,brand-geometry,几何,M6,passenger_car,approved,true,owned_reviewed_asset,几何,M6,,passed,/assets/used-cars/owner-presentation-v2/vehicle-geometry-m6.webp,/assets/used-cars/owner-presentation-v2/vehicle-geometry-m6.webp,white,28,relative,webp,800
vehicle-geometry-ex3,brand-geometry,几何,EX3功夫牛,passenger_car,approved,true,owned_reviewed_asset,几何,EX3功夫牛,,passed,/assets/used-cars/owner-presentation-v2/vehicle-geometry-ex3.webp,/assets/used-cars/owner-presentation-v2/vehicle-geometry-ex3.webp,white,28,relative,webp,800
vehicle-livan-7,brand-livan,睿蓝,睿蓝7,passenger_car,approved,true,owned_reviewed_asset,睿蓝,睿蓝7,,passed,/assets/used-cars/owner-presentation-v2/vehicle-livan-7.webp,/assets/used-cars/owner-presentation-v2/vehicle-livan-7.webp,white,28,relative,webp,800
vehicle-livan-9,brand-livan,睿蓝,睿蓝9,passenger_car,approved,true,owned_reviewed_asset,睿蓝,睿蓝9,,passed,/assets/used-cars/owner-presentation-v2/vehicle-livan-9.webp,/assets/used-cars/owner-presentation-v2/vehicle-livan-9.webp,white,28,relative,webp,800
vehicle-livan-maple60s,brand-livan,睿蓝,枫叶60S,passenger_car,approved,true,owned_reviewed_asset,睿蓝,枫叶60S,,passed,/assets/used-cars/owner-presentation-v2/vehicle-livan-maple60s.webp,/assets/used-cars/owner-presentation-v2/vehicle-livan-maple60s.webp,white,28,relative,webp,800
vehicle-livan-maple80v,brand-livan,睿蓝,枫叶80V,passenger_car,approved,true,owned_reviewed_asset,睿蓝,枫叶80V,,passed,/assets/used-cars/owner-presentation-v2/vehicle-livan-maple80v.webp,/assets/used-cars/owner-presentation-v2/vehicle-livan-maple80v.webp,white,28,relative,webp,800
vehicle-livan-maple30x,brand-livan,睿蓝,枫叶30X,passenger_car,approved,true,owned_reviewed_asset,睿蓝,枫叶30X,,passed,/assets/used-cars/owner-presentation-v2/vehicle-livan-maple30x.webp,/assets/used-cars/owner-presentation-v2/vehicle-livan-maple30x.webp,white,28,relative,webp,800
vehicle-livan-x3pro,brand-livan,睿蓝,X3 PRO,passenger_car,approved,true,owned_reviewed_asset,睿蓝,X3 PRO,,passed,/assets/used-cars/owner-presentation-v2/vehicle-livan-x3pro.webp,/assets/used-cars/owner-presentation-v2/vehicle-livan-x3pro.webp,white,28,relative,webp,800
vehicle-baic-changhe-q25,brand-baic-changhe,北汽昌河,Q25,passenger_car,approved,true,owned_reviewed_asset,北汽昌河,Q25,,passed,/assets/used-cars/owner-presentation-v2/vehicle-baic-changhe-q25.webp,/assets/used-cars/owner-presentation-v2/vehicle-baic-changhe-q25.webp,white,28,relative,webp,800
vehicle-baic-changhe-q35,brand-baic-changhe,北汽昌河,Q35,passenger_car,approved,true,owned_reviewed_asset,北汽昌河,Q35,,passed,/assets/used-cars/owner-presentation-v2/vehicle-baic-changhe-q35.webp,/assets/used-cars/owner-presentation-v2/vehicle-baic-changhe-q35.webp,white,28,relative,webp,800
vehicle-baic-changhe-q7,brand-baic-changhe,北汽昌河,Q7,passenger_car,approved,true,owned_reviewed_asset,北汽昌河,Q7,,passed,/assets/used-cars/owner-presentation-v2/vehicle-baic-changhe-q7.webp,/assets/used-cars/owner-presentation-v2/vehicle-baic-changhe-q7.webp,white,28,relative,webp,800
vehicle-baic-changhe-a6,brand-baic-changhe,北汽昌河,A6,passenger_car,approved,true,owned_reviewed_asset,北汽昌河,A6,,passed,/assets/used-cars/owner-presentation-v2/vehicle-baic-changhe-a6.webp,/assets/used-cars/owner-presentation-v2/vehicle-baic-changhe-a6.webp,white,28,relative,webp,800
vehicle-baic-changhe-m50,brand-baic-changhe,北汽昌河,M50,passenger_car,approved,true,owned_reviewed_asset,北汽昌河,M50,,passed,/assets/used-cars/owner-presentation-v2/vehicle-baic-changhe-m50.webp,/assets/used-cars/owner-presentation-v2/vehicle-baic-changhe-m50.webp,white,28,relative,webp,800
vehicle-baic-changhe-m70,brand-baic-changhe,北汽昌河,M70,passenger_car,approved,true,owned_reviewed_asset,北汽昌河,M70,,passed,/assets/used-cars/owner-presentation-v2/vehicle-baic-changhe-m70.webp,/assets/used-cars/owner-presentation-v2/vehicle-baic-changhe-m70.webp,white,28,relative,webp,800
vehicle-baic-changhe-furuida,brand-baic-changhe,北汽昌河,福瑞达,passenger_car,approved,true,owned_reviewed_asset,北汽昌河,福瑞达,,passed,/assets/used-cars/owner-presentation-v2/vehicle-baic-changhe-furuida.webp,/assets/used-cars/owner-presentation-v2/vehicle-baic-changhe-furuida.webp,white,28,relative,webp,800
vehicle-baic-changhe-beidouxing-x5,brand-baic-changhe,北汽昌河,北斗星X5,passenger_car,approved,true,owned_reviewed_asset,北汽昌河,北斗星X5,,passed,/assets/used-cars/owner-presentation-v2/vehicle-baic-changhe-beidouxing-x5.webp,/assets/used-cars/owner-presentation-v2/vehicle-baic-changhe-beidouxing-x5.webp,white,28,relative,webp,800
vehicle-bisu-m3,brand-bisu,比速,M3,passenger_car,approved,true,owned_reviewed_asset,比速,M3,,passed,/assets/used-cars/owner-presentation-v2/vehicle-bisu-m3.webp,/assets/used-cars/owner-presentation-v2/vehicle-bisu-m3.webp,white,28,relative,webp,800
vehicle-bisu-t3,brand-bisu,比速,T3,passenger_car,approved,true,owned_reviewed_asset,比速,T3,,passed,/assets/used-cars/owner-presentation-v2/vehicle-bisu-t3.webp,/assets/used-cars/owner-presentation-v2/vehicle-bisu-t3.webp,white,28,relative,webp,800
vehicle-bisu-t5,brand-bisu,比速,T5,passenger_car,approved,true,owned_reviewed_asset,比速,T5,,passed,/assets/used-cars/owner-presentation-v2/vehicle-bisu-t5.webp,/assets/used-cars/owner-presentation-v2/vehicle-bisu-t5.webp,white,28,relative,webp,800
vehicle-borgward-bx3,brand-borgward,宝沃,BX3,passenger_car,approved,true,owned_reviewed_asset,宝沃,BX3,,passed,/assets/used-cars/owner-presentation-v2/vehicle-borgward-bx3.webp,/assets/used-cars/owner-presentation-v2/vehicle-borgward-bx3.webp,white,28,relative,webp,800
vehicle-borgward-bx5,brand-borgward,宝沃,BX5,passenger_car,approved,true,owned_reviewed_asset,宝沃,BX5,,passed,/assets/used-cars/owner-presentation-v2/vehicle-borgward-bx5.webp,/assets/used-cars/owner-presentation-v2/vehicle-borgward-bx5.webp,white,28,relative,webp,800
vehicle-borgward-bx6,brand-borgward,宝沃,BX6,passenger_car,approved,true,owned_reviewed_asset,宝沃,BX6,,passed,/assets/used-cars/owner-presentation-v2/vehicle-borgward-bx6.webp,/assets/used-cars/owner-presentation-v2/vehicle-borgward-bx6.webp,white,28,relative,webp,800
vehicle-borgward-bx7,brand-borgward,宝沃,BX7,passenger_car,approved,true,owned_reviewed_asset,宝沃,BX7,,passed,/assets/used-cars/owner-presentation-v2/vehicle-borgward-bx7.webp,/assets/used-cars/owner-presentation-v2/vehicle-borgward-bx7.webp,white,28,relative,webp,800
vehicle-luxgen-5,brand-luxgen,纳智捷,纳5,passenger_car,approved,true,owned_reviewed_asset,纳智捷,纳5,,passed,/assets/used-cars/owner-presentation-v2/vehicle-luxgen-5.webp,/assets/used-cars/owner-presentation-v2/vehicle-luxgen-5.webp,white,28,relative,webp,800
vehicle-luxgen-6,brand-luxgen,纳智捷,优6 SUV,passenger_car,approved,true,owned_reviewed_asset,纳智捷,优6 SUV,,passed,/assets/used-cars/owner-presentation-v2/vehicle-luxgen-6.webp,/assets/used-cars/owner-presentation-v2/vehicle-luxgen-6.webp,white,28,relative,webp,800
vehicle-luxgen-7,brand-luxgen,纳智捷,大7 SUV,passenger_car,approved,true,owned_reviewed_asset,纳智捷,大7 SUV,,passed,/assets/used-cars/owner-presentation-v2/vehicle-luxgen-7.webp,/assets/used-cars/owner-presentation-v2/vehicle-luxgen-7.webp,white,28,relative,webp,800
vehicle-luxgen-7mpv,brand-luxgen,纳智捷,大7 MPV,passenger_car,approved,true,owned_reviewed_asset,纳智捷,大7 MPV,,passed,/assets/used-cars/owner-presentation-v2/vehicle-luxgen-7mpv.webp,/assets/used-cars/owner-presentation-v2/vehicle-luxgen-7mpv.webp,white,28,relative,webp,800
vehicle-luxgen-u5,brand-luxgen,纳智捷,U5 SUV,passenger_car,approved,true,owned_reviewed_asset,纳智捷,U5 SUV,,passed,/assets/used-cars/owner-presentation-v2/vehicle-luxgen-u5.webp,/assets/used-cars/owner-presentation-v2/vehicle-luxgen-u5.webp,white,28,relative,webp,800
vehicle-luxgen-urx,brand-luxgen,纳智捷,URX,passenger_car,approved,true,owned_reviewed_asset,纳智捷,URX,,passed,/assets/used-cars/owner-presentation-v2/vehicle-luxgen-urx.webp,/assets/used-cars/owner-presentation-v2/vehicle-luxgen-urx.webp,white,28,relative,webp,800
vehicle-luxgen-master,brand-luxgen,纳智捷,MASTER CEO,passenger_car,approved,true,owned_reviewed_asset,纳智捷,MASTER CEO,,passed,/assets/used-cars/owner-presentation-v2/vehicle-luxgen-master.webp,/assets/used-cars/owner-presentation-v2/vehicle-luxgen-master.webp,white,28,relative,webp,800
vehicle-ssangyong-korando,brand-ssangyong,双龙,柯兰多,passenger_car,approved,true,owned_reviewed_asset,双龙,柯兰多,,passed,/assets/used-cars/owner-presentation-v2/vehicle-ssangyong-korando.webp,/assets/used-cars/owner-presentation-v2/vehicle-ssangyong-korando.webp,white,28,relative,webp,800
vehicle-ssangyong-rexton,brand-ssangyong,双龙,雷斯特,passenger_car,approved,true,owned_reviewed_asset,双龙,雷斯特,,passed,/assets/used-cars/owner-presentation-v2/vehicle-ssangyong-rexton.webp,/assets/used-cars/owner-presentation-v2/vehicle-ssangyong-rexton.webp,white,28,relative,webp,800
vehicle-ssangyong-tivoli,brand-ssangyong,双龙,蒂维拉,passenger_car,approved,true,owned_reviewed_asset,双龙,蒂维拉,,passed,/assets/used-cars/owner-presentation-v2/vehicle-ssangyong-tivoli.webp,/assets/used-cars/owner-presentation-v2/vehicle-ssangyong-tivoli.webp,white,28,relative,webp,800
vehicle-ssangyong-actyon,brand-ssangyong,双龙,爱腾,passenger_car,approved,true,owned_reviewed_asset,双龙,爱腾,,passed,/assets/used-cars/owner-presentation-v2/vehicle-ssangyong-actyon.webp,/assets/used-cars/owner-presentation-v2/vehicle-ssangyong-actyon.webp,white,28,relative,webp,800
vehicle-ssangyong-kyron,brand-ssangyong,双龙,享御,passenger_car,approved,true,owned_reviewed_asset,双龙,享御,,passed,/assets/used-cars/owner-presentation-v2/vehicle-ssangyong-kyron.webp,/assets/used-cars/owner-presentation-v2/vehicle-ssangyong-kyron.webp,white,28,relative,webp,800
vehicle-ssangyong-rodius,brand-ssangyong,双龙,路帝,passenger_car,approved,true,owned_reviewed_asset,双龙,路帝,,passed,/assets/used-cars/owner-presentation-v2/vehicle-ssangyong-rodius.webp,/assets/used-cars/owner-presentation-v2/vehicle-ssangyong-rodius.webp,white,28,relative,webp,800
vehicle-faw-tianjin-xiali,brand-faw-tianjin,天津一汽,夏利,passenger_car,approved,true,owned_reviewed_asset,天津一汽,夏利,,passed,/assets/used-cars/owner-presentation-v2/vehicle-faw-tianjin-xiali.webp,/assets/used-cars/owner-presentation-v2/vehicle-faw-tianjin-xiali.webp,white,28,relative,webp,800
vehicle-faw-tianjin-xiali-n3,brand-faw-tianjin,天津一汽,夏利N3,passenger_car,approved,true,owned_reviewed_asset,天津一汽,夏利N3,,passed,/assets/used-cars/owner-presentation-v2/vehicle-faw-tianjin-xiali-n3.webp,/assets/used-cars/owner-presentation-v2/vehicle-faw-tianjin-xiali-n3.webp,white,28,relative,webp,800
vehicle-faw-tianjin-xiali-n5,brand-faw-tianjin,天津一汽,夏利N5,passenger_car,approved,true,owned_reviewed_asset,天津一汽,夏利N5,,passed,/assets/used-cars/owner-presentation-v2/vehicle-faw-tianjin-xiali-n5.webp,/assets/used-cars/owner-presentation-v2/vehicle-faw-tianjin-xiali-n5.webp,white,28,relative,webp,800
vehicle-faw-tianjin-xiali-n7,brand-faw-tianjin,天津一汽,夏利N7,passenger_car,approved,true,owned_reviewed_asset,天津一汽,夏利N7,,passed,/assets/used-cars/owner-presentation-v2/vehicle-faw-tianjin-xiali-n7.webp,/assets/used-cars/owner-presentation-v2/vehicle-faw-tianjin-xiali-n7.webp,white,28,relative,webp,800
vehicle-faw-tianjin-xiali-2000,brand-faw-tianjin,天津一汽,夏利2000,passenger_car,approved,true,owned_reviewed_asset,天津一汽,夏利2000,,passed,/assets/used-cars/owner-presentation-v2/vehicle-faw-tianjin-xiali-2000.webp,/assets/used-cars/owner-presentation-v2/vehicle-faw-tianjin-xiali-2000.webp,white,28,relative,webp,800
vehicle-faw-tianjin-weizhi,brand-faw-tianjin,天津一汽,威志,passenger_car,approved,true,owned_reviewed_asset,天津一汽,威志,,passed,/assets/used-cars/owner-presentation-v2/vehicle-faw-tianjin-weizhi.webp,/assets/used-cars/owner-presentation-v2/vehicle-faw-tianjin-weizhi.webp,white,28,relative,webp,800
vehicle-faw-tianjin-weizhi-v2,brand-faw-tianjin,天津一汽,威志V2,passenger_car,approved,true,owned_reviewed_asset,天津一汽,威志V2,,passed,/assets/used-cars/owner-presentation-v2/vehicle-faw-tianjin-weizhi-v2.webp,/assets/used-cars/owner-presentation-v2/vehicle-faw-tianjin-weizhi-v2.webp,white,28,relative,webp,800
vehicle-faw-tianjin-weizhi-v5,brand-faw-tianjin,天津一汽,威志V5,passenger_car,approved,true,owned_reviewed_asset,天津一汽,威志V5,,passed,/assets/used-cars/owner-presentation-v2/vehicle-faw-tianjin-weizhi-v5.webp,/assets/used-cars/owner-presentation-v2/vehicle-faw-tianjin-weizhi-v5.webp,white,28,relative,webp,800
vehicle-faw-tianjin-weizi,brand-faw-tianjin,天津一汽,威姿,passenger_car,approved,true,owned_reviewed_asset,天津一汽,威姿,,passed,/assets/used-cars/owner-presentation-v2/vehicle-faw-tianjin-weizi.webp,/assets/used-cars/owner-presentation-v2/vehicle-faw-tianjin-weizi.webp,white,28,relative,webp,800
vehicle-faw-tianjin-weile,brand-faw-tianjin,天津一汽,威乐,passenger_car,approved,true,owned_reviewed_asset,天津一汽,威乐,,passed,/assets/used-cars/owner-presentation-v2/vehicle-faw-tianjin-weile.webp,/assets/used-cars/owner-presentation-v2/vehicle-faw-tianjin-weile.webp,white,28,relative,webp,800
vehicle-faw-tianjin-junpai-d60,brand-faw-tianjin,天津一汽,骏派D60,passenger_car,approved,true,owned_reviewed_asset,天津一汽,骏派D60,,passed,/assets/used-cars/owner-presentation-v2/vehicle-faw-tianjin-junpai-d60.webp,/assets/used-cars/owner-presentation-v2/vehicle-faw-tianjin-junpai-d60.webp,white,28,relative,webp,800
vehicle-faw-tianjin-junpai-d80,brand-faw-tianjin,天津一汽,骏派D80,passenger_car,approved,true,owned_reviewed_asset,天津一汽,骏派D80,,passed,/assets/used-cars/owner-presentation-v2/vehicle-faw-tianjin-junpai-d80.webp,/assets/used-cars/owner-presentation-v2/vehicle-faw-tianjin-junpai-d80.webp,white,28,relative,webp,800
vehicle-faw-tianjin-junpai-a50,brand-faw-tianjin,天津一汽,骏派A50,passenger_car,approved,true,owned_reviewed_asset,天津一汽,骏派A50,,passed,/assets/used-cars/owner-presentation-v2/vehicle-faw-tianjin-junpai-a50.webp,/assets/used-cars/owner-presentation-v2/vehicle-faw-tianjin-junpai-a50.webp,white,28,relative,webp,800
vehicle-faw-tianjin-junpai-a70,brand-faw-tianjin,天津一汽,骏派A70,passenger_car,approved,true,owned_reviewed_asset,天津一汽,骏派A70,,passed,/assets/used-cars/owner-presentation-v2/vehicle-faw-tianjin-junpai-a70.webp,/assets/used-cars/owner-presentation-v2/vehicle-faw-tianjin-junpai-a70.webp,white,28,relative,webp,800
vehicle-faw-tianjin-junpai-cx65,brand-faw-tianjin,天津一汽,骏派CX65,passenger_car,approved,true,owned_reviewed_asset,天津一汽,骏派CX65,,passed,/assets/used-cars/owner-presentation-v2/vehicle-faw-tianjin-junpai-cx65.webp,/assets/used-cars/owner-presentation-v2/vehicle-faw-tianjin-junpai-cx65.webp,white,28,relative,webp,800
vehicle-isuzu-mux,brand-isuzu,五十铃,mu-X牧游侠,passenger_car,approved,true,owned_reviewed_asset,五十铃,mu-X牧游侠,,passed,/assets/used-cars/owner-presentation-v2/vehicle-isuzu-mux.webp,/assets/used-cars/owner-presentation-v2/vehicle-isuzu-mux.webp,white,28,relative,webp,800
vehicle-isuzu-dmax,brand-isuzu,五十铃,D-MAX,passenger_car,approved,true,owned_reviewed_asset,五十铃,D-MAX,,passed,/assets/used-cars/owner-presentation-v2/vehicle-isuzu-dmax.webp,/assets/used-cars/owner-presentation-v2/vehicle-isuzu-dmax.webp,white,28,relative,webp,800
vehicle-isuzu-lingtuo,brand-isuzu,五十铃,铃拓,passenger_car,approved,true,owned_reviewed_asset,五十铃,铃拓,,passed,/assets/used-cars/owner-presentation-v2/vehicle-isuzu-lingtuo.webp,/assets/used-cars/owner-presentation-v2/vehicle-isuzu-lingtuo.webp,white,28,relative,webp,800
vehicle-isuzu-ruimai,brand-isuzu,五十铃,瑞迈,passenger_car,approved,true,owned_reviewed_asset,五十铃,瑞迈,,passed,/assets/used-cars/owner-presentation-v2/vehicle-isuzu-ruimai.webp,/assets/used-cars/owner-presentation-v2/vehicle-isuzu-ruimai.webp,white,28,relative,webp,800
vehicle-karry-k50,brand-karry,开瑞,K50,passenger_car,approved,true,owned_reviewed_asset,开瑞,K50,,passed,/assets/used-cars/owner-presentation-v2/vehicle-karry-k50.webp,/assets/used-cars/owner-presentation-v2/vehicle-karry-k50.webp,white,28,relative,webp,800
vehicle-karry-k60,brand-karry,开瑞,K60,passenger_car,approved,true,owned_reviewed_asset,开瑞,K60,,passed,/assets/used-cars/owner-presentation-v2/vehicle-karry-k60.webp,/assets/used-cars/owner-presentation-v2/vehicle-karry-k60.webp,white,28,relative,webp,800
vehicle-karry-youyou,brand-karry,开瑞,优优,passenger_car,approved,true,owned_reviewed_asset,开瑞,优优,,passed,/assets/used-cars/owner-presentation-v2/vehicle-karry-youyou.webp,/assets/used-cars/owner-presentation-v2/vehicle-karry-youyou.webp,white,28,relative,webp,800
vehicle-karry-youjin,brand-karry,开瑞,优劲,passenger_car,approved,true,owned_reviewed_asset,开瑞,优劲,,passed,/assets/used-cars/owner-presentation-v2/vehicle-karry-youjin.webp,/assets/used-cars/owner-presentation-v2/vehicle-karry-youjin.webp,white,28,relative,webp,800
vehicle-karry-youya,brand-karry,开瑞,优雅,passenger_car,approved,true,owned_reviewed_asset,开瑞,优雅,,passed,/assets/used-cars/owner-presentation-v2/vehicle-karry-youya.webp,/assets/used-cars/owner-presentation-v2/vehicle-karry-youya.webp,white,28,relative,webp,800
vehicle-karry-youyi,brand-karry,开瑞,优翼,passenger_car,approved,true,owned_reviewed_asset,开瑞,优翼,,passed,/assets/used-cars/owner-presentation-v2/vehicle-karry-youyi.webp,/assets/used-cars/owner-presentation-v2/vehicle-karry-youyi.webp,white,28,relative,webp,800
vehicle-karry-youyou-ev,brand-karry,开瑞,优优EV,passenger_car,approved,true,owned_reviewed_asset,开瑞,优优EV,,passed,/assets/used-cars/owner-presentation-v2/vehicle-karry-youyou-ev.webp,/assets/used-cars/owner-presentation-v2/vehicle-karry-youyou-ev.webp,white,28,relative,webp,800
vehicle-karry-dolphin-ev,brand-karry,开瑞,海豚EV,passenger_car,approved,true,owned_reviewed_asset,开瑞,海豚EV,,passed,/assets/used-cars/owner-presentation-v2/vehicle-karry-dolphin-ev.webp,/assets/used-cars/owner-presentation-v2/vehicle-karry-dolphin-ev.webp,white,28,relative,webp,800
vehicle-yutong-bus-zk6126hg,brand-yutong-bus,宇通客车,ZK6126HG,large_bus,approved,true,owned_reviewed_asset,宇通客车,ZK6126HG,,passed,/assets/used-cars/owner-presentation-v2/vehicle-yutong-bus-zk6126hg.webp,/assets/used-cars/owner-presentation-v2/vehicle-yutong-bus-zk6126hg.webp,white,28,relative,webp,800
vehicle-faw-jiefang-j7,brand-faw-jiefang,一汽解放,J7,large_tractor,approved,true,owned_reviewed_asset,一汽解放,J7,,passed,/assets/used-cars/owner-presentation-v2/vehicle-faw-jiefang-j7.webp,/assets/used-cars/owner-presentation-v2/vehicle-faw-jiefang-j7.webp,white,28,relative,webp,800
vehicle-dongfeng-commercial-tianlong-kl,brand-dongfeng-commercial,东风商用车,天龙KL,large_truck,approved,true,owned_reviewed_asset,东风商用车,天龙KL,,passed,/assets/used-cars/owner-presentation-v2/vehicle-dongfeng-commercial-tianlong-kl.webp,/assets/used-cars/owner-presentation-v2/vehicle-dongfeng-commercial-tianlong-kl.webp,white,28,relative,webp,800
vehicle-dongfeng-commercial-tianjin-kr,brand-dongfeng-commercial,东风商用车,天锦KR,small_truck|large_truck,approved,true,owned_reviewed_asset,东风商用车,天锦KR,,passed,/assets/used-cars/owner-presentation-v2/vehicle-dongfeng-commercial-tianjin-kr.webp,/assets/used-cars/owner-presentation-v2/vehicle-dongfeng-commercial-tianjin-kr.webp,white,28,relative,webp,800
vehicle-sinotruk-howo-howo,brand-sinotruk-howo,中国重汽豪沃,HOWO,large_tractor|large_truck,approved,true,owned_reviewed_asset,中国重汽豪沃,HOWO,,passed,/assets/used-cars/owner-presentation-v2/vehicle-sinotruk-howo-howo.webp,/assets/used-cars/owner-presentation-v2/vehicle-sinotruk-howo-howo.webp,white,28,relative,webp,800
vehicle-sinotruk-howo-a7,brand-sinotruk-howo,中国重汽豪沃,HOWO A7,large_tractor|large_truck,approved,true,owned_reviewed_asset,中国重汽豪沃,HOWO A7,,passed,/assets/used-cars/owner-presentation-v2/vehicle-sinotruk-howo-a7.webp,/assets/used-cars/owner-presentation-v2/vehicle-sinotruk-howo-a7.webp,white,28,relative,webp,800
vehicle-sinotruk-howo-hanjiang,brand-sinotruk-howo,中国重汽豪沃,豪沃悍将,small_truck,approved,true,owned_reviewed_asset,中国重汽豪沃,豪沃悍将,,passed,/assets/used-cars/owner-presentation-v2/vehicle-sinotruk-howo-hanjiang.webp,/assets/used-cars/owner-presentation-v2/vehicle-sinotruk-howo-hanjiang.webp,white,28,relative,webp,800
vehicle-shacman-x6000,brand-shacman,陕汽重卡,X6000,large_tractor|large_truck,approved,true,owned_reviewed_asset,陕汽重卡,X6000,,passed,/assets/used-cars/owner-presentation-v2/vehicle-shacman-x6000.webp,/assets/used-cars/owner-presentation-v2/vehicle-shacman-x6000.webp,white,28,relative,webp,800
vehicle-shacman-x3000,brand-shacman,陕汽重卡,X3000,large_tractor|large_truck,approved,true,owned_reviewed_asset,陕汽重卡,X3000,,passed,/assets/used-cars/owner-presentation-v2/vehicle-shacman-x3000.webp,/assets/used-cars/owner-presentation-v2/vehicle-shacman-x3000.webp,white,28,relative,webp,800
vehicle-foton-auman-gtl,brand-foton-auman,福田欧曼,GTL,large_tractor|large_truck,approved,true,owned_reviewed_asset,福田欧曼,GTL,,passed,/assets/used-cars/owner-presentation-v2/vehicle-foton-auman-gtl.webp,/assets/used-cars/owner-presentation-v2/vehicle-foton-auman-gtl.webp,white,28,relative,webp,800
vehicle-foton-auman-etx,brand-foton-auman,福田欧曼,ETX,large_tractor|large_truck,approved,true,owned_reviewed_asset,福田欧曼,ETX,,passed,/assets/used-cars/owner-presentation-v2/vehicle-foton-auman-etx.webp,/assets/used-cars/owner-presentation-v2/vehicle-foton-auman-etx.webp,white,28,relative,webp,800
vehicle-jac-shuailing-n55,brand-jac-shuailing,江淮帅铃轻卡,帅铃N55,small_truck,approved,true,owned_reviewed_asset,江淮帅铃轻卡,帅铃N55,,passed,/assets/used-cars/owner-presentation-v2/vehicle-jac-shuailing-n55.webp,/assets/used-cars/owner-presentation-v2/vehicle-jac-shuailing-n55.webp,white,28,relative,webp,800
vehicle-jac-shuailing-shuailing-ii,brand-jac-shuailing,江淮帅铃轻卡,帅铃II,small_truck,approved,true,owned_reviewed_asset,江淮帅铃轻卡,帅铃II,,passed,/assets/used-cars/owner-presentation-v2/vehicle-jac-shuailing-shuailing-ii.webp,/assets/used-cars/owner-presentation-v2/vehicle-jac-shuailing-shuailing-ii.webp,white,28,relative,webp,800
vehicle-trailer-body-flatbed,brand-trailer-body,挂车（按车身形式）,平板半挂车,trailer,approved,true,owned_reviewed_asset,挂车（按车身形式）,平板半挂车,,passed,/assets/used-cars/owner-presentation-v2/vehicle-trailer-body-flatbed.webp,/assets/used-cars/owner-presentation-v2/vehicle-trailer-body-flatbed.webp,white,28,relative,webp,800
vehicle-trailer-body-drop-side,brand-trailer-body,挂车（按车身形式）,栏板半挂车,trailer,approved,true,owned_reviewed_asset,挂车（按车身形式）,栏板半挂车,,passed,/assets/used-cars/owner-presentation-v2/vehicle-trailer-body-drop-side.webp,/assets/used-cars/owner-presentation-v2/vehicle-trailer-body-drop-side.webp,white,28,relative,webp,800
vehicle-trailer-body-car-carrier,brand-trailer-body,挂车（按车身形式）,车辆运输半挂车,trailer,approved,true,owned_reviewed_asset,挂车（按车身形式）,车辆运输半挂车,,passed,/assets/used-cars/owner-presentation-v2/vehicle-trailer-body-car-carrier.webp,/assets/used-cars/owner-presentation-v2/vehicle-trailer-body-car-carrier.webp,white,28,relative,webp,800
vehicle-trailer-body-curtain-side,brand-trailer-body,挂车（按车身形式）,侧帘半挂车,trailer,approved,true,owned_reviewed_asset,挂车（按车身形式）,侧帘半挂车,,passed,/assets/used-cars/owner-presentation-v2/vehicle-trailer-body-curtain-side.webp,/assets/used-cars/owner-presentation-v2/vehicle-trailer-body-curtain-side.webp,white,28,relative,webp,800
vehicle-trailer-body-container,brand-trailer-body,挂车（按车身形式）,集装箱运输半挂车,trailer,approved,true,owned_reviewed_asset,挂车（按车身形式）,集装箱运输半挂车,,passed,/assets/used-cars/owner-presentation-v2/vehicle-trailer-body-container.webp,/assets/used-cars/owner-presentation-v2/vehicle-trailer-body-container.webp,white,28,relative,webp,800
vehicle-trailer-body-tanker,brand-trailer-body,挂车（按车身形式）,罐式半挂车,trailer,approved,true,owned_reviewed_asset,挂车（按车身形式）,罐式半挂车,,passed,/assets/used-cars/owner-presentation-v2/vehicle-trailer-body-tanker.webp,/assets/used-cars/owner-presentation-v2/vehicle-trailer-body-tanker.webp,white,28,relative,webp,800
vehicle-trailer-body-box,brand-trailer-body,挂车（按车身形式）,厢式半挂车,trailer,approved,true,owned_reviewed_asset,挂车（按车身形式）,厢式半挂车,,passed,/assets/used-cars/owner-presentation-v2/vehicle-trailer-body-box.webp,/assets/used-cars/owner-presentation-v2/vehicle-trailer-body-box.webp,white,28,relative,webp,800
